source1_entity_id	country	business_name	business_address	true_ids	predicted_ids	missed_by_blocking
S1-100013446	US	Mentor Family Partners Inc.	8187 Johnnycake Ridge Road, Mentor, OH	S2-897330944,S3-132361624,S3-236069335,S3-424328578,S3-82726044	S3-424328578	S3-132361624,S3-236069335
S1-100297277	US	Trinity Presbyterian Church Inc	1011 Memorial Boulevard, Murfreesboro, TN	S2-438976515,S3-525499199,S3-842337871		S2-438976515,S3-525499199,S3-842337871
S1-10034519	US	Spencer Mitsui	11635 Halsey Street, Portland, OR	S2-201039176,S3-392313230,S3-746189447		S3-392313230,S3-746189447
S1-10060884	US	Innovative National Permian Inc.	3155 Mount Pleasant Street, Unit 203, Washington, DC	S2-611643851,S3-157716646,S3-881210996	S3-157716646	S2-611643851,S3-881210996
S1-100622896	US	Graham and Bacon Biotech Inc	723 R Samoset Road, Eastham, MA	S2-106295791,S2-311375976,S2-964936784,S3-50369419	S3-50369419	S2-106295791,S2-311375976,S2-964936784
S1-101357065	US	Atkinson, Hall and Aguila LLC	9612 Cooper Church Dr, Unit 301, Louisville, KY	S2-607064424,S2-677011907,S2-713130113,S3-943148274		S2-607064424,S2-677011907,S2-713130113,S3-943148274
S1-101470273	US	Dockins College	287 Meridian Street, Unit 3, Boston, MA	S2-56013287,S3-278231221,S3-710681737		S2-56013287,S3-278231221,S3-710681737
S1-1017478	US	Hedi B. Pascoe, MD	Fishers, 10631 Misty Hollow Lane, IN	S2-591362130,S3-38514494,S3-408718705,S3-555504899		S2-591362130,S3-38514494,S3-408718705,S3-555504899
S1-101795242	US	Solorio Crystal Scuti	9731 Mueck Terrace, Fl 0, Saint Louis, MO	S2-365928843,S3-194561131,S3-588925135,S3-775145345	S3-194561131,S3-588925135	S2-365928843,S3-775145345
S1-102468728	US	Family Network Associates	2050 Road 124, Unit 1, County, WY	S2-186720885,S2-641104126,S2-825440604,S3-485009959,S3-709381687,S3-778011702		S2-186720885,S2-641104126,S2-825440604,S3-485009959,S3-709381687,S3-778011702
S1-10246997	India	Supreme It Private Limited	K.V.Rangareddy, Serilingampally, Plot98, Kancha Gachibowli, Hno.2-55/Kgb/98/4F, Telangana	S2-735625550,S3-292660089,S3-419006489,S3-511225875,S3-623768286		S2-735625550,S3-292660089,S3-419006489,S3-623768286
S1-102772243	US	Northern Apex Ligand PC	3698 Miramonte Drive, Lima, OH	S2-125901050,S3-561831891	S2-125901050	S3-561831891
S1-10355359	US	Peak National Floating LLC	Unit Unit 16, 807 Knox Avenue, MO, Hollister	S2-449485076,S2-643345184,S3-778581389	S2-643345184	S2-449485076,S3-778581389
S1-103909101	US	Primary Care Health Inc.	2914 Tweed Court, Lewis Center, OH	S2-470653107,S3-387280607,S3-43081198,S3-585983569,S3-662226069	S2-470653107,S3-387280607,S3-43081198,S3-585983569	S3-662226069
S1-104244632	US	Charil Ford Chs P.C.	7263 Rice Road, Lowville, NY	S2-230455654,S2-917846136,S3-197888324,S3-521703085,S3-764348609	S2-917846136	S2-230455654,S3-197888324,S3-521703085,S3-764348609
S1-105992713	US	Hein & Ohara LP	27012 Pondside Point, OH, Olmsted Township	S2-848594437,S3-228903665,S3-567224651	S3-567224651	S2-848594437,S3-228903665
S1-106337225	India	GEN Materials Pvt Ltd	28/1454 D, Hazel, Vazhipok Road, Kozhikode, Kerala	S2-201875942,S2-564835226,S2-748524369,S3-720263054		S2-201875942,S2-564835226,S2-748524369
S1-106691856	India	Shyam Impex	Block No. 287, Nr. Anjani, Petrol Pump, Kamrej, Surat, Gujarat	S2-326820428,S2-731626575,S3-103013930,S3-104020997,S3-211732230,S3-95432780	S2-326820428	S2-731626575,S3-103013930,S3-104020997,S3-211732230
S1-106768821	US	Elfie Tidwell Preferred Cslm LLC	303 Railroad Avenue, Murray, KY	S2-267183566,S2-528240396,S2-79882791,S3-68836078		S2-267183566,S2-79882791,S3-68836078
S1-106902371	India	Fortune Media Private Limited	1384, Shukrawar Peth, Pune, Maharashtra	S2-842218665,S3-337035497,S3-769927559		S3-769927559
S1-107368305	US	JPK Armada LLC	Corvallis, 298 2nd Street, MT	S2-198853834,S2-519572297,S3-123873753,S3-138829696,S3-165123514,S3-394031669	S3-165123514	S2-198853834,S2-519572297,S3-123873753,S3-138829696,S3-394031669
S1-107867575	US	Rona B. Finn, DMD, P.C.	9807 Sweetberry Lane, Tomball, TX	S2-59423438,S3-238154253,S3-795946905	S3-795946905	S2-59423438,S3-238154253
S1-108291379	US	Althea Klem Dynamic Direct LLC	AL, Montgomery, 61 Pickett Street	S2-341697872,S2-923743223,S3-961328931		S2-341697872,S2-923743223,S3-961328931
S1-108784573	India	Apex Shree Construction Pvt Ltd	No.2, Ayyanar Koil St., Koranade, Mayiladuthurai, Koranade, Kanyakumari-609 002, Tamil Nadu	S2-158502228,S2-242548079,S2-255320027,S2-90090951,S3-139637150,S3-926956731		S2-158502228,S2-242548079,S2-255320027,S2-90090951,S3-926956731
S1-110328461	India	Gold Developers Private Limited	#82/1B, Flat No. 205, 2Nd Floor Panathur Main Road, Bangalore, Karnataka	S2-528250575,S2-997681597,S3-328161883	S2-161339565,S2-997681597,S3-328161883	S2-528250575
S1-11035510	US	A Platinum Guaranty LLC	Salt Lake City, UT, 242 Coatsville Avenue	S2-523712610,S2-584046566		S2-523712610,S2-584046566
S1-110659118	India	Jade Sports Corp	Plot No-679, Khandagiri, Near Sum Ultimate, Bhubaneswar, Khordha, Orissa	S2-445917655,S2-853791673,S3-124394777,S3-881444914		S2-445917655,S2-853791673,S3-124394777,S3-881444914
S1-111176764	India	Santushti Calcutta Pvt. Ltd.	Flat No.102, Parijat Palace Sector-12, Indira Nagar, Lucknow, Uttar Pradesh	S2-669652841,S2-83404036,S3-730704348		S2-669652841,S2-83404036,S3-730704348
S1-11229830	India	First Tech Private Limited	38/262, Rajat Path, Madhyam Marg, Jaipur, Rajasthan	S2-612748330,S2-934821233,S3-336764587,S3-642464735	S2-369083044	S3-336764587,S3-642464735
S1-112526361	US	Family Center	510 Burnham Court, Fl 1, Rainier, WA	S2-145868678,S2-186863229,S2-758261896,S3-390250058,S3-576959530	S2-145868678,S2-393046309,S2-751347429,S3-390250058,S3-406636288,S3-754063984,S3-871217751	S2-186863229,S2-758261896,S3-576959530
S1-112970665	India	Seth Brothers Corporation	No.737, 6Th Block, Dr. Rajkumar Road Rajaji Nagar, Karnataka, Bangalore, Bengaluru	S2-437993001,S3-760739538,S3-907864523		S2-437993001,S3-760739538,S3-907864523
S1-113344773	US	South Unified Abacus	1336 Barry Avenue, Chicago, IL	S2-322193181,S2-398854641,S3-855267656		S2-322193181,S2-398854641,S3-855267656
S1-11381822	US	Roberts High Corp	6722 Langston Run, Canfield, OH	S2-542230989,S3-215418532,S3-321539901,S3-605850968		S2-542230989,S3-215418532,S3-321539901,S3-605850968
S1-113866786	US	Historical League	614 Perdido Drive, Garland, TX	S2-184287817,S2-198771722,S2-202881330,S2-724914600,S3-319282526,S3-81820906	S2-198771722,S2-202881330,S3-851024050	S2-184287817,S2-724914600,S3-319282526,S3-81820906
S1-114047365	US	Guglielma Calderon Mid	1238 Park Street, Unit Apartment 1, Syracuse, NY	S2-466016543,S2-512011792,S3-523400552,S3-738224046	S3-523400552	S2-466016543,S2-512011792,S3-738224046
S1-114478315	US	Orthopedic Medicine PLLC	526 12th Avenue, Seattle, WA	S2-931795365,S3-636946179,S3-770765291		S2-931795365,S3-636946179,S3-770765291
S1-114897132	India	Vijay Technology Private Limited	Neem Ki Gali, Nayon Ka Bad, Veer Mohlla, Jodhpur, Rajasthan	S2-251015284,S2-748356492,S3-574194304,S3-666157514	S2-748356492,S3-574194304	S2-251015284,S3-666157514
S1-115271968	India	Anukampa Ventures Limited	Ring Road Vill Kilokari, South Delhi, Delhi, H No-1 S/F Pvt No S-1, New Delhi	S2-965720203,S3-368727192,S3-581757477		S2-965720203,S3-368727192,S3-581757477
S1-115530064	US	E K Keys Diversified LLC	446 16th Avenue, East Moline, IL	S2-916890720,S3-637333422,S3-896654640		S2-916890720,S3-637333422,S3-896654640
S1-115823119	US	Nexis Iron	3828 Whitechapel Arch, Chesapeake City, VA	S2-195182321,S3-373168612,S3-555810713	S3-373168612	S2-195182321,S3-555810713
S1-116306563	India	Growth Infotainment Pune City	Office No. 201, 2Nd Floor, Global Square Cts No - 1505, S. No. 247 And 14B, P. No. 2, Yerwada, Pune, Pune City, Pune, Maharashtra	S2-784057412,S2-867115281,S3-207620106	S2-867115281	S2-784057412,S3-207620106
S1-116376132	US	Bush's Holdings	380 Dogtown Road, Townsend, DE	S2-111783102,S2-459715522,S2-535530697,S2-819611073	S2-535530697	S2-111783102,S2-459715522,S2-819611073
S1-116780940	US	Gerrilee's Investments Group	1000 Pennsylvania Avenue, Jeffersonville, IN	S2-41052056,S2-593944503,S3-314224906,S3-561767605,S3-591166831,S3-829816880,S3-957497844	S2-41052056,S3-561767605,S3-957497844	S2-593944503,S3-314224906,S3-591166831,S3-829816880
S1-118193135	India	India On (India) Private Limited	#135, 13Th Cross, 11Th Main Near Cluny Convert School, Malleshwaram, Bangalore, Karnataka	S2-220799773,S3-27849627,S3-922411046		S2-220799773,S3-922411046
S1-118210633	US	Buchan, Kristal C., M.D., PC	416 Redbud Drive, Kuttawa, KY	S2-513545804,S2-669363877,S3-823728949,S3-825654076	S2-513545804	S2-669363877,S3-823728949,S3-825654076
S1-118273524	US	Associated Nutrition Studios	1700 Lexington Avenue, Unit Unit 304, Lilydale, MN	S2-44666065,S2-88016976,S3-879977603		S2-44666065,S2-88016976,S3-879977603
S1-118609448	India	Services Bhandari Nidhi Limited	12-2-819/3 To 6, Flat No 101, Classic Residency, Mehdipatnam, Asifnagar, Hyderabad, Telangana	S2-121568462,S2-425268931,S2-465810112,S3-557997745,S3-961108065	S2-425268931,S2-465810112	S2-121568462,S3-557997745,S3-961108065
S1-119162962	US	Cohee's Heritage Pet Care	12711 Ravensong Drive, Cypress, TX	S2-425629323,S3-156855837		S2-425629323,S3-156855837
S1-119200990	India	Linchpin & Associates Company	A-131 Wazirpur Industrial Area, New Delhi, North Delhi, Delhi	S2-295408886,S2-562534048,S3-178738031,S3-276584068		S2-295408886,S2-562534048,S3-178738031,S3-276584068
S1-121213864	India	Apex Technology Private Limited	H.No.8-3-191/107, 153/C, 3Rd Floor Vengalrao Nagar, Ameerpet, Hyderabad, Telangana	S2-218295969,S2-475427384,S2-838821478,S2-934588369,S3-501378178		S2-218295969,S2-475427384,S2-838821478,S2-934588369,S3-501378178
S1-121427884	US	Leslie Compania	N7941 Lac Labelle Drive, Town Of Ixonia, WI	S2-711487103,S2-814350301,S2-843815499,S2-931498434,S2-937123843	S2-814350301,S2-843815499,S2-931498434	S2-711487103,S2-937123843
S1-121895324	India	Gujarat Technology Private Limited	Gujarat, Vadodara, Office 616 Neptune Edge Sarabhai Compound Village	S3-369158173,S3-490622219		S3-369158173,S3-490622219
S1-122950329	US	Adrea's Solutions	912 Portland Street, Birmingham, AL	S2-364348036,S2-418196403,S2-597553011,S3-298628196,S3-368259469,S3-587406769,S3-696875789	S2-597553011,S2-912422053,S3-298628196	S2-364348036,S2-418196403,S3-368259469,S3-587406769,S3-696875789
S1-123530336	India	Ram Consulting Private Limited	Sy No.21/3, Tirupalya Main Road, Bangalore South, Bangalore, Karnataka	S2-275543741,S3-74212891		S2-275543741,S3-74212891
S1-12463567	India	Connect Vidyalaya	Door No. 49/479, 480, 481 Kaniyampuzha Road, Vyttila P.O, Ernakulam, Kerala	S2-404514589,S2-814059708,S3-142414495		S2-404514589,S2-814059708,S3-142414495
S1-124740659	US	National Cayson Clinic	23-25 Whitestone Expressway, Whitestone, NY	S2-541989271,S3-969550667		S2-541989271,S3-969550667
S1-124851183	India	Best Fortune Food Pvt Ltd	F-5, 1St Floor Gautam Nagar, New Delhi, Delhi	S2-146522975,S3-140988147,S3-418415343,S3-795980232	S3-418415343	S2-146522975,S3-140988147,S3-795980232
S1-125052681	US	Behavioral Health Associates Inc	1324 Fairmount Avenue, Joliet, IL	S2-3573892,S3-72340228,S3-762831719,S3-84737494	S2-265006197,S2-3573892,S3-430377668	S3-72340228,S3-762831719,S3-84737494
S1-126324832	US	Stewart, Bruno and Burcham One L.L.C.	2607 Edison Brook Lane, Missouri City, TX	S2-180723672,S2-633935864,S2-671946459,S3-14502117		S2-180723672,S2-633935864,S2-671946459,S3-14502117
S1-126691365	US	Macias Learning Center	4000 Lakeshore Drive, Newburgh, IN	S2-127859903,S2-531357206,S3-25958825,S3-982321943	S2-127859903	S2-531357206,S3-25958825,S3-982321943
S1-126884543	India	Super Infrastructure Pvt Ltd	#795 2Nd Floor, Above, Kusum Medical Store, Ambala, Haryana	S2-364175516,S2-514326544,S2-662563528,S3-134904847,S3-244327114,S3-743072024	S2-364175516,S3-244327114	S2-514326544,S2-662563528,S3-134904847,S3-743072024
S1-127385024	US	Rozalie K. Cornett, D.D.S., PC	904 12th Street, Bonham, TX	S3-930583863		S3-930583863
S1-127915842	India	Twinkle Engineering Private Limited	5-47/3, Chandanagar, Hyderabad, Telangana	S2-166090626,S2-941318117,S3-329449291		S2-166090626,S2-941318117,S3-329449291
S1-128142654	US	Bolden and Melanson Inc.	Alliance, 1034 Glenwood Drive, OH	S2-944871119,S2-976238304,S3-768026241	S2-944871119	S2-976238304,S3-768026241
S1-12880112	US	Mauldin Lifestyle LLC	324 Old Creek Road, Malvern, AR	S2-189207850,S3-672714118,S3-813603139	S3-813603139	S2-189207850,S3-672714118
S1-128866808	US	Mari Stamm, DO	457 Highway 76, White House, TN	S2-625750988,S2-798574913,S2-973992590,S3-857888252	S2-625750988	S2-798574913,S2-973992590,S3-857888252
S1-129615052	India	Krishna (India) Tracon Pvt Ltd	454 Saipuram Colony, Sadar, Gorakhpur, Uttar Pradesh	S2-682906547,S3-81228680	S3-81228680	S2-682906547
S1-129632534	India	Shree Finance Private Limited	Roomno 318 'C'Wing 1St Floorvashi Plaza, Navi Mumbai, Maharashtra	S2-345944094,S2-780642926,S3-741144480	S2-345944094	S2-780642926,S3-741144480
S1-131098144	US	Tyler & Gonzalez Emerging	1604 Morningside Drive, Unit B, Burlington, NC	S2-831381474,S3-247330420,S3-377621127,S3-787165287	S3-787165287	S2-831381474,S3-247330420,S3-377621127
S1-131228492	US	Children's Program	8874 Meadow Hills Drive, Fl 1, Scottsdale, AZ	S2-327942225,S2-982190397,S3-135161599,S3-865992265	S2-327942225,S2-483429284,S2-704078862,S3-865992265	S2-982190397,S3-135161599
S1-132408602	US	Shamblin Chain	22 Miller Road, Danby, NY	S2-70263792,S3-368291699	S3-368291699	S2-70263792
S1-132755150	India	Jaipuria Brothers Private Limited	C-2, F-2, Simran Recidency-Iii Punjabi Bagh, Govindpura, Bhopal, Madhya Pradesh	S2-452679483		S2-452679483
S1-133600144	India	ISI Foundation Private Limited	Village & P.O. Bhalia P.S.Arambagh, Hooghly, Arambagh, Hooghly, West Bengal	S2-329007526,S2-690994158,S3-110636941,S3-690887637,S3-696274544,S3-834499457		S2-329007526,S2-690994158,S3-110636941,S3-690887637,S3-696274544,S3-834499457
S1-134203745	US	Jackson, Mills & Grube LLC	156 Maxwell Avenue, NY, Rochester	S2-323570118,S2-702656597,S3-972821358	S2-323570118	S2-702656597,S3-972821358
S1-134562208	India	Golden Dream Trading Private Limited	117, North Civil Lines, Muzaffar Nagar, Uttar Pradesh	S3-405938722		S3-405938722
S1-134904457	India	Vision Engineering LLP	Office No. 201 Plot No-20, 3Rd Floor, Tower Karkardooma Community Centre-5, East Delhi, Delhi	S3-722522188,S3-725956889		S3-722522188,S3-725956889
S1-13492488	US	Advanced Electronics Brands Corp	18901 Grape Seed Cove, Austin, TX	S2-620344057,S2-8306042,S2-857904926,S3-229589685,S3-850397099	S2-620344057,S2-857904926	S2-8306042,S3-229589685,S3-850397099
S1-134946760	US	Steelworkers Local Union 70	8208 River Park Road, Bowie, MD	S2-423466077,S2-759821999,S3-123598642		S2-423466077,S2-759821999,S3-123598642
S1-134988582	India	Yamuraj Overseas Private Limited	Flat No. B-202, Bhakti Park, Near Imax Big Cinema, Anik Wadala Link Road, Wadala (East), Mumbai, Maharashtra	S2-465387386,S3-143491736,S3-501101203,S3-992528642		S2-465387386,S3-143491736,S3-501101203,S3-992528642
S1-135111741	India	Amrit Impex Private Limited	G1-34 Riico Industrial Area Baran, Baran, Rajasthan	S2-631225921,S2-693318967,S3-408073707,S3-706282232,S3-883419633	S2-631225921,S2-693318967	S3-408073707,S3-706282232,S3-883419633
S1-135836780	India	Anz Hospitality of Bangalore Private Limited	67/1 Sri Ranga Complex, Nettakallappa Circle, Bangalore, Karnataka	S2-856171312,S3-200529139,S3-685801985	S3-200529139,S3-685801985	S2-856171312
S1-136114230	India	Indorama Inn (India) Ltd	Ground Floor, Bearing No.102, In Pocket-15, Rohini Sector-22, Delhi, North West Delhi, Delhi	S2-550687702,S2-722080926,S2-938168304,S3-179205508,S3-30981967,S3-999667114	S2-550687702	S2-722080926,S2-938168304,S3-30981967,S3-999667114
S1-136402158	US	Historical Fund Associates	Unit 1010, Surprise, AZ, 15240 142nd Avenue	S2-956821729,S3-373228760,S3-609954827		S3-373228760,S3-609954827
S1-136600913	India	Alwar Queen Pvt Ltd	Education Department, Delhi Road Mungaska Colony Near Sent Anslam School, Alwar, Rajasthan	S2-432066644,S3-119988082,S3-4281561,S3-878932437	S2-432066644,S3-119988082,S3-4281561	S3-878932437
S1-136664061	India	NBS Global	D 1091, New Friends Colony, Mathura Road, New Delhi, Delhi	S2-550999526,S3-10019276	S2-550999526	S3-10019276
S1-136852652	India	Karimnagar Impex	H.No.7-1-16, Beside Two Town Police Station, Mankammathota, Karimnagar, Nellore, Telangana	S2-103018805,S2-104656927,S3-14356777,S3-774064386		S2-103018805,S2-104656927,S3-14356777,S3-774064386
S1-137572798	US	Mccauley and Lorenzo LLC	Gleneagle, CO, 14995 Crooked Spur Lane	S3-190614586		S3-190614586
S1-137852528	US	Cameron Textiles of Felton	416 Kimberly Way, Felton, DE	S3-604229778		S3-604229778
S1-138634743	US	Vision Pioneer Group LLC	315 Wavel Street, De Witt, NY	S2-592687337,S3-50791993	S2-592687337	S3-50791993
S1-138691309	US	Ear Nose & Throat Medicine LLC	2301 Bradley Road, Westlake, OH	S2-128222408,S2-429037226,S3-47935115,S3-832560918,S3-933982698,S3-960746831	S3-832560918,S3-933982698	S2-128222408,S2-429037226,S3-47935115,S3-960746831
S1-138943093	India	Sanwaria Mantra Limited	W-77, Regency Park-Ii, Dlf City, Phase-Iv, Gurgaon, Haryana	S2-93567866,S3-995563810	S2-93567866	S3-995563810
S1-138973894	US	Calhoun Bio LLC	7234 Lancaster Avenue, Portland, OR	S2-291103802,S2-498974913,S2-876805281,S3-937417670	S2-291103802,S2-876805281	S2-498974913,S3-937417670
S1-139167501	US	Heard, Jennings and Ippolito Long Inc.	IL, Peoria, 5508 Merrimac Avenue	S2-333525648,S2-356912887,S2-517496940,S3-372790502,S3-879876350,S3-898460388	S2-333525648,S2-517496940,S3-372790502,S3-879876350	S2-356912887,S3-898460388
S1-139464010	India	Chennai Rock Private Limited	Tamil Nadu, Chennai, Plot No 253, Vishnupriya Nagar, Morai Village, Avadi, Chennai	S2-751726014,S3-273955496,S3-602595975,S3-847182508	S2-751726014	S3-602595975,S3-847182508
S1-140804630	US	Federal Marine Studios Inc	Texas City, 3138 1st Avenue, TX	S2-401151820,S2-545078974,S3-283720140		S2-401151820,S2-545078974,S3-283720140
S1-141411015	India	Green Nursing Home	Pareswar Sahi, Jobra Label Crossing Sid Road, Cuttack, Orissa	S2-412356780,S2-730146089,S3-281727665,S3-52037539		S2-412356780,S2-730146089,S3-281727665,S3-52037539
S1-141966787	India	Sunrise Agro Private Limited	S/O Hari Chand Mehar Chan, Kh No 416/2 Vill-Ghitorni, New Delhi, South West Delhi, Delhi	S2-401993708,S2-625338464,S3-852558776		S2-401993708,S2-625338464,S3-852558776
S1-142824130	India	Digital Silver Software Private Limited	New Delhi, 29, Hanuman Road New Delhi, New Delhi, Delhi	S2-552038432,S2-582566542,S2-666249347,S3-960245640		S2-552038432,S2-582566542,S2-666249347,S3-960245640
S1-143170351	India	Rrs Retail Limited	Rajendra Prasadramai Patti Sadar, Mirzapur, Uttar Pradesh	S2-385193530,S2-704512843,S3-196304041,S3-847295900,S3-996690825		S2-385193530,S2-704512843,S3-196304041,S3-847295900,S3-996690825
S1-144327216	India	Services Sas Equipment Private Limited	Khairatabad, Hyderabad, Iii Floor, 6-2-913/914, Khairtabad, Progressive Towers, Telangana	S3-677140681,S3-746996414,S3-973227313		S3-677140681,S3-746996414,S3-973227313
S1-144598918	US	Atlantic Institute of Technology	MA, 66 Montague City Road, Greenfield	S2-933591935,S3-460080973,S3-811061264,S3-865259531		S2-933591935,S3-460080973,S3-865259531
S1-145726087	US	Liberty Holding Company	101 Shell Drive, Unit 309, Watsonville, CA	S2-307586908,S2-419505862,S3-269734939,S3-45577071,S3-900898392	S2-307586908,S3-45577071	S2-419505862,S3-269734939,S3-900898392
S1-146169575	US	Cheema School of Medicine Inc	21 Tulip Avenue, Pontoon Beach, IL	S2-51400139,S2-666080048,S2-829379582,S3-410134172	S2-829379582,S3-410134172	S2-51400139,S2-666080048
S1-1462148	US	Raify Worldwide Inc	Glouster, OH, 31 Maple Street	S2-367254584,S2-970197270,S3-238517160,S3-260285770,S3-787217924		S2-367254584,S2-970197270,S3-260285770,S3-787217924
S1-148931	US	EFK Telephone LLC	Homer Glen, 14323 Surrey Court, IL	S2-367091742,S3-391673598	S3-391673598	S2-367091742
S1-148963055	India	Good Modern Construction Limited	M 103 Ground Floor Greater Kailash I, New Delhi, South Delhi, Delhi	S2-128308961,S2-37196030,S2-413027424,S2-937102951,S3-16735511,S3-502873517,S3-885380021	S2-128308961,S3-502873517	S2-37196030,S2-413027424,S2-937102951,S3-16735511,S3-885380021
S1-149212274	US	Vision Specialists	4301 18th Avenue, Bldg Duplex 103, Pine Bluff, AR	S2-248008701,S3-26284540		S2-248008701,S3-26284540
S1-149922172	US	American Resources LLC	Brooklyn, 1732 Flatbush Avenue, NY	S2-41431116,S2-588867973,S3-208607670,S3-356387025,S3-880758389,S3-940381140	S2-41431116,S3-880758389	S2-588867973,S3-208607670,S3-356387025,S3-940381140
S1-150249082	US	Internal Medicine Care P.C.	404 Heatherton Lane, Unit B, Rural Hall, NC	S2-215361685,S2-501986933,S2-841475629,S3-920983345	S3-920983345	S2-215361685,S2-501986933,S2-841475629
S1-150938440	India	Chennai Laboratory Private Limited	Door No 56 Second Floor Arcot Road Valasaravakkam, Chennai, Tamil Nadu	S2-371284201,S2-576580924,S3-356652464,S3-782436939	S2-576580924	S2-371284201,S3-356652464,S3-782436939
S1-151024047	US	Apex Cal LLC	4602 Waycross Drive, Houston, TX	S2-204150611,S2-447912591,S3-14988680,S3-704101316	S2-447912591,S3-14988680	S3-704101316
S1-151024719	India	My Global Private Limited	14/103, Nri Complex, Seawoods Estate, Nerul, Navi Mumbai, Maharashtra	S2-245391490,S3-254732499,S3-552468198		S2-245391490,S3-254732499
S1-151037322	US	T 2 Supreme Short Corporation	10475 75th Avenue, Unit 135, Peoria, AZ	S2-526085676,S2-60649410,S3-2151539,S3-385911422	S2-60649410	S2-526085676,S3-385911422
S1-153085883	US	Renelle Wright Red	OH, Unit 322, 9220 Worthington Road, Westerville	S2-344958573,S3-435190913,S3-856799247	S2-344958573,S3-435190913	S3-856799247
S1-153351638	US	Diamond Analytics Technologies Inc	Woodlawn, 2441 Snapshot Road, IL	S2-385841832,S2-415785916,S2-475386886,S2-951010090,S3-529225868,S3-576117820,S3-617718947	S2-951010090,S3-529225868,S3-617718947	S2-415785916,S2-475386886,S3-576117820
S1-153540296	US	Onyx Inc	2361 Millvale Court, Cincinnati, OH	S2-38722211,S3-323871039,S3-620782438	S2-258759387,S2-38722211,S3-323871039,S3-64447019	S3-620782438
S1-153620101	India	Skyrise Services Limited	Bld. No-G, Flat No-404, Vrajvila Residency, Village: Simadi, Taluka: Kamrej, Surat, Gujarat	S2-713944506,S2-910036960,S3-97384689	S2-910036960,S3-97384689	
S1-153712363	US	Ellison and Maciejewski LLC	60 Kingston Street, Rochester, NY	S2-263207864,S3-839612402		S2-263207864,S3-839612402
S1-153944687	India	Alpha Constructions Private Limited	Gujarat, Tapi Arcade, Opp, Aastha Medicare, Abrama, Chorasi, Surat, 212	S2-623595682,S2-996262447,S3-390900958,S3-563840527,S3-877696129		S2-623595682,S2-996262447,S3-390900958,S3-563840527,S3-877696129
S1-154322189	India	Seven Builders Private Limited	110, 111, And 112, First Floor, Block Ii, White House, Kundanbagh, Secunderabad, Hyderabad, Telangana	S2-580500148,S2-726503372,S3-287190574,S3-30801321,S3-31642699		S2-580500148,S2-726503372,S3-287190574,S3-30801321,S3-31642699
S1-155589031	India	Creative Engineering Private Limited	Office No.401, A Wing, Vishnu Office Premises Co-Operative Society Ltd, Plot No.36, Sector 15, Cbd Belapur, Thane, Maharashtra	S2-509378145,S2-819176020,S2-901286039,S3-674692815		S2-509378145,S2-819176020,S2-901286039,S3-674692815
S1-156456497	India	Money & Co	27-B, Ii Flor, Kailash Colony Extension, New Delhi, Central Delhi, Delhi	S2-718799225,S3-474027302,S3-614548910,S3-692397545,S3-710287174,S3-89419637	S2-718799225,S3-474027302,S3-710287174	S3-614548910,S3-692397545,S3-89419637
S1-156754332	US	Othelia Jones, DMD	MN, 2767 Upland Lane, Plymouth	S3-347474690		S3-347474690
S1-158376071	India	Sigma Traders Private Limited	F.M-05, First Floor Mansarovar Complex Hoshangabad Road, Bhopal, Madhya Pradesh	S2-298118446,S2-39106297,S2-803965175,S3-440992965		S2-298118446,S2-39106297,S2-803965175,S3-440992965
S1-159285677	US	Northwind	Plymouth, 502 Inman Road, NY	S2-155654035,S2-741712427,S2-831793066,S3-977450013	S2-741712427,S2-831793066	S2-155654035,S3-977450013
S1-159453129	US	Select Opportunity	1721 Hazelnut Street, Foley, AL	S2-44977236,S2-803162705,S3-298893361,S3-749702418	S2-803162705,S3-298893361,S3-749702418	S2-44977236
S1-159616546	India	Om Construction Limited	G. No. 45, Nerli Tal. Karveer, Kolhapur, Maharashtra	S2-598480731,S3-275529977		S2-598480731,S3-275529977
S1-159944042	India	Developers Prem Resources Ltd	77/617, Haribhau Rupwate Marg, Road No.1, Motilal Nagar 1, Near Siddharth Hospital, Gorega, On (West), Mumbai, Mumbai City, Maharashtra	S2-657253348,S2-796915604,S3-675082737	S2-657253348	S2-796915604,S3-675082737
S1-160261668	India	Finetech Investment LLP	Puthiyottil(H), Kururkadavu, C/O Jisha, Koyilandi, Kozhikode, Kerala	S2-153616109,S2-572487992,S3-938708203		S2-572487992,S3-938708203
S1-160374634	India	Universal Foods	New Delhi, H. No.- 92 A, Delhi, South Delhi, Madangir Village, New Delhi	S2-649481583,S3-186531123,S3-559330587,S3-853591536	S3-254652484	S2-649481583,S3-186531123,S3-559330587
S1-160484654	India	Chingleput Homewares Pvt. Ltd.	Flat No1204 Oceanic Rajiv, Gandhi Salai Egattur, Chingleput, Kanchipuram, Tamil Nadu	S2-556530648,S2-699507230,S3-237249413,S3-47048328		S2-556530648,S2-699507230,S3-237249413,S3-47048328
S1-161139637	India	Classic Foods Limited	Smt Vandana W/O Rajesh Awasthi S.No.21, First Floor, Patni Complex, Chhindwara, Madhya Pradesh	S2-682050498,S2-799278061,S3-149448429,S3-78331833	S3-78331833	S2-682050498,S2-799278061,S3-149448429
S1-161197464	India	Eds Corporate Private Limited	Delhi, A 31A First Floor, West Delhi, Ring Road, Rajouri Garden, New Delhi	S2-111444275,S2-277838884,S3-493245601,S3-802261642	S2-111444275	S2-277838884,S3-493245601,S3-802261642
S1-161275517	US	National Mountain Charlton	1904 Abrams Parkway, Dallas, TX	S2-198834992,S2-925826384,S3-103605931,S3-612305603,S3-900323958	S2-925826384,S3-103605931,S3-900323958	S2-198834992,S3-612305603
S1-16174449	India	Ruvi Services Pvt Ltd	Gorakhpur, H.No.- 219-G, Pipaldanha, Near Kali Mandir Kurna Ghat, Uttar Pradesh, Gorakhpur	S2-400138667,S3-13270271,S3-524358143	S3-13270271	S2-400138667,S3-524358143
S1-162172493	India	Tower Polytechnic	41, 3Rd Cross, 4Th Main, Vinayaka Layout, Near Dominos Pizza, Bangalore North, Bangalore, Karnataka	S2-212331404,S2-397044597,S3-175302627		S2-212331404,S2-397044597
S1-162444674	India	Kunnathunad Associates Care	Iv/70 M, 2Nd Floor, K.M.V Arcade, Puthuppanam, Kunnathunad, Ernakulam, Kerala	S3-39786037,S3-918189312	S3-918189312	S3-39786037
S1-163768058	US	Ha Sachs Care	1414 Clear Water Circle, Unit UNIT 1F, IL, Round Lake Beach	S2-493668769,S3-605338098		S3-605338098
S1-164106740	US	Sterling Wellness Studios LLC	2707 Brook Drive, Quincy, IL	S3-935525998		S3-935525998
S1-164791966	India	Thinking Law Chambers Limited	No. 136, Annapurna Bhawan, Kurji Telephone Exchange Road, Patna, Bihar	S2-682522959,S3-186319927,S3-419423534	S2-682522959	S3-186319927,S3-419423534
S1-164976042	US	Brockway & Spinale Onfolio Inc.	2622 27th Street, Zion, IL	S2-756324438,S3-388017441,S3-61607417,S3-674914474		S2-756324438,S3-388017441,S3-61607417,S3-674914474
S1-164979886	US	Surgical Care of City Of Wilson	804 Woodard Street, City Of Wilson, NC	S2-472464142,S2-606152556		S2-472464142,S2-606152556
S1-164987651	US	Chiropractic Advanced Medicine LLC	1151 Pisco Lane, Oxnard, CA	S3-269711008,S3-285387900	S3-269711008	S3-285387900
S1-165209699	India	Perfect Healthcare Pvt Ltd	Flat No.210, 8-3-945, Sri Nilaya Enclave, Yellareddyguda, Ameerpet, Hyderabad, Telangana	S2-312073149,S3-944206723		S3-944206723
S1-165303814	US	Le Best Nano	155 Tamarack Street, Sisters, OR	S2-147587039,S2-269865725,S2-575658972,S2-761305721,S2-83476333,S3-324522840,S3-659387409	S2-83476333,S3-659387409	S2-147587039,S2-269865725,S2-575658972,S2-761305721,S3-324522840
S1-16593223	US	City Of	East Pennsboro Township, PA, 28 Beale Avenue	S2-848801687,S3-266392492,S3-767604852	S3-266392492,S3-756385061	S2-848801687,S3-767604852
S1-167309117	US	Lyra LLC	4538 Millers Creek, Pikeville, KY	S2-610745649,S3-858246723	S3-858246723	S2-610745649
S1-167451506	US	Hunt and Flanders LLC	MT, Glendive, 420 Merrill Avenue	S2-481513988,S2-888795896,S3-303874050		S2-481513988,S2-888795896,S3-303874050
S1-167577793	US	SHA Willow, LLC	410 48th Avenue, Bellwood, IL	S2-365577776,S2-567363865,S3-844357757		S2-365577776,S2-567363865,S3-844357757
S1-167685830	US	Equinox Allstate LLC	35419 Dry Road, Unit 62, Albemarle, NC	S2-549965183,S2-918605826,S3-462175314	S2-549965183	S2-918605826,S3-462175314
S1-167796904	India	Sree Jain Properties Private Limited	5 180, Mythrinagar Madinaguda Phase 2, Chandanagar, Hyderabad, Telangana	S2-260023588,S2-898459402,S3-354787765		S2-260023588,S2-898459402,S3-354787765
S1-168120685	US	Anvil Edison Inc.	9890 Highland Avenue, Unit UNIT A, Rancho Cucamonga, CA	S2-406954946		S2-406954946
S1-168205981	India	Deposits Servicesprivate Ltd	657, Behind Barsaiya Glass House Vijay Nagar, Behind Idbi Bank, Jabalpur, Madhya Pradesh	S2-126239306,S2-646532741,S3-266165274,S3-371894302		S2-126239306,S2-646532741,S3-266165274,S3-371894302
S1-168899450	India	International Consultants Limited	Flat No. - 101, Moti Kunj Appartment Mangalam Road, Saguna, Patna, Bihar	S2-249570783,S2-617795643,S3-76728886		S2-249570783,S2-617795643,S3-76728886
S1-1691905	India	RJZ Edutech Private Limited	Plot No. 2 Near Reliance, Tower, Balaji Nagar, Jodhpur, Rajasthan	S2-702686600		S2-702686600
S1-170101396	US	Highland Qdro LLC	39 Stone Bluff Drive, Canyon, TX	S2-780644755,S3-975851363		S2-780644755,S3-975851363
S1-170327822	India	Jay Infotech Limited	I-612-Bajpai Nagar-1, T.P-1 Beside Radheshyam Resi., Village- Sevasi, Vadodara, Gujarat	S2-282849980,S2-503001131,S2-712532688,S3-175345623,S3-965792583	S2-712532688	S2-282849980,S2-503001131,S3-965792583
S1-171194059	US	Foot & Ankle Physicians Inc	114 Chukker Drive, Sportsmen Acres, OK	S2-514883011,S3-535988564	S2-789700803	S2-514883011
S1-172340166	India	Marigold Education Private Limited	001 Royal Challenge C Bldg Mira Bhayander Road, Mira Road East Behind Jalaja Hotel, Vasai, Thane, Maharashtra	S2-705529788,S3-120026096,S3-265705004,S3-495710712,S3-644769691,S3-986247880	S2-705529788	S3-120026096,S3-265705004,S3-495710712,S3-644769691,S3-986247880
S1-172533448	India	White Infrastructure Limited	110, 10D Crpss, 2 Stage West Of Chord Road, 2 Stage, Bangalore, Karnataka	S2-951112908,S3-320952455		
S1-172580461	India	Jaipur Electronics Pvt Ltd	394, Pocket F, Sarita Vihar, New Delhi, Central Delhi, Delhi	S2-189927026,S2-252402647	S2-189927026	S2-252402647
S1-172665850	US	Everest LLC	1933 Stewart Avenue, Kansas City, KS	S3-522743746	S2-118283673,S2-225024563,S2-333797723,S2-573092169,S2-650185612,S3-243566975,S3-522743746,S3-678116102	
S1-17270364	US	Brandt's Communications	1651 New Jersey Avenue, Washington, DC	S2-488304865,S3-620990010,S3-77368636	S2-488304865,S3-620990010	S3-77368636
S1-17277593	US	Office of Labor	1917 Nantucket Drive, Lorain, OH	S2-700643567,S3-215454248,S3-232921158,S3-243961782	S2-107559195,S2-278871964,S2-464890953,S3-232921158	S2-700643567,S3-215454248,S3-243961782
S1-172809901	US	102 Commerce Place Realty Center	CA, Carmichael, 5146 Patti Jo Drive	S2-527137606,S3-691099702		S2-527137606,S3-691099702
S1-173127425	India	Glen Movers	Pl No-46 A, A Block, Fl No-Sf02, Rampur, Uttar Pradesh	S2-817688792,S2-896617921,S3-16435678,S3-625073645	S2-896617921	S2-817688792,S3-16435678,S3-625073645
S1-173539421	US	Tricia Ellington, DDS, PC	1024 Cherokee Boulevard, Knoxville, TN	S2-561370401,S2-681640951,S3-28690170,S3-707983447	S2-681640951	S2-561370401,S3-707983447
S1-174759135	India	Azamgarh Computer Private Limited	Shekhpura Baddopur, Azamgarh, Uttar Pradesh	S2-14131738,S3-231732045,S3-410922397,S3-849530855	S3-231732045,S3-410922397	S2-14131738,S3-849530855
S1-174945947	US	Commercial Textile Associates Inc	147 Rounds Street, New Bedford, MA	S2-129451846,S2-493752720,S3-249663267,S3-978363924		S2-129451846,S2-493752720,S3-249663267,S3-978363924
S1-175139369	US	Commercial Design Dynamics	16 White Plains Road, White Plains, NY	S2-319443974,S2-4633749,S2-729341745,S2-782367589	S2-782367589	S2-319443974,S2-4633749,S2-729341745
S1-175733426	US	Powell's Retail	1761 85th Street, Town Of Somerset, WI	S2-551910081,S2-659485657,S3-585747970,S3-869765016	S3-585747970,S3-869765016	S2-551910081,S2-659485657
S1-176083684	US	Anchor Midwest End Inc	229 Grannery Lane, Upper Gwynedd Township, PA	S2-109746504,S2-263805821,S2-768649716,S3-610086593,S3-713242265,S3-759384548,S3-785481516,S3-929678255	S2-768649716,S3-713242265	S2-109746504,S2-263805821,S3-610086593,S3-759384548,S3-785481516,S3-929678255
S1-177507244	US	Commission on Consumer Affairs	AR, 451 Lakeland Drive, Hot Springs, Unit Unit F2	S2-42681376,S3-626435593	S2-269852279	S2-42681376,S3-626435593
S1-177830705	India	Vijay International Energy Pvt Ltd	202 Apsara Co Op Hsg Ltdn C P A Complex Nariman Point, Mumbai, Maharashtra	S2-427091396,S3-360120720,S3-579696899		S2-427091396,S3-360120720,S3-579696899
S1-177893214	India	Spurthi India Private Limited	601, Madhya Pradesh, Mahalaxmi Nagar, Sector Mr-5, Indore, Near Bombay Hospital	S2-379173781,S2-989017317,S3-497208387		S2-379173781,S2-989017317,S3-497208387
S1-178314292	India	International Emir Auto Corporation	Karnataka, No. 594/4/2, 1St Floor, Anjanadri Complex, Opp To Bds Nagar, Bangalore, Bangalore North	S2-656802517		S2-656802517
S1-178832501	US	Allied Software Inc	1014 Onslow Drive, Greensboro, NC	S2-114336881,S2-359312434,S2-919187494,S3-2700785,S3-298263816,S3-75946310,S3-942424864	S2-114336881	S2-359312434,S2-919187494,S3-2700785,S3-298263816,S3-75946310,S3-942424864
S1-179116944	India	Pune-411004. Infratech Corporation	93/5A, Erandawane, Pune., Pune, Maharashtra	S2-527456518,S2-602166598,S3-553007244,S3-629830637,S3-92452612	S3-553007244	S2-527456518,S2-602166598,S3-629830637,S3-92452612
S1-179816004	India	Chennai Solutions Pvt Ltd	'Raji' 3B1, 3Rd Floor, Gaiety Palace No1L, Blackers Road, Mount Road, Chennai, Tamil Nadu, Chennai	S2-40075436,S2-609588678,S2-625222625,S3-325407101,S3-47791714,S3-985449229	S2-609588678,S2-625222625	S2-40075436,S3-325407101,S3-985449229
S1-181803399	US	Back Alley Massage	32 Leonard Street, Canton, MA	S2-231216342,S2-589336464,S2-674513836,S3-891410932	S2-34789897,S2-589336464,S2-674513836,S2-943865500	S2-231216342,S3-891410932
S1-183240731	US	Choice Logistics International LLC	401 Jackson Street, Lynchburg City, VA	S2-364266112,S2-441436526,S3-373300549,S3-466489916,S3-647800701	S2-441436526	S2-364266112,S3-373300549,S3-466489916,S3-647800701
S1-183330479	US	Cornerstone Token LLC	333 Freckles Road, Kalispell, MT	S2-21528990,S3-550042616,S3-922585724	S3-550042616	S2-21528990,S3-922585724
S1-183633262	US	Mcclain Signature Culture	4539 Tanglewood Drive, City Of Holladay, UT	S2-291389287,S3-65850175,S3-751108368	S2-291389287,S3-65850175	S3-751108368
S1-183754074	India	Shree Ventures	Sant Dnyaneshwar Nagar, Chittegaon Tq Paithan, Aurangabad, Maharashtra	S2-699762797,S3-62472330,S3-682141290		S3-62472330,S3-682141290
S1-183947204	India	Cocoa Technology Private Limited	4Th Floor, Sh-407, F.P. No.50, Silverstone Arcade, Singanpore, Causeway Road, Surat, Gujarat	S2-233407029,S3-244162381,S3-92037012,S3-958924278	S2-233407029,S3-244162381,S3-958924278	S3-92037012
S1-183949212	India	Prama Classes-Haveli	Kalpanamati Housing Socy, Fno B-9 152/1B/3 Aundh Rd, Haveli, Pune, Maharashtra	S2-579075046,S2-832396316,S3-195944497		S2-579075046,S2-832396316,S3-195944497
S1-184575367	India	Rk Law Chambers	222, Old No. 87, Basement, Village Neb Sarai, South Delhi, Delhi	S2-100752202,S3-381402217,S3-606655209	S2-100752202	
S1-184704682	US	Golden Cleaning Service Inc	2805 La Loma Drive, Unit APT 47, Rancho Cordova, CA	S2-593949277		S2-593949277
S1-18544721	US	Metro Cambridge LLC	111 Arrowhead Trail, Stanford, KY	S2-32294429,S2-435696416,S3-141422677,S3-792081306,S3-875317039	S3-141422677	S2-32294429,S2-435696416,S3-792081306,S3-875317039
S1-185557796	India	Great Bright Enterprises Private Limited	Office-701 Kamdhenu23, Westpi-A-10/2A-11Mithane, Thane, Maharashtra	S2-506908193,S3-150834744,S3-337818853	S3-337818853	S2-506908193,S3-150834744
S1-185889178	US	United Trust	1158 Cotillion Drive, Murfreesboro, TN	S2-16466911,S3-714555581	S2-456325905,S3-714555581	S2-16466911
S1-185903746	India	New Delhi Systems Private Limited	J-4/119, Khirki Extension, Delhi, New Delhi, South West Delhi	S2-14759148,S3-12288340,S3-808795386,S3-854429919,S3-917423713	S2-631474000,S2-950427776,S3-241303474,S3-396295999,S3-808795386,S3-961050914	S2-14759148,S3-12288340,S3-854429919,S3-917423713
S1-186349199	India	Consulting Miracle India Private Limited	Executive Zone, Shakthi Towers, 1, 766, Anna Salai, Chennai, Tamil Nadu	S2-380256122,S2-605854152,S2-717159309,S3-922568594,S3-927759367	S2-380256122,S2-605854152,S2-717159309	S3-922568594,S3-927759367
S1-187005037	US	Romero, Jeanna F., P.A.	IL, La Grange, 1 Plainfield Road	S2-386394668,S2-693698801,S2-861666095,S3-139080252,S3-634033692	S2-693698801	S2-386394668,S2-861666095,S3-139080252,S3-634033692
S1-187393954	US	Family Empire Medicine	Scottsdale, Unit STE 6, 10405 Scottsdale Road, AZ	S3-23285206,S3-753323730,S3-94839761		S3-23285206,S3-753323730,S3-94839761
S1-187472372	US	Ear Nose & Throat Piedmont Physicians, Inc	8402 Glencross Street, Houston, TX	S2-410574467,S3-184663994,S3-210541845,S3-815813258	S2-410574467,S3-815813258	S3-184663994,S3-210541845
S1-188016632	US	Capone Medical Center	Hamilton, 2727 Fairfield Ridge Drive, OH	S3-390876066,S3-447112571,S3-481702641	S3-481702641	S3-390876066,S3-447112571
S1-188046288	US	Sequoia Couriers	9815 Marino Drive, Cincinnati, OH	S2-883125087,S2-906240412,S3-437259464,S3-809702521	S2-883125087,S3-437259464	S2-906240412
S1-188337340	US	Lambert Perfect	3300 Schwartz Court, Street, MD	S2-282358954,S2-53441390,S3-361285492		S2-53441390,S3-361285492
S1-189211880	India	Dharwad Enterprises Ltd	Kumar Krupa, Plot No 23 Tapovan Nagar Near Nehru Nagar Bus Stop, Dharawd, Dharwad, Dharwar, Karnataka	S2-297898181,S2-662587209,S3-942575146		S2-297898181,S2-662587209,S3-942575146
S1-18948101	US	BN Limited	229 Satcher Lane, Denton, NC	S2-433692492,S2-666958035,S2-903871185,S3-554685261	S2-433692492,S2-666958035,S3-554685261	S2-903871185
S1-190516581	US	Advanced Athene	North Hills, NY, 298 Starling Court	S2-23629312,S3-617092474,S3-749332936	S2-23629312,S3-617092474	S3-749332936
S1-190785586	India	Monarch Charitable Trust	205 Sterling Centrealkapuri, Vadodara, Gujarat	S2-750084002,S3-102805052		S2-750084002,S3-102805052
S1-191077786	India	AMT Promoters Pvt Ltd	D-22, Indrapuri Lal Kothi, Vidhan Sabha Road, Jaipur, Rajasthan	S2-262717854,S3-238591915,S3-876858225	S2-262717854	S3-238591915,S3-876858225
S1-192194902	US	Lopes's Patriot Manufacturing LLC	231 Nandina Court, Fayetteville, NC	S2-982959862,S2-999812900,S3-717623717,S3-85216012	S2-982959862,S2-999812900	S3-717623717,S3-85216012
S1-192213481	US	1280 Madison Drive Owners Corp Inc	2337 Oxnard Boulevard, Oxnard, CA	S2-234791000,S2-332179176,S2-779265891,S3-191037255,S3-824637968,S3-834659092	S2-234791000,S3-191037255	S2-332179176,S3-824637968,S3-834659092
S1-192622665	India	Good Business Private Limited	Buxar, Bihar, Golamdar, Hanuman Mandir, C/O: Shri Daroga Sah	S2-320103956,S2-34223895,S2-382958346,S2-863661681,S3-22625472		S2-320103956,S2-34223895,S2-382958346,S3-22625472
S1-193172649	India	Pune Beverages Private Limited	Landge Nagar Bhosari, Pune, Maharashtra, S N 94/2/1 Nasik Road	S3-505013741,S3-514662764,S3-593636584,S3-604127640,S3-974295886		S3-505013741,S3-514662764,S3-593636584,S3-604127640,S3-974295886
S1-193201251	India	Shiv One Infra Private Limited	C/703 Plot -10, Vidya, Sankalp Sahaniwas Zone-Iv Goregaon East, Mumbai, Mumbai City, Maharashtra	S2-246291048,S2-282916692,S3-101601744,S3-303740089	S2-246291048	S2-282916692,S3-101601744,S3-303740089
S1-193379219	India	Fortuna & Co	D-5, Pushpam Co Op Hsg Soc, Gorai 1 Plot No. 34, Borivali West, Mumbai, Mumbai City, Maharashtra	S2-127902822,S2-385249149,S2-50055782,S3-679996038		S2-127902822,S2-385249149,S2-50055782,S3-679996038
S1-193608951	US	United Sound LLC	835 Nichols Street, Springfield, MO	S2-546224731,S2-748409751,S2-834469378,S2-872877486,S3-241347533,S3-396593113,S3-477366614,S3-790243656,S3-952713878	S2-546224731,S2-834469378,S2-872877486,S3-790243656	S2-748409751,S3-241347533,S3-396593113,S3-477366614,S3-952713878
S1-19387069	US	Olinger Beacon Plum LLC	113 Milliken Hill Lane, Dallas, WV	S2-199634358,S2-872513932,S2-992901987,S3-50332416		S2-199634358,S2-872513932,S2-992901987,S3-50332416
S1-194597470	India	Proton Care Private Limited	Maharashtra, Unit 8, Thane, Kalyan, Bldg-A Usha Joshi, Park, Jkt Kumbhar Pada	S2-154629756,S2-503918079		S2-154629756,S2-503918079
S1-195411144	US	Reliable Value Citizens	1012 Willow Ridge Drive, Knightdale, NC	S2-992155545,S3-567242846	S2-992155545	S3-567242846
S1-195576772	US	Nodynex Inc	44 Cloos Road, Bristol, CT	S2-699984353,S2-763995988,S3-667768701,S3-958414663	S3-667768701,S3-958414663	S2-699984353,S2-763995988
S1-195681732	US	Danika's Data	Yakima, Bldg COLONIAL LAWN & GARDEN, 4705 Tieton Drive, WA	S2-12568964,S2-851776241,S3-327802482,S3-733664199,S3-778581532	S3-733664199	S3-327802482,S3-778581532
S1-195954276	US	Professional Creative Global	80 Broadway, North Attleborough, MA, Unit 57	S2-926572939,S3-260406819,S3-490936980,S3-553311231,S3-631231798,S3-661309165		S2-926572939,S3-260406819,S3-490936980,S3-553311231,S3-631231798,S3-661309165
S1-195992932	India	Girdhar Virtual (India) Pvt Ltd	Shop No.50, Marwadi Samshan Bhumi, Latur, Maharashtra	S2-245479792,S2-613489626,S3-892599619		S2-245479792,S2-613489626,S3-892599619
S1-196013783	India	Switch Technologies Private Limited	26/3, New Palasia Suraj Sadan, Indore, Madhya Pradesh	S2-731340842,S2-768661132,S2-981159650,S3-436457735		S2-731340842,S2-768661132,S2-981159650,S3-436457735
S1-198698803	US	Chambers & Foster P.C.	TN, Arlington, 7090 Pleasant Ridge Road	S2-707942070,S3-29746580		S2-707942070,S3-29746580
S1-199103809	US	QXP Delta Obic LLC	7010 Stone Mountain Road, Gosport, IN	S2-443005681,S3-404939553,S3-509251864	S2-443005681	S3-404939553,S3-509251864
S1-19957450	US	Zavosoft	7833 Loxley Drive, Fayetteville, NC	S2-271703955,S2-439770663,S3-305710332,S3-581902261	S2-439770663,S3-305710332	S2-271703955,S3-581902261
S1-199794840	India	Innocent Seeds Private Limited	Bangalore, Snr Complex, Karnataka, 2Nd Floor Basavanagar Road, Hoodi, Bangalore	S3-584976252,S3-596721,S3-78272929		S3-584976252,S3-78272929
S1-200390374	India	All Management	Telangana, Shaikpet, Swamy Ayyappa Society, Flat No 202 Plot No 1091, Hyderabad	S2-180765179,S2-672613829,S3-293288543,S3-606737753,S3-656714878		S2-180765179,S2-672613829,S3-293288543,S3-606737753,S3-656714878
S1-200713977	US	Phillips Living L.L.C.	25 Sunset Lane, Pikeville, TN	S2-260551976,S2-692678437,S2-970573564,S3-418413983	S3-418413983	S2-260551976,S2-692678437,S2-970573564
S1-201164797	India	Urban Enterprises Private Limited	Plot No.44, Apparel Export Park, Autonagar, Gajuwaka, Vishakhapatnam, Andhra Pradesh	S2-23326904,S2-821401730,S2-949836576,S3-181504277,S3-898533484		S2-23326904,S2-821401730,S2-949836576,S3-181504277,S3-898533484
S1-201285030	US	Diamond Aimei	1110 Lambeth Street, Thomasville, NC	S2-47343626,S2-495582733,S3-276544308,S3-391564690,S3-81623092,S3-845231324	S2-47343626,S2-495582733,S2-964786530,S3-391564690	S3-276544308,S3-81623092,S3-845231324
S1-201306479	India	First It Private Limited	25/6, Prabhat Monmotho Sarani Po - Haltu, Kolkata, Kolkata, Howrah, West Bengal	S2-297786179,S2-777726496,S2-823887887	S2-297786179	S2-777726496,S2-823887887
S1-20143179	India	Charms Power Limited	Haryana, Megha Mall Golf Course Road, Gurgaon, Lg-21, Gurgaon	S2-340852485,S2-58096938,S3-33911892		S2-340852485,S2-58096938,S3-33911892
S1-201649143	US	Solent Storage Inc	3264 Oneonta Road, California Ky, KY	S2-18923352,S2-796659655,S3-350029394,S3-459834268	S3-350029394,S3-459834268	S2-18923352,S2-796659655
S1-201948550	US	Big Deli Partners	11 Hanneford Road, Queensbury, NY	S2-378242436,S3-722131312	S3-703716181	S2-378242436,S3-722131312
S1-202022419	US	Garcia & Aguilar System	404 Locksley Court, Fort Worth, TX	S2-585146793,S2-78561659,S3-649008089		S2-585146793,S2-78561659,S3-649008089
S1-202059912	India	Satvichar Institute of Technology	H.No.6-204/1, Ground Floor, Main Road, Bethamcherla Mandal, Bethamcherla, Kurnool, Andhra Pradesh	S2-880386431,S2-949473744,S3-626503850,S3-645387245,S3-724318102		S2-880386431,S2-949473744,S3-626503850,S3-645387245,S3-724318102
S1-202523173	US	Precision Technical Concepts Inc	156 Whitburn Place, Newark, DE	S2-343315695,S2-503904801,S3-475147063,S3-785979091	S2-503904801	S2-343315695,S3-785979091
S1-202705865	India	Bangalore Digital Limited	Brigade Palmsprings J.P Nagar 7Th Phase(Opp To Hakunamatata), Karnataka, Bangalore, No.B-1207, Bangalore	S2-127532929,S2-587691372,S2-817656284,S3-348325243,S3-730765211		S2-127532929,S2-587691372,S2-817656284,S3-348325243,S3-730765211
S1-203479026	India	Baba Industries Private Limited	C/O Devidas R Patil, Sidharth Nagar, Near St Workshop, D G Tukum, Chandrapur, Maharashtra	S2-328486127,S2-505584363,S3-467410851,S3-770429475,S3-923793989,S3-979572101	S2-505584363	S3-770429475,S3-923793989,S3-979572101
S1-2035089	US	Cox Guaranty	6019 Cathedral Road, Spotsylvania County, VA	S2-849751005,S3-339463740,S3-737824038,S3-990221671	S2-849751005,S3-339463740,S3-990221671	S3-737824038
S1-204077808	US	Sweet Auto Body	615 Comal Avenue, Fort Worth, TX	S2-590154619,S2-601088618,S3-274824673,S3-34044082,S3-399627074	S2-601088618	S2-590154619,S3-274824673,S3-34044082,S3-399627074
S1-204182722	India	VX Medicare Associates	51/2056, Sandram, Thenguvila Lane, Poozhikkunnu, Thiruvananthapuram, Thiruvananthapuram, Trivandrum, Kerala	S2-383783543,S2-940330306,S3-635497162,S3-928407284	S3-635497162	S2-383783543,S2-940330306,S3-928407284
S1-204440144	India	Lotus Nursing Home Ltd	Uttar Pradesh, Near Tanakpur Line, Moh. Surbhi Colony, Pilibhit	S2-103612838,S2-52598464,S2-956519513,S3-505336488,S3-577632995,S3-928385549	S3-928385549	S2-103612838,S2-52598464,S2-956519513,S3-505336488,S3-577632995
S1-205026566	US	Babs Bauman Mfa	909 Jersey Avenue, Ogdensburg, NY	S2-929494193,S2-96802555,S3-644412368,S3-985977500		S2-929494193,S2-96802555,S3-644412368,S3-985977500
S1-205245616	India	Kb & Co	205, Vishwa, R.B.Mehta Road, Ghatkopar East, Mumbai City, Maharashtra	S2-456531212,S3-647773137		S2-456531212,S3-647773137
S1-205762739	US	Pantoja Better Micro LLC	305 Pearl Street, Thorntown, IN	S2-136755650,S2-184449236,S2-585798843,S2-670958935,S2-944275032,S3-603640357	S2-136755650,S2-184449236,S2-670958935	S2-585798843,S2-944275032,S3-603640357
S1-205826489	India	Tirupati Producer (India)	35-D Mill Road Palani, Coimbatore Dist, Coimbatore, Tamil Nadu	S2-619875262,S3-928986078		S2-619875262,S3-928986078
S1-206120342	US	Villegas and Kramer Inc	1235 27th Avenue, Anchorage, AK	S2-316658817,S2-554092121,S2-585067431,S3-795012922		S2-316658817,S2-554092121,S2-585067431,S3-795012922
S1-207776375	India	Prantech Industries Private Limited	Choudhary Brij Lal Street Club Road, Sangrur, Punjab	S2-237672174,S2-458484877,S3-54391383	S2-237672174	S2-458484877,S3-54391383
S1-208008281	US	Literacy Federation	Girard, KS, 146 130 Street	S2-197449829,S2-556473090,S3-178323296,S3-763765216	S2-197449829,S2-556473090	S3-178323296,S3-763765216
S1-208402633	US	Professional Packaging Concepts LLC	Maiden, NC, 2401 Oak Valley Lane	S2-228313548,S3-446403369,S3-564603665,S3-790369364	S3-446403369,S3-790369364	S2-228313548,S3-564603665
S1-208570296	India	Krishna Technologies Private Limited	3Rd Floor, Sec 25, Akshar Business Park, L-3038, Maharashtra, Thane	S2-265752180,S2-559300176,S3-506252563,S3-620497058,S3-809850772		S2-265752180,S2-559300176,S3-506252563,S3-620497058,S3-809850772
S1-208667782	US	Plumbers Local 717	4553 Aspenwood Trail, Minnetonka, MN	S2-346420308,S3-545535400	S3-545535400	S2-346420308
S1-208766396	India	Vaibhav & Co	Simbhaoli Hapur, Ghaziabad, Uttar Pradesh	S2-265027569,S2-395955064,S3-445799918,S3-733532277,S3-825794320,S3-829672722	S2-265027569,S3-825794320	S2-395955064,S3-733532277,S3-829672722
S1-209456886	India	Products Kbc Rural Private Limited	Bangalore North, No 201, Karnataka, Bangalore, Sterling Heights, 139, Infantry Road, Opp The Hindu	S2-825499912,S3-201350697,S3-980953411	S2-825499912	S3-201350697,S3-980953411
S1-210361025	US	Heritage Learning Ventures Partners	5600 Mendocino Boulevard, Sacramento, CA	S2-100242793,S2-904234592,S3-476997017,S3-745290274	S3-745290274	S2-100242793,S2-904234592,S3-476997017
S1-210387607	US	Physical Therapy Supreme Health	1823 Birch Avenue, City Of Tomahawk, WI	S2-149524120,S2-176723655,S2-835372622,S2-97229059,S3-127438306	S2-835372622,S3-127438306	S2-149524120,S2-176723655,S2-97229059
S1-211311074	India	New Food	G.No 509/1A, Plot No 41, Near Param Palace Swam, Nashik, Maharashtra	S2-637654756,S2-840584365,S3-116405310,S3-254275834,S3-263659221,S3-742721339	S2-637654756,S3-254275834	S2-840584365,S3-742721339
S1-211330267	India	Megna Financial (India) Pvt. Ltd.	Flat 2508, Rosa Bella Building, Kavesar, Waghbill, Thane, Maharashtra	S2-489198026,S2-796791648,S3-141371869		S2-489198026,S2-796791648,S3-141371869
S1-212328657	US	Piedmont Trust	7051 Bayton Place, Bldg 1, New Albany, OH	S3-216668455,S3-490778373,S3-500692983,S3-500867289,S3-754643604	S3-500867289	S3-216668455,S3-490778373,S3-500692983,S3-754643604
S1-212446298	US	Dental Care Associates of Hanover County	7165 Ellerson Mill Road, Hanover County, VA	S2-217737931,S2-995270376,S3-395942028,S3-570275472,S3-927910594		S2-217737931,S2-995270376,S3-395942028,S3-570275472,S3-927910594
S1-213375151	India	New & Co	Govind Park Society, Plot No-B.73 Ground Floor, Gujarat, Surat City, Surat	S2-163220365,S3-478503651,S3-555808237,S3-571046374	S3-571046374	S2-163220365,S3-478503651,S3-555808237
S1-213381670	US	Zuzana Caceres Networks, LLC	1 Boulder Way, Boylston, MA	S2-878349544,S3-180013656,S3-453037900,S3-796486507		S2-878349544,S3-180013656,S3-453037900,S3-796486507
S1-213657032	India	Whitefield India Pvt Ltd	Padam C.H.S. Ltd. Near Registration Office, Natakwala Lane, Off. S. V. Road, Borival, I (West), Maharashtra, A-1, Mumbai	S2-124334972,S2-892603853,S3-670117001		S2-124334972,S2-892603853
S1-21385351	US	Silver Transit Brands LLC	3676 Rosindale Road, NC, Clarkton	S2-318672418,S2-510679763,S3-131815396		S2-318672418,S2-510679763,S3-131815396
S1-214076844	India	Consultants Turf Gulf Private Limited	S. No. 32/2/1, H. No. 1048, Gulabnagar, Saikunj, Dhankawadi, Pune, Maharashtra	S2-18447012,S2-345330274,S3-449528263,S3-582194694	S2-18447012,S2-345330274,S3-582194694	S3-449528263
S1-214327791	US	Green Transit Systems Inc	2702 Bittenburg Street, Rio Rancho, NM	S2-250576811,S2-889925804,S3-210969483,S3-810865111	S3-210969483	S2-250576811,S2-889925804,S3-810865111
S1-214337206	US	Pediatric Partners-Houston	17 Exbury Way, Houston, TX	S2-316970296,S2-559014248,S2-954770328,S3-419884929	S2-559014248,S2-954770328	S2-316970296,S3-419884929
S1-215346719	India	Creative Tirupati Technology Private Limited	28 Stephen Court18A Park Street, Kolkata, Calcutta, West Bengal	S2-487453603,S2-737458521,S3-245049989,S3-689839914		S2-487453603,S2-737458521,S3-245049989,S3-689839914
S1-215653073	India	Pioneer Energy	A-111, Sector-65, Noida, Gautam Buddha Nagar, Uttar Pradesh	S2-762496027,S2-950265600,S3-176742239	S2-762496027,S2-950265600,S3-340259142	S3-176742239
S1-215674911	India	Genome Association (India) Private Limited	Nirmal Complex 3Rd Floor, Civil Lines, Jalandhar - I, Jalandhar, Punjab	S2-338282640,S3-629083469	S3-629083469	S2-338282640
S1-215930866	US	Delta Cardiology	112 Hospital Drive, Raton, NM	S3-222284170	S2-794428594	S3-222284170
S1-215945653	US	Nash Equitable	Mckinney, TX, 10805 Grecian Drive	S2-208227011,S2-875241373,S3-781136480,S3-794556720	S2-875241373,S3-781136480	S2-208227011,S3-794556720
S1-216662379	US	Cultural Center	901 Kennedy Road, Clarksville, TN	S3-245285108,S3-279711605	S2-205022320,S2-767712311,S2-939819212,S3-307385446	S3-245285108,S3-279711605
S1-216678354	India	Ventures Ensign Brothers Pvt Ltd	Medak, Plot No.9, Sri Laxmi Gaytri Enclave, Near Aditya Nagar, Bhagya Nagar, Kukatpal, Ly, Sy.No-120, Hyderabad, Telangana	S2-24570607,S2-949457355,S3-811508355,S3-955306000		S2-24570607,S3-811508355,S3-955306000
S1-217734500	US	Womens Health Partners Company	908 Woodridge Drive, Rockford, IL	S2-140182946,S2-653508845,S3-271990584,S3-315476599	S2-133959059,S2-653508845,S2-825617731,S3-315476599	S2-140182946,S3-271990584
S1-2187768	India	Shiva Shiv Infotech Private Limited	409 Anandmangal-1B/H Omkar House C G Road Navrangpura, Ahmedabad, Gujarat	S2-583098421,S2-638268325,S3-283349375,S3-292717087		S2-583098421,S2-638268325,S3-283349375,S3-292717087
S1-219406199	India	Nigam Export Private Limited	H-5, Maharani Bagh, New Delhi, Delhi	S2-265405558,S2-500459410,S2-661159021,S2-664714001,S2-747454502,S3-342799296,S3-992976083	S2-265405558,S2-664714001,S3-342799296	S2-500459410,S2-661159021,S2-747454502,S3-992976083
S1-219617013	US	Bebe Vargas Rocket Corp	1884 Longleaf Drive, Auburn, AL	S2-800726174,S3-428391150,S3-715389120	S3-428391150	S2-800726174,S3-715389120
S1-220273454	US	Lynx LLC	4714 Ballpark Road, Steeleville, IL	S2-139759633,S2-592072562,S2-698074104,S2-799549782,S3-295418782	S2-139759633,S2-592072562,S2-799549782,S3-356937652,S3-957365138	S2-698074104,S3-295418782
S1-221666581	India	Star It	South Delhi, New Delhi, Delhi, Promoter Add:34 Sadhana Enclave	S2-411051398,S2-731373762,S3-2889743,S3-442715414,S3-888443679,S3-889423819		S2-411051398,S2-731373762,S3-2889743,S3-442715414,S3-888443679,S3-889423819
S1-221899499	US	Bureau of Motor Vehicles PC	3935 Divider And Natchez Trace Road, Camden, TN	S2-783009128,S3-966264094	S2-783009128	S3-966264094
S1-222828569	US	Andrews, Thornton & Koopman Lion	11228 Amherst Glen Drive, Charlotte, NC	S2-101996385,S3-722025118,S3-952204468		S2-101996385,S3-722025118,S3-952204468
S1-222854266	India	Quick Foundation	13-30, P&T Colony, Near Ramalayam Temple, Dilsukhnagar, Saroornagar, Hyderabad, Telangana	S2-417435860,S2-452546513,S2-483199844,S3-435880713,S3-635241895,S3-848964926		S2-417435860,S2-452546513,S2-483199844,S3-435880713,S3-635241895,S3-848964926
S1-223514405	India	Swastik Consultancy Limited	7-A Acharya Jagadishchandra Bose Road, Kolkata, Calcutta, West Bengal	S2-118919431,S2-151565740,S3-565296400,S3-772416586	S3-772416586	S2-118919431,S2-151565740,S3-565296400
S1-223747364	India	Pushpa & Brothers Center	No.171, Rams Flat, Near Om Road, Saidapet, Kanchipuram, Tamil Nadu	S2-828612953,S3-368751194		S2-828612953,S3-368751194
S1-223965310	US	Smith Tokyo	89 Stillwater Road, Conklin, NY	S2-536433485,S3-491538711	S3-491538711	S2-536433485
S1-224079350	India	Solutions Samurai Properties Private Limited	3/202, Navjivan Commercial Premises, Lamington Road, Mumbai, Maharashtra	S2-431078351,S3-49001488		S2-431078351,S3-49001488
S1-224306643	India	Super Hospitality Private Limited	H.No 120 Kh No 120 Ground Floor Lehar House Street No 14-A Vill Wazirabad Extn, Delhi, North Delhi, Delhi	S2-205112794,S2-544053336,S2-546181657,S3-746575475		S2-205112794,S2-544053336,S2-546181657,S3-746575475
S1-225535412	India	Click Jyotish Private Limited	Arun Kumar, C/O Shyam Traders At P.O- Chandauti More, Gaya, Bihar	S2-72999256,S2-76885363,S3-323084179,S3-337453967,S3-454729099,S3-979998138		S2-72999256,S2-76885363,S3-323084179,S3-337453967,S3-454729099,S3-979998138
S1-226034816	India	Seven Software Pvt Ltd	#366, Iii Floor Vardhman Location Plaza Ii, Rajouri Gard, En, Delhi	S2-100208683,S2-243781101,S2-676038299,S2-973342581,S3-316082166,S3-848106619	S2-243781101	S2-100208683,S2-676038299,S2-973342581,S3-316082166,S3-848106619
S1-226131917	US	Nason Saratoga Clinic	2132 Flordawn Drive, Unit APT 7, Florissant, MO	S2-173333961,S3-644448624		S2-173333961,S3-644448624
S1-227905304	US	Lawton and Duncan LLC	125 Montoya Road, City Of El Paso, TX	S2-586700163,S2-746526877,S2-914700251,S3-310593902,S3-567189819,S3-783395061	S2-746526877,S3-783395061	S2-586700163,S2-914700251,S3-310593902,S3-567189819
S1-228183485	India	Gold Global Private Limited	F 40/A, Aust Vinayak, Opp. Vasant Cinema, Dariapur Kajipur Gate, Ahmedabad, Gujarat	S2-848516430,S3-224659572,S3-699348200	S3-699348200	S2-848516430,S3-224659572
S1-228474176	India	Indrraj Brothers Public Limited	Office No.34, Bombay Mutual Bldg Sir P M Road, Fort, Mumbai, Maharashtra	S2-363689598,S2-392566651,S2-547905014,S3-681515485,S3-723828288	S2-392566651	S2-363689598,S2-547905014,S3-681515485,S3-723828288
S1-228652830	India	Royal Foundation Pvt Ltd	V-2 Rajouri Garden, Delhi, West Delhi, Delhi	S2-278964790,S2-924903001		S2-278964790
S1-228729053	US	Slattery Mountain Microelectronics L.L.C.	3428 Tangent Drive, Cincinnati, OH	S2-270385629,S3-144534512		S2-270385629,S3-144534512
S1-228951643	US	Aleen N. Jeppson, P.A., PC	3119 Idaho St SE, Cedar Rapids, IA	S2-684536309,S3-940320364		S2-684536309,S3-940320364
S1-230207575	US	Hernandez Ubs LLC	5240 Pike Creek Lane, Indianapolis, IN	S2-589457883,S2-728895884,S3-481706076	S2-589457883,S2-728895884	S3-481706076
S1-232322952	US	RXS Communications	60 Crary Road, Griswold, CT	S2-906415744,S3-671441936	S2-906415744	S3-671441936
S1-232527382	India	Moments Agri Pvt. Ltd.	3106, Aditya Colony, Adarsh Nagar, Jabalpur, Madhya Pradesh	S2-553498204,S3-876726674	S2-553498204	S3-876726674
S1-233629773	US	Prudence's Tire Shop	3136 Calvert Street, Lincoln, NE	S2-552011341,S3-499358089,S3-635593049,S3-843092414	S2-552011341	S3-499358089,S3-635593049,S3-843092414
S1-234038188	India	Jain International Limited	F-3/13, Okhla Industrial, Area, Phase-I, New Delhi, New Delhi, Delhi	S2-21956858,S3-109206197,S3-150536128,S3-647326737		S2-21956858,S3-109206197,S3-150536128,S3-647326737
S1-234064197	India	Tech Consultants Private Limited	Flat No.1B, Door No.28, Cenotaph Court, Cenotaph Road, Teynampet, Chennai, Tamil Nadu	S2-696466437,S3-336503640,S3-523925113		S2-696466437,S3-523925113
S1-234347040	US	Synis Creative Association LP	442 Fenimore Street, Brooklyn, NY	S2-225927565,S2-25132119,S2-672355907,S2-692504296,S2-927217458,S3-139388267,S3-551255267	S2-672355907,S2-692504296,S2-927217458	S2-225927565,S2-25132119,S3-139388267,S3-551255267
S1-234582622	US	Tri-State Society	462 40, Lindon, UT	S2-703437852,S2-779346778,S3-771781134,S3-836717753,S3-856816505	S2-703437852,S2-779346778,S3-771781134,S3-856816505	S3-836717753
S1-234698654	US	H 9 Complete Storage	21121 77th Place, Unit UNIT 5, Edmonds, WA	S2-998061849,S3-121554155,S3-92031333	S3-121554155,S3-92031333	S2-998061849
S1-236046202	India	Advik Traders Private Limited	Choolaimedu, Chennai-94., City Centre, 132, Sivanandasalai Gill Nagar Exten., Tamil Nadu	S2-474185513,S3-330472176		S2-474185513,S3-330472176
S1-236695385	US	P/A Trinity LLC	2955 Lavell Avenue, Wichita Falls, TX	S2-756336481,S3-22303141,S3-307386457,S3-36232141,S3-45369767,S3-716499999	S2-756336481,S3-716499999	S3-22303141,S3-307386457,S3-36232141,S3-45369767
S1-237724024	US	Nguyen Rockwool of City Of Kaukauna	1101 Forestedge Drive, City Of Kaukauna, WI	S2-127303715,S2-717944201,S3-532120726,S3-999682375	S2-127303715,S2-717944201	S3-532120726,S3-999682375
S1-23855240	India	Suman Builders Private Limited	Hyderabad, Road No 10, Lake View Enclave, Dammaiguda, Hyderabad, Telangana, H.No 5-5/20 M.L.R Colony Jk Enclave	S3-621206984		S3-621206984
S1-238719948	US	Strategic Commercial Consultants	17517 Berry Hill Road, Richland Center, WI	S2-227541130,S2-328699075,S2-506969982,S2-548441152,S3-290281654	S2-506969982	S2-227541130,S2-328699075,S2-548441152,S3-290281654
S1-238818069	India	First Gujarat Technologies Private Limited	592, Narayan Peth, Shivshakti Apts., Pune-30, Pune, Maharashtra	S2-895099773,S3-380665257,S3-960676744		S2-895099773,S3-960676744
S1-24002161	India	Cuttack Allied Private Limited	At: Bangalisahi, Lalafield Po-Telengabazar, Cuttack, Cuttack, Orissa	S2-814482889,S2-96296747,S3-429505288		S2-814482889,S2-96296747,S3-429505288
S1-240073147	US	Greer Bitcoin LLC	626 Sunburst Highway, Cambridge, MD	S2-160444644,S2-975650865	S2-975650865	
S1-240611386	US	Lynd Associates Inc	819 Old Lake Road, TX, Houston	S2-79772930,S3-980881489		S2-79772930,S3-980881489
S1-241113714	US	Flint LLC	12 Greentree Drive, East Lyme, CT	S2-720230057,S3-169455962	S2-307428215,S3-68854177	S2-720230057,S3-169455962
S1-241327937	India	Global Care Private Limited	Hraderdanga ( Madhaipur ) P. O.- Nutandanga, Burdwan, West Bengal	S2-38747835,S3-478891416,S3-498260946,S3-722139631,S3-839232598	S3-478891416,S3-722139631	S2-38747835,S3-498260946,S3-839232598
S1-241381118	US	Cure Cafe	Beaverton, Unit #243, OR, 9918 Conestoga Drive	S2-541669304,S2-718676960,S3-758497648	S3-758497648	S2-541669304,S2-718676960
S1-241659377	US	Prairie Anchor Home Care of Beecher	29520 Western Avenue, Beecher, IL	S2-238115879,S3-525596265		S2-238115879,S3-525596265
S1-242578754	US	Empire Coalition LLC	66 Broughton Road, Marblehead, MA	S2-986730851,S3-875982292		S2-986730851,S3-875982292
S1-242736657	US	General Payment Solutions LLC	17006 Tallgrass Prairie Lane, Humble, TX	S2-253100293,S2-408762899,S2-60245306,S3-341849890,S3-620123457	S2-60245306,S3-620123457	S2-408762899,S3-341849890
S1-243806933	India	Arohana Tours Private Limited	53 Netji Subhas Road1St Floor Room No 12 P S Hare St, Kolkata, Calcutta, West Bengal	S2-345787693,S2-366206769,S2-483149862,S3-599644735,S3-689372509,S3-717523283,S3-75542304	S2-366206769,S3-599644735	S2-345787693,S2-483149862,S3-689372509,S3-717523283,S3-75542304
S1-243858236	India	Nashik Exports Pvt Ltd	Plotno15 Sno142/1-2 Opp, Bhagatapt Sansarilane No2, Nashik, Maharashtra	S2-868707110,S3-380506439,S3-588962832,S3-752375905,S3-785149323	S2-868707110,S3-380506439	S3-588962832,S3-752375905,S3-785149323
S1-244406366	India	Love Infratech	H.No. 3 Professor Colony, Ratia Road, Fatehabad, Haryana	S2-314768953,S2-502136878,S2-940060192,S3-365213446	S2-314768953,S2-940060192,S3-365213446	S2-502136878
S1-244716821	India	Seek Memorial Trust	Hno 55A, Delhi, West Delhi, New Delhi, G/F Gali No. 8, Vipin Garden Extn.	S2-312438970,S3-106905533,S3-620373545	S2-312438970	S3-106905533,S3-620373545
S1-245248798	India	First Foundation Pvt Ltd	Kolkata, Vivekanand Road, Goenka House, 2Nd Floor, Kolkata, Howrah, West Bengal, 55	S2-176444464,S3-671975845		S2-176444464,S3-671975845
S1-246181652	US	Chiropractic Premier Medicine	410 Lost Springs Terrace, Unit #401, Beaverton, OR	S2-19122991,S2-791315401,S3-432303042,S3-549682197,S3-583351642,S3-946735577	S3-583351642	S2-19122991,S2-791315401,S3-432303042,S3-549682197,S3-946735577
S1-246215619	India	Arthur Consultants Pvt. Ltd.	8Th Floor Le Meridien Commercial Tower Raisina Road, Delhi, Central Delhi, Delhi	S3-602468362		S3-602468362
S1-246636474	India	Anand Ventures	B-806 Mondeal Heights, Ramdevnagar Satellite Ahmedabad, Ahmadabad City, Ahmedabad, Gujarat	S2-33354734,S2-939352137,S3-779774934	S2-939352137	S2-33354734,S3-779774934
S1-24664682	US	Pediatric Dentistry Green Center LLC	6995 86th Court, Merrillville, IN	S2-143598594,S2-745911159,S3-13511883,S3-28874602,S3-908257512	S2-745911159,S3-13511883,S3-28874602	S2-143598594,S3-908257512
S1-246776051	US	Rushing Royce LLC	DC, Washington, 2901 Minnesota Avenue	S2-428391711,S2-509929146,S3-33799690,S3-415735176,S3-534653684	S2-428391711,S3-534653684	S2-509929146,S3-33799690
S1-246776666	India	Best Products Private Limited	2A, 2Nd Floor, Whitewates, Timberlake Colony, Raidurg, Seri Lingampally, K.V.Rangareddy, Telangana	S2-357087843,S2-514453728,S3-710270521	S2-936995948	S2-357087843,S2-514453728,S3-710270521
S1-24722738	India	Perfect Management Private Limited	No 24, Ground Floor 24Th Main Road, 3Rd Cross, Agara, Bangalore, Karnataka	S2-443534577,S2-686475808,S3-185541612	S3-185541612,S3-818631479	S2-443534577,S2-686475808
S1-249005554	US	# 8 LG Breeze	Roseville, 2589 Fisk Street, MN	S2-286630861,S2-804247098,S2-833479111,S3-298798545,S3-354687689,S3-591261949	S2-286630861,S3-354687689	S2-804247098,S2-833479111,S3-298798545,S3-591261949
S1-249593518	US	Aldridge and Bensley Century LLC	5136 Walnut Street, Indianapolis, IN	S2-217160279,S2-259416005,S2-740543797,S2-775538847,S3-684828543	S2-217160279	S2-259416005,S2-740543797,S2-775538847,S3-684828543
S1-249593722	US	Kennerson Preparatory Academy	2984 Buckskin Canyon Road, Heber, AZ	S2-245111568,S3-288805688,S3-786393732,S3-878732928	S2-245111568	S3-288805688,S3-786393732,S3-878732928
S1-250390365	US	Radtke, Glenine, DDS	219 Arrowhead Road, Greenbrier, AR	S2-204648668,S2-42129733,S3-427803194,S3-453420144,S3-785371459	S2-204648668	S2-42129733,S3-427803194,S3-453420144,S3-785371459
S1-250509420	US	1148 Ocean Drive Associates Corp	9321 49th Avenue, Oak Lawn, IL	S2-99202337,S3-267274872,S3-289328581,S3-330124755	S3-330124755	S2-99202337,S3-267274872,S3-289328581
S1-251085885	US	Robison, Hanks & Higgins LLC	372 Beech Cove Road, Doyle, TN	S2-961225489,S3-100825873,S3-279473965,S3-43048243	S2-961225489,S3-100825873,S3-279473965	S3-43048243
S1-251958186	US	Fresh Products L.L.C.	7710 Wahalla Lane, Glendale, AZ	S2-437495675,S3-272874646,S3-366493026		S2-437495675,S3-272874646,S3-366493026
S1-252094829	US	XQ Healthcare Corp	307 Broadway, IA, Leland	S2-15801445,S2-694077628,S3-245871680,S3-389848950,S3-967459449	S2-694077628,S3-967459449	S2-15801445,S3-245871680,S3-389848950
S1-252342399	US	Pediatric Dentistry Care	2260 Fritz Cove Road, City And Borough Of Juneau, AK	S2-219238725		S2-219238725
S1-252454219	US	Complete Materials Innovations LLC	3035 Hardison Road, Woodburn, KY	S3-846397369		S3-846397369
S1-253133805	India	Saraswati Overseas Limited	P N C158 K. N 274/228/173, Gf G N 9 Near Ikra Maszid, North, North Delhi, Delhi	S2-698229953,S3-143136863,S3-493577323		S2-698229953,S3-493577323
S1-255528432	US	Physical Therapy Preferred Medicine Inc	110 Westchester Court, Lenoir City, TN	S3-344784053,S3-562163935		S3-344784053
S1-255599185	India	Indo Perfect Solutions Private Limited	3Rd Floor Raj Pinnalle, Doddan Kundi Indl.Area, Bangalore North, Bangalore, Karnataka	S2-341042548,S2-385234548,S2-386044531,S3-438446159,S3-440994102,S3-52727167,S3-814017237	S3-440994102	S2-341042548,S2-385234548,S2-386044531,S3-438446159,S3-52727167,S3-814017237
S1-256108011	India	Maxx Jeevan Private Limited	A 35/111, Jalalipura, Varanasi, Uttar Pradesh	S2-299062235,S2-613737871,S2-914744032,S3-122648304,S3-543685193	S2-299062235,S2-613737871	S2-914744032,S3-122648304,S3-543685193
S1-257314569	India	Bristol (India) Explosives Private Limited	203, Bldg No.3, Navjeevan Chs Lamington Road, Grantroad(East), Mumbai, Maharashtra	S2-76806368		S2-76806368
S1-257437820	US	Weaver and Delira	1203 Lee Avenue, Fort Worth, TX	S2-395168903,S3-303635756,S3-896447153	S3-303635756	S2-395168903,S3-896447153
S1-257725406	US	Montova End LLC	1405 Riverwatch Court, Unit 5210, Murfreesboro, TN	S2-176275798,S2-265259507,S2-352374734,S2-588922657,S3-174775372	S2-265259507	S2-176275798,S2-352374734,S2-588922657,S3-174775372
S1-257849656	US	Atlantic Metro Pattana	1124 Wedgewood Drive, Franklin, TN	S2-610904240,S2-753659562,S3-645439202,S3-857079525	S2-753659562	S2-610904240,S3-645439202,S3-857079525
S1-258633571	India	Media Alakh Foods Corp	No.46, Ist, Main Road, Westshenoynagar, Madras 30. Shenoynagar, Madras 30., Shenoynagar, Madras 30., Tamil Nadu	S2-333980482,S3-443437786		S2-333980482,S3-443437786
S1-259293716	US	Martin Pacific Williams	206 Ross Avenue, Staten Island, NY	S2-923809601,S3-504488241,S3-819158908,S3-995292567		S2-923809601,S3-504488241,S3-819158908,S3-995292567
S1-259442423	US	Barbee Mendoza Ribbon Inc	108 Huckleberry Lane, Sheridan, AR	S2-401433734,S3-603350913	S3-603350913	S2-401433734
S1-259732247	US	Naex Innovative Kensington, Inc	719 Werner Avenue, Unit 3, Columbus, IN	S2-452467882,S3-155463961,S3-873825112	S3-873825112	S2-452467882,S3-155463961
S1-261228567	US	Titan Spruce LLC	47 Sheridan Street, Ely, MN	S2-153304110,S3-757859723	S2-153304110	S3-757859723
S1-261794552	India	Tic Charitable Trust	Shib Dulari Thakur Kadamtala, Sagarbhanga, Durgapur, Bardhaman, West Bengal	S2-223134242,S2-551511878,S2-993243752,S3-47395288,S3-508639058	S2-223134242,S2-993243752	S3-47395288,S3-508639058
S1-262281768	US	Prairie Institute Associates	70 Lesaca Drive, Shelton, WA	S2-571516448,S2-69580293,S3-540244220	S3-540244220	S2-571516448,S2-69580293
S1-262597813	India	HN Cafe Pvt Ltd	S-2, 2Nd Floor, Okhla Phase- Ii, New Delhi, South Delhi, Delhi	S2-541831137,S2-592786683,S3-934227837	S2-592786683	S2-541831137,S3-934227837
S1-262871574	US	Historical Pioneer Network	7216 Heron Lane, Texas City, TX	S2-347238122,S3-163458802,S3-21009160,S3-742697647		S2-347238122,S3-163458802,S3-21009160,S3-742697647
S1-263103974	US	Behavioral Health Global Specialists Inc	36 Bancroft Road, Newtown, CT	S2-727937370,S3-433189210,S3-465285700,S3-561446976	S3-433189210	S2-727937370,S3-465285700,S3-561446976
S1-26359773	US	Titan	10211 Rocky Ford Road, AL, Piedmont	S2-166905755,S2-56723338,S2-730594580,S3-829783966	S2-166905755,S2-278718237,S2-56723338,S3-143939778,S3-252020240	S2-730594580,S3-829783966
S1-263604084	India	Tech Media Private Limited	35 Ezra Street 4Th Floor, Kolkata, Howrah, West Bengal	S2-392378027,S2-741704331,S3-303823664		S2-392378027,S2-741704331,S3-303823664
S1-263806227	India	Ghorpade Studio Pvt Ltd	Unit No 238 2Nd Floorudyog Bhavan Sonawala Road Goregaon (East), Mumbai, Maharashtra	S2-879762786		S2-879762786
S1-263997777	US	Heritage Concord LLC	4645 Sweetfern Row, NC, Wilmington	S2-250462231,S2-550062910,S3-175468714,S3-368206683	S3-368206683	S2-250462231,S2-550062910
S1-2645876	India	Classic Industries Private Limited	No .2 / 325 E, Shias Villa, 4Th Street, Kanadasamy Nagar, Palavakkam, Chennai, Tamil Nadu	S3-664304451,S3-797694076		S3-664304451,S3-797694076
S1-265021752	US	Bonni's Appliance Inc.	19415 37th Street, Broken Arrow, OK	S2-94445800,S3-200273308,S3-372801577,S3-782403904,S3-876396067	S2-94445800,S3-372801577	S3-200273308,S3-782403904,S3-876396067
S1-265213249	India	Sds Hospital Private Limited	315, 100 Feet Road, Indiranagar, Bangalore, Karnataka	S2-534893996,S2-794461557,S3-156481282,S3-848796864	S3-156481282	S2-534893996,S2-794461557,S3-848796864
S1-265244213	US	New Life Israel	4378 46th Avenue, Fargo, ND	S2-690729411,S2-986924240,S3-402684453,S3-417638162	S2-969217073	S2-690729411,S2-986924240,S3-402684453,S3-417638162
S1-265384037	US	Uptown Bakery	342 Blue Bird Road, Brunswick County, VA		S2-169155889	
S1-26576754	US	Global Capital Partners	Bushnell, 16650 9, IL	S2-716935602,S2-861433416,S3-346470923,S3-465218924	S3-346470923	S2-716935602,S2-861433416,S3-465218924
S1-265806021	US	Dermatology Care P.C.	151 Bryant Pond Road, Putnam Valley, NY	S2-798106014,S2-894537927,S3-204760875,S3-618567835	S3-618567835	S2-798106014,S2-894537927,S3-204760875
S1-266614089	US	Li Capital, LLC	23425 Miles Road, Warrensville Heights, OH	S2-409807738,S2-512650042,S3-122084499,S3-352434098,S3-416691092	S3-122084499,S3-352434098	S2-409807738,S2-512650042,S3-416691092
S1-26694721	US	Ericha L. Pittman, DO, M.D., P.C.	18 Choate Street, Newark, DE	S2-6652122,S2-951655283,S3-421773814,S3-952555045		S2-6652122,S2-951655283,S3-421773814,S3-952555045
S1-267180986	India	Novo Insurance Corp	Mui Centre The Bhatiageneral Hospital Tramio Rd, Mumbai, Maharashtra	S2-651499978,S2-799676683,S2-883557488,S3-554448399,S3-901684096	S2-651499978,S3-901684096	S2-799676683,S2-883557488,S3-554448399
S1-267688197	US	Urgent Care Medicine PLLC	Ontario, CA, 725 Bonnie Brae Court	S2-477738760,S2-800037410,S2-841604114,S3-342068176	S2-841604114	S2-477738760,S2-800037410,S3-342068176
S1-267807554	India	Kaverendra Business Private Limited	Satyen Roy Road, Behala, 104/1/26, Howrah, West Bengal, Kolkata	S2-124260407,S2-286603109,S2-390318379,S2-996555120,S3-611066511		S2-124260407,S2-286603109,S2-390318379,S2-996555120,S3-611066511
S1-268112530	US	Surgical Keystone Associates Inc.	823 Clinton Road, Paris, IL	S2-481970190,S3-791705408		S2-481970190,S3-791705408
S1-26949697	US	Physical Therapy Care	1929 Buffalo Hill Drive, Mesquite, TX	S2-497188203,S3-636399437,S3-647097484	S2-663630599,S3-453963227	S2-497188203,S3-636399437,S3-647097484
S1-269604812	US	Aurora LLC	329 9th Street, Quenemo, KS	S2-60361786,S3-345938657,S3-424861029	S2-266423409,S2-491607861,S2-517024535,S2-702820219,S2-829572645,S3-345938657,S3-424861029	S2-60361786
S1-269669116	US	Total Engineering Technologies Inc.	Salisbury, 121 Henry Laurens Circle, NC	S2-490645087,S2-67533686,S2-807462215,S3-1578515,S3-272736268,S3-67738183	S2-490645087	S2-67533686,S2-807462215,S3-1578515,S3-272736268,S3-67738183
S1-269717976	India	Management Focal Service Private Limited	N-203, Ground Floor Greater Kailash 1, New Delhi, South Delhi, Delhi	S2-241822031,S2-93247712,S3-106855590,S3-268729077	S2-93247712	S2-241822031,S3-106855590
S1-270528939	US	Berchtold Partners LLC	34256 320th Street, Ruthven, IA	S2-255757269,S2-294458187,S3-484438799		S2-255757269,S2-294458187,S3-484438799
S1-270856428	India	Laxmi Investments Pvt Ltd	H. No.- A-5B/105, S.F.S. Flats, Near Avtar Enclave, Paschim Vihar, New Delhi, West Delhi, Delhi	S3-712765883,S3-999780090		S3-712765883,S3-999780090
S1-271089148	India	Mishika Fiscal Pvt. Ltd.	Building No. 14/482A, 1St Floor, Chirayil Thekkethil, Aroor P.O, Alappuzha, Kerala	S3-26434773		S3-26434773
S1-2711669	US	Harris Unified Acres	39 Park Road, Murfreesboro, AR	S2-63950715,S2-890234606,S3-137131508,S3-835923566,S3-90384139	S2-890234606	S2-63950715,S3-137131508,S3-835923566,S3-90384139
S1-271228601	US	Brooks Anchor Willow Co	MT, Circle, 52 Gyp Creek Road	S2-191815093,S2-656913797,S3-702769386,S3-751544232		S2-191815093,S2-656913797,S3-702769386,S3-751544232
S1-271708416	India	Shree Education Private Limited	12-7-277, Vasanth Nagar Katta, Krishna, Andhra Pradesh	S2-166757335,S2-510334843,S2-60886188,S3-798103797		S2-166757335,S2-510334843,S2-60886188,S3-798103797
S1-272401760	US	Register Apollo	NC, 1345 Saw Mill Road, Conover	S2-318500439,S3-174787879	S2-318500439	S3-174787879
S1-272442214	US	Eugenie Johnson, P.A.	2215 Inwood Road, Dallas, TX	S2-550845075,S3-330204012		S2-550845075,S3-330204012
S1-272529199	India	North Tech Private Limited	First Floor, Janki Niwas, Opp. Jugal Kishore Jain, Abu Road, Sirohi, Rajasthan	S2-217423536,S2-29551067,S3-980410029		S2-217423536,S2-29551067,S3-980410029
S1-272565088	US	Martinez Mobile Inc	20409 Trap Court, Bend, OR	S2-79780617,S2-940510945,S3-617384617,S3-745693548		S2-79780617,S2-940510945,S3-617384617,S3-745693548
S1-274288809	US	Sauceda, Souza and Dunning Focus, Inc	60 Turtle Lane, Bruno, WV	S2-732431026,S3-168545034	S3-168545034	S2-732431026
S1-27475277	US	C P Nowell Bluerock, LLC	760 Austin Street, Enfield, NC	S2-822870676,S3-219857540,S3-366494817	S2-822870676	S3-219857540,S3-366494817
S1-274849689	India	HC Aging Limited	169, Mittal Indl. Estate, Sanjay Building No. 5/B, Andheri Kurla Road, Andheri East, Mumbai, Maharashtra	S2-939258315,S3-275855984,S3-745899539	S2-939258315	S3-275855984,S3-745899539
S1-275999112	India	Swasth Trust	Unit No. 410B & 411B/D, Levana Cyber Heights, Lucknow, Uttar Pradesh	S2-772488337,S2-776121395,S3-167721405,S3-476224015,S3-954742240	S3-167721405,S3-476224015	S2-772488337,S2-776121395
S1-276255152	US	Belen Cleaning Inc	902 Gabaldon Road, Belen, NM	S2-31297406,S2-674529080,S3-118322363,S3-878580089,S3-906283190	S2-31297406,S2-674529080	S3-118322363,S3-878580089,S3-906283190
S1-276352216	US	Kayla Watson Superior Newtekone LLC	Bend, OR, 21115 Wilderness Way	S2-184013056,S2-501697895,S2-640877540,S3-979168403		S2-184013056,S2-501697895,S2-640877540,S3-979168403
S1-276728211	India	Shiv Builders	A-314, Eastern Business District, Mumbai Lbs Marg Road Bhandup West Mumbai, Mumbai, Mumbai City, Maharashtra	S2-758985381,S3-282663744,S3-756038791		S2-758985381,S3-756038791
S1-277051620	India	Golden Institute	160, Shubham Apartment, Plot No.-37, I. P. Extn., Patpar Ganj, Delhi, East Delhi, Delhi	S2-644936343,S2-688484200,S3-212607278		S2-688484200
S1-277516043	US	First Value Private	523 Griswold Road, Unit UNIT 310, Elyria, OH	S2-124370912,S2-731450763,S3-495350788,S3-866154216	S3-495350788	S2-124370912,S2-731450763,S3-866154216
S1-277746628	US	Wood Federal Natural Group	8862 Paradise Hill Way, Knoxville, TN	S2-121459478,S2-583564269,S2-632819878	S2-121459478,S2-632819878	S2-583564269
S1-277891973	India	Uma Public School	Mumbai, Narayan Apartment- Flat No. 701 Main Avenue, Santacruz (West), Maharashtra, Mumbai, Mayfair Boulevard	S2-776484234,S3-58729914,S3-672332162		S2-776484234,S3-58729914,S3-672332162
S1-278565157	US	Better Medical Digital Inc	479 Stanford Street, Vacaville, CA	S2-542546867,S2-569692290,S2-639128895,S2-970579626,S3-107926260,S3-134101908,S3-866130840	S2-569692290,S3-107926260	S2-542546867,S2-639128895,S2-970579626,S3-134101908,S3-866130840
S1-278972682	US	Fresh Pet Care Corp	NY, Harrietstown, 1474 86	S2-314157728,S2-840184519,S3-411387123,S3-895250623		S2-314157728,S2-840184519,S3-411387123,S3-895250623
S1-27978289	US	National Center LLC	1118 28th Street, Unit Apartment 7-A, Sheffield, AL	S2-162543381,S2-231103330,S3-22327966,S3-411403705	S3-411403705	S2-162543381,S2-231103330,S3-22327966
S1-279833026	India	Aurum & Co	C/O Raju Thakur Nathupura, Railway West, Po-Kurthaul, Patna Sadar, Patna, Bihar	S2-255182604,S2-364822388,S2-659860624,S2-777015024,S3-558459273		S2-255182604,S2-659860624,S2-777015024,S3-558459273
S1-280526829	India	Chandrin India Private Limited	Andhra Pradesh, Flat No.412, Guntur, Sai Amarutha, Doyen, Sai Nagar	S2-141671909,S2-196440969,S3-126369260		S2-141671909,S2-196440969,S3-126369260
S1-280684447	US	Foot & Ankle Beacon Clinic	6427 Glen Oaks Street, Murray, UT	S2-178889449,S2-756526138,S2-814837750,S3-312685078,S3-490682300,S3-822333329	S2-178889449	S2-756526138,S2-814837750,S3-312685078,S3-490682300,S3-822333329
S1-280694161	India	Foundation Parshuram Perfumes Pvt. Ltd.	Jajpur, Orissa, Plot No. 249 Khata No. 359, C/O Adayata Rout, Jajpur	S2-714291168,S3-241865797,S3-379240921,S3-513917537,S3-998559629	S2-714291168	S3-241865797,S3-379240921,S3-513917537,S3-998559629
S1-281155011	US	Internal Medicine First Partners LLC	404 Maple Street, Argos, IN	S2-527851009,S3-392884533	S2-527851009	S3-392884533
S1-282137656	US	Dental Associates	10784 Donna Marie Drive, City Of Socorro, TX	S2-256774590,S2-687918390,S2-844821266,S3-437683244	S2-377228992,S2-609627773,S2-844821266,S2-921733654	S2-256774590,S2-687918390,S3-437683244
S1-282821695	US	Amparan, Crawford and Rossman LLC	5550 Hunter Road, Ooltewah, TN	S2-489247721,S2-723227607,S3-811009414	S2-489247721	S2-723227607,S3-811009414
S1-2828480	US	Audie R. Dawson, O.D.	1903 Atlanta Avenue, Nederland, TX	S2-20588372,S2-80633846,S3-789283416,S3-944144458		S2-20588372,S2-80633846,S3-789283416,S3-944144458
S1-283106625	India	KX Exim Private Limited	Hig, 3, Khb Colony, 1St A, Mainbasaveswara Nagar Bangalore, Bangalore, Karnataka	S2-265964527,S2-926763756,S3-30973519,S3-712405549,S3-748184185	S2-535115582,S3-712405549	S2-265964527,S3-30973519,S3-748184185
S1-283229515	India	Swastik Consultants Private Limited	Jayita Apartment, 22/1/4, Charak Danga Road, Serampur Uttarpara, Hooghly, West Bengal	S2-916298536,S3-486014626,S3-919031250	S3-486014626	S2-916298536,S3-919031250
S1-283396712	India	Shiva Developers Private Limited	57/1 Phase I G I D C Near Atlas Radio Opp Jagdish Mill, Naroda Ahmedabad, Ahmedabad, Gujarat	S2-450124258,S2-723266146,S2-83695911,S3-186377876,S3-869186868	S3-869186868	S2-450124258,S2-723266146,S3-186377876
S1-284292070	US	Aquino & Bailey Biosciences LLC	428 Rock Island Road, Dixon, IL	S2-284401254,S2-398576772,S2-636483509,S2-890559967,S3-812236393	S2-398576772,S2-890559967	S2-284401254,S2-636483509,S3-812236393
S1-284636773	India	Fortune Infrastructure	Maharashtra, Juna Budhawar Peth, C S No 2884/1A C Ward Siddharth Nagar, Kolhapur	S2-310496667,S3-87032658,S3-905334034		S2-310496667,S3-87032658,S3-905334034
S1-285065476	India	Innovative Universal Construction Limited	Flat No-207 Bhaskara Bld, Hsn 126 Dsk Vishwa Dhairy, Haveli, Pune, Maharashtra	S2-114857674,S2-240781693,S3-156441181,S3-932014267		S2-114857674,S2-240781693,S3-156441181,S3-932014267
S1-285737469	US	Stanford Illumination LLC	2900 Shawn Way, Rancho Cordova, CA	S2-112834888,S2-153200721,S2-237279299,S2-820093107,S3-450730046,S3-496995159,S3-701548499,S3-728272836,S3-90991534	S2-112834888,S2-153200721,S2-237279299,S3-90991534	S2-820093107,S3-450730046,S3-496995159,S3-701548499,S3-728272836
S1-28620945	India	South Constructions Limited	Vill- Tilain, P. O. - Rophatha P. S. Nokha, Rohtas, Bihar	S2-115787018,S2-618496866,S3-145173826	S2-115787018	S3-145173826
S1-286226624	US	Mahan Pipeline Inc	5 Mason Drive, Unit Apartment 2B, Glen Cove, NY	S2-478696524,S2-976955507,S3-263924365,S3-975499041	S3-975499041	S2-478696524,S2-976955507,S3-263924365
S1-286509087	India	Indra Innovations LLP	J-1/75 Ug-4, Khirki Extn. Gupta Colony Malviya Nagar, New Delhi, South Delhi, Delhi	S2-189596723,S2-34410968	S2-34410968	S2-189596723
S1-287545736	India	One New Investments Private Limited	A - 64, Parwana Apartments Mayur Vihar, Phase - I, New Delhi, North Delhi, Delhi	S2-28294670,S2-335998240,S3-441951366,S3-745221364		S2-28294670,S2-335998240,S3-441951366,S3-745221364
S1-288007280	US	Signature Federal Melar LLC	1016 Orlando Drive, Foley, AL	S2-136803967,S3-172764362		S2-136803967,S3-172764362
S1-288168644	US	Harvey Cardiology Center	Harvey, IL, 200 156th Place	S3-515421762		S3-515421762
S1-288730960	US	Jespersen Bright Fund Inc	2922 Briggs Avenue, Bronx, NY	S2-670634542,S2-861076793,S3-246242052,S3-575177256		S2-670634542,S2-861076793,S3-246242052,S3-575177256
S1-289099094	US	Laex Inc	7713 Johnson Street, Village Of Siren, WI	S2-141609542,S3-868533893	S3-868533893	S2-141609542
S1-289682492	India	Hajipur Power Private Limited	C/O Mukesh Kumar, Vill, Nawada Khurd, Panch-Kernpu, Hajipur, Vaishali, Bihar	S3-343483936,S3-499877316,S3-875346340,S3-930131008,S3-972550827		S3-343483936,S3-875346340,S3-930131008,S3-972550827
S1-289940814	US	Rev It Up Tavern Inc	2293 Vandola Road, Pittsylvania County, VA	S2-473084446,S3-595592892,S3-64122177	S2-473084446,S3-595592892	S3-64122177
S1-2903074	India	Essvee Management Company	#302, Govind Vihar, Baltana Baltana, Sas Nagar, Zirakpur, Mohali, Punjab	S2-779089855,S3-407211345,S3-461470738,S3-559361875,S3-703311605	S3-461470738,S3-559361875	S2-779089855,S3-407211345,S3-703311605
S1-290416857	US	A Cure 2 You	601 Edgewood Street, Unit 329, Washington, DC	S2-234740752,S2-408177893,S3-250066016,S3-918762358,S3-963729549,S3-964628688	S2-224193540	S2-234740752,S2-408177893,S3-250066016,S3-918762358,S3-963729549,S3-964628688
S1-290577083	US	Safe Agricultural Corporation	4813 Mcadory School Road, Bessemer, AL	S2-180689185,S2-758905024,S3-745843915	S2-180689185,S2-758905024	S3-745843915
S1-290625512	India	All Agro Private Limited	2-67, Vampally, (Teh) Balkonda, Mupkal, Nizamabad, Telangana	S3-743661066		S3-743661066
S1-290838084	US	Modern Wholesale Enterprises	110 Harriet Island Road, Saint Paul, MN	S2-110178312,S2-170657365,S3-7202761,S3-822071541	S3-822071541	S2-110178312,S2-170657365,S3-7202761
S1-292266331	US	Rios and Brewer Sim Clinic	Big Bear City, 1031 Rocky Mountain Road, CA	S2-141381760,S2-390194374,S2-513995847,S2-62573378,S3-165171105	S2-513995847	S2-141381760,S2-390194374,S2-62573378,S3-165171105
S1-292883709	India	Shivam Technology	Shanti Chambers, Opp. Dineshhall, Ahmedabad, Ahmedabad, Gujarat	S2-722209865		S2-722209865
S1-293009052	US	Astra Fregoso Total Inc	8756 Bird Trail Road, Depauw, IN	S2-37502175,S2-391250233,S3-219206113		S2-37502175,S2-391250233,S3-219206113
S1-293053667	India	Lakshmi Services Limited	1St Trimurti 105 Railway Lines, Solapur, Block No 13, Maharashtra, Solapur	S2-607277816,S2-865377919		S2-607277816,S2-865377919
S1-293422685	India	Magenta Foundation	457, Nemi Sagar Colony Pushpak Marg, Vaishali Nagar, Jaipur, Rajasthan	S2-472310104,S2-86136089,S3-172398980,S3-276414761,S3-566360145	S3-566360145	S2-472310104,S2-86136089,S3-172398980,S3-276414761
S1-293583942	India	Marketing Excel Innovations Private Limited	South Delhi, New Delhi, Delhi, Z-8, Basement Hauz Khas	S2-291368205,S2-601151721,S2-772404122,S2-94250811,S3-315152174		S2-291368205,S2-601151721,S2-772404122,S2-94250811,S3-315152174
S1-294114740	India	Golden Finance Private Limited	No 12/19, Madurakavi Street, Tambaram, Kanchipuram, Tamil Nadu	S2-194383047,S3-528242445		S2-194383047,S3-528242445
S1-294707187	US	Dacia Easley Range	21320 56th Street, Unit 2045, Phoenix, AZ	S2-304057800,S2-386509742,S2-417482327,S3-70556235,S3-755718378,S3-805503223	S3-805503223	S2-304057800,S2-386509742,S3-70556235,S3-755718378
S1-295943892	India	Kalyan Auto Pvt Ltd	Flat No-401, Divesh Com, 4Th Flr Nr Gurudham Hotel, Kalyan, Thane, Maharashtra	S2-178943594,S2-217755781,S2-710110789,S3-76305715,S3-948773469,S3-969731241	S2-710110789,S3-76305715	S2-178943594,S2-217755781,S3-948773469,S3-969731241
S1-296704216	India	Bengal Products Ltd	5C, Gurukripa, Laxmi Colony, Near Bohra Ji Ka Bagh Opposite Laxmi Mandir Cinema, Tonk Road, Jaipur, Rajasthan	S2-711231055,S3-10165016		S2-711231055,S3-10165016
S1-296866791	India	Richman & Co	L-1/8 Basement Kh, No-34/3, /2 Block-L Sangam Vihar, South Delhi, Delhi	S2-228864508,S2-78863495,S3-410957289	S2-78863495,S3-410957289	S2-228864508
S1-296992009	US	Precision Analytics Partners	11436 Pennys Way, Oregon City, OR	S2-611570114,S2-952814128,S3-197554113,S3-706832519		S2-611570114,S2-952814128,S3-197554113,S3-706832519
S1-296999052	India	AA Realty Private Limited	Ginger Square Shop No S-47, City Survey No 1049, Nagpur, Maharashtra	S2-875021305,S3-938880569	S2-875021305	S3-938880569
S1-297745336	US	Urgent Care Health Inc	125 Cherokee Lane, Blaine, TN	S2-931809608,S3-519824563,S3-81836456,S3-942744732	S2-146062465,S3-437860528,S3-519824563	S2-931809608,S3-81836456,S3-942744732
S1-299035781	US	Federal Select Taiwan LLC	3318 Lambert Place, Cincinnati, OH	S2-976861573,S3-51169875,S3-568083800		S2-976861573,S3-51169875
S1-299296027	India	Dynamic Industries	Mumbai, Hembur(W), 11Th Floor, Universal Magestic, At Village Borla, P. L. Lokhande Marg, C, 1105/1106, Maharashtra	S2-207306195,S2-258352306,S2-30229243,S2-80537931		S2-207306195,S2-258352306,S2-30229243,S2-80537931
S1-299473390	India	Arihant All Consultants Private Limited	Plot No.7/1, S. No.519, Industrial Phase, Rangareddy, K.V.Rangareddy, Telangana	S2-889712429,S3-581282286,S3-942727590,S3-952813163		S2-889712429,S3-581282286,S3-942727590,S3-952813163
S1-299495440	US	All Digital Global, Inc	5509 Central Texas Expressway, Killeen, TX	S2-500934013,S3-804322419	S3-804322419	S2-500934013
S1-299677728	India	Blue Consulting Private Limited	Hyderabad, Hyderabad., Telangana, Flat No.105, Vanijya Vihar, Gaddiannaram 'X' Road, Dilsukhnagar	S3-495187466,S3-599738492		S3-495187466,S3-599738492
S1-29972359	US	Womens Health Care of Lowell Corp	726 Mcclure Avenue, Lowell, AR	S2-173348519,S2-198951574,S3-539133624	S2-173348519	S2-198951574,S3-539133624
S1-299813900	India	Yukon Distributors	Flat No 705, Mahavir, Classik Elegant Soc, Mumbai, Maharashtra	S2-109432201,S2-773087208,S3-874925500	S2-773087208	S2-109432201,S3-874925500
S1-300865658	US	Pazos and Delk Osprey LLC	701 Alice Rae Circle, Galt, CA	S2-193446187,S2-340230203,S3-505625723	S2-193446187,S2-340230203	S3-505625723
S1-30094279	India	Camelot Traders Group	181/6, Panakaje Post, Sonandur Village, Belthangady, Belthangady, Dakshina Kannada, Karnataka	S2-343465856,S2-897975034,S2-992868730,S3-194990821,S3-294062995		S2-343465856,S2-897975034,S2-992868730,S3-194990821,S3-294062995
S1-301717216	US	Little Cleaning Service LLC	432 Champlain Street, Rochester, NY	S2-361754098,S3-271987792,S3-772601119,S3-922822302	S2-212004983,S2-361754098	S3-271987792,S3-772601119,S3-922822302
S1-301901596	US	Annadiane Abbott, MD Associates	221 Southside Drive, Mcminnville, TN	S2-200686500,S2-94883335,S3-407032761,S3-608284475,S3-895496484,S3-909876280	S3-608284475	S2-200686500,S2-94883335,S3-407032761,S3-895496484
S1-302742241	India	Ramky Life Pvt Ltd	2Nd Floor, New Delhi, Rajendra Mansion 19-A Ansari Road, Delhi, Darya Ganj	S2-240940531,S2-372258979,S2-601523806,S3-482342377,S3-650686625	S2-601523806	S2-240940531,S2-372258979,S3-482342377,S3-650686625
S1-30365070	US	Safe Loan LLC	15 Piper Road, Unit RM C216, Scarborough, ME	S3-106456037,S3-138748998,S3-661458288,S3-799004188		S3-106456037,S3-138748998,S3-661458288,S3-799004188
S1-303807997	US	Blakey, Audie, M.D.	18408 206th Street, Buffalo Prairie, IL	S2-346696303,S2-959665552,S3-499198728,S3-990831218	S2-346696303,S3-499198728,S3-990831218	S2-959665552
S1-306162386	US	Cardiology Care LLC	1128 Styers Lane, Newton, NC	S2-460088736,S3-624980186,S3-885254396	S2-892020982	S2-460088736,S3-624980186,S3-885254396
S1-306393273	US	Mull Pioneer LLC	19029 Armington Drive, Horizon City, TX	S2-422838521,S2-618523911,S3-729362693	S2-422838521	S2-618523911,S3-729362693
S1-306635942	US	Killian's Massage	13902 227th Avenue, Elk River, MN	S3-179748683,S3-677113306,S3-799976971,S3-838335850	S3-677113306,S3-838335850	S3-179748683,S3-799976971
S1-306773848	US	Rocheleau Couriers LLC	1009 9th Street, Unit 1, Cheyenne, WY	S3-206348936,S3-906294471	S3-906294471	S3-206348936
S1-308171326	US	Cooperative Insurance Partners LLC	11943 Yardarm Drive, Berlin, MD	S3-774474012		S3-774474012
S1-308192307	US	Flowers Mobile Inc	Spokane Valley, WA, 15 Clinton Road	S2-989446842,S3-404284688,S3-522505856		S2-989446842,S3-404284688,S3-522505856
S1-308631107	US	Orthopedic Ace Specialists	3458 Eucalyptus Place, Fl 1, Chandler, AZ	S2-172391547,S2-263572907,S2-441423513,S2-884019651,S3-779014083,S3-803538715,S3-863608903	S3-779014083	S2-172391547,S2-263572907,S2-441423513,S2-884019651,S3-803538715,S3-863608903
S1-308938587	US	Office of Finance	413 Corral Circle, Payson, AZ	S2-211753103,S2-223425462,S3-402493692,S3-821583757,S3-857049526,S3-920974052	S2-223425462,S3-821583757,S3-920974052	S2-211753103,S3-402493692,S3-857049526
S1-309397184	US	7 30 Paper Inc	269 Rockland Street, Unit 2, Brockton, MA	S2-10929475,S2-119778704,S2-206812435,S2-995905607,S3-843111245	S2-206812435	S2-10929475,S2-119778704,S2-995905607,S3-843111245
S1-310821455	US	Ryan Studios	Garland, TX, 5621 Kerry Lane	S2-639885371,S2-659869808,S3-162929456,S3-373761835,S3-555561906,S3-845270918	S2-659869808,S3-555561906	S2-639885371,S3-162929456,S3-373761835,S3-845270918
S1-310894037	US	Codyne Law Group	19608 Chickasaw Avenue, Cleveland, OH	S2-447618192,S2-883831903,S3-925119026	S2-883831903	S2-447618192,S3-925119026
S1-311250740	India	Roopanth Farmer Center	Faizabad Road, Sagar Sadan Opposite Kotwali, Uttar Pradesh, Barabanki	S2-861227628,S3-365923,S3-714436391,S3-884976987		S2-861227628,S3-365923,S3-714436391,S3-884976987
S1-311280767	US	Cardwell and Pena	Westwood, 4409 Highland Glen Road, MA	S2-390826193,S3-107757010,S3-313895206,S3-755976496	S2-390826193,S3-107757010	S3-313895206,S3-755976496
S1-312266820	India	Rare Foundation	N-154, Kendriya Vihar, Vidhyadhar Nagar, Sector-6, Jaipur, Rajasthan	S2-563404391,S3-897468416		S2-563404391,S3-897468416
S1-312624254	US	Industrial Automation Products	1930 Waterbury Stowe Road, Waterbury, VT	S2-15637712,S2-227267659,S3-150125822		S2-15637712,S2-227267659,S3-150125822
S1-312852911	US	Hammer Enhanced of Braintree	216 Mobile Acres Road, Braintree, VT	S2-857722227,S3-456741422,S3-990354725	S2-857722227,S3-990354725	S3-456741422
S1-313306876	US	Chickie Gallegos Atlantic Institutions	Winchester, TN, 279 Brookfield Circle	S3-351302015,S3-737864579,S3-833118920		S3-351302015,S3-737864579,S3-833118920
S1-315242352	India	Gmk Services LLP	Shop No. 156, Peddanna Layout Outer Ring Road, Banaswadi, Horamavu, Bengaluru, Bangalore, Karnataka	S2-22832710,S3-79253653		S2-22832710,S3-79253653
S1-316058223	US	Coastal Dynamics	1305 Lincoln Street, Fairfield, CA	S3-135607726,S3-941757227	S2-694510711,S3-135607726,S3-941757227	
S1-316097210	US	Smith Anchor Perfect LLC	11 Ashley Drive, Lancaster, NY	S2-17114483,S2-762076866,S2-965546384,S3-606801432,S3-731582472,S3-959001285		S2-17114483,S2-762076866,S2-965546384,S3-606801432,S3-731582472,S3-959001285
S1-317121847	India	Ambica & Co	Plot No. W-1, Phase -1, Additional Midc, Jalna, Maharashtra	S2-399394128,S3-19369384,S3-509545444,S3-775067482,S3-994415897	S2-399394128,S3-19369384,S3-994415897	S3-509545444,S3-775067482
S1-317823897	US	Bay Allocation LP	OH, 7701 Reynolds Road, Mentor	S2-581514945,S2-948858154		S2-581514945,S2-948858154
S1-318234749	US	Primary Care Physicians	Avon, CT, 12 Whispering Pines	S2-696511553,S2-965551854,S3-159019404,S3-260625934,S3-44287981,S3-550569264	S2-347765501	S2-696511553,S2-965551854,S3-159019404,S3-260625934,S3-44287981,S3-550569264
S1-318696431	US	Primary Care Physicians LLC	KY, 332 8th Street, Covington	S2-159804364,S2-47238267,S3-806660919	S3-392824623,S3-945658860	S2-159804364,S2-47238267
S1-319458358	India	Anmol Infrastructures Private Limited	C/O. Lanson Group, 3Rd Floor, 34, Poonamalee High Road, Chennai Corporation, Tiruvallur, Tamil Nadu	S2-75260287,S3-403711325		S2-75260287,S3-403711325
S1-319644719	India	NJ Agro Pvt Ltd	C2/C3, Fariyas, Cumballa Hill Kemps Corner, Mumbai, Mumbai City, Maharashtra	S2-642388570,S3-173721506	S3-173721506	S2-642388570
S1-320006288	US	Prime Semiconductor Services LLC	83 C Smith Road, London, KY	S2-439676039,S2-679512379,S3-134747532,S3-681330813	S3-134747532	S2-439676039,S2-679512379,S3-681330813
S1-320595977	US	TP Better Premier Corp	471 Hartford Road, Unit 471, Manchester, CT	S2-877627678,S2-898113913,S3-138720048,S3-698615395,S3-794043715,S3-927706360	S3-794043715	S2-877627678,S2-898113913,S3-138720048,S3-698615395,S3-927706360
S1-321039541	India	Guru Sai Power Private Limited	2913 (F F), Gali Sapru Kala Masjid Bazar Sita Ram Near Kala Masjid, Delhi, North Delhi, Delhi	S2-216005291		
S1-321600612	US	Hampton, Conni F., D.O., PC	16 Center Street, Weymouth, MA	S3-923731483		S3-923731483
S1-322529337	US	Y & X Defi	144 Oak Tree Boulevard, Unit APT 228, Christiansburg Town, VA	S2-556564328,S2-787912350,S2-91865593,S3-454899647,S3-678931504		S2-556564328,S2-787912350,S2-91865593,S3-454899647,S3-678931504
S1-322805720	US	A Fresh Taxable LLC	10846 181st Lane, Elk River, MN	S2-481595256,S2-792929454		S2-481595256,S2-792929454
S1-323181816	US	Harbor Ministries Inc.	1872 Curry Road, Liberty, IN	S2-226243074,S2-677674271,S2-710345934,S2-851844067,S2-865587955,S3-144833465,S3-224674930	S2-710345934,S3-144833465,S3-224674930	S2-226243074,S2-677674271,S2-851844067,S2-865587955
S1-323242841	US	Creative Air LLC	7519 Taro Lane, Glendale, AZ	S2-245475555,S2-6041391,S3-786138773	S3-786138773	S2-245475555,S2-6041391
S1-323379463	US	Electronic Printing Labs LLC	Columbus, 2616 Stacie Lane, OH	S2-372248664,S3-688036925,S3-802870757		S2-372248664,S3-688036925,S3-802870757
S1-323520196	India	Jai Industries Private Limited	A-002/157 Site 5 Kasna Ind Area Greater Noida, Noida, Gautam Buddha Nagar, Uttar Pradesh	S2-603324206,S3-415178158		S3-415178158
S1-323627595	US	Western Studios LLC	8606 Seafield Lane, Rowlett, TX	S2-542250642,S2-568610986,S2-603801107,S2-637123341,S3-682499757		S2-542250642,S2-568610986,S2-603801107,S2-637123341,S3-682499757
S1-323684335	US	Harbor Peak Hydro LLP	5775 Roosevelt Street, Unit 1171, Phoenix, AZ	S2-532666873,S3-186289761		S2-532666873,S3-186289761
S1-3238017	India	Freshlight Chit Private Limited	Ashok Vihar Phsae-Iii Near Raj Mahal, Gurugram, Haryana, Gurgaon	S2-888012250,S3-117714457,S3-527451287,S3-712623856		S2-888012250,S3-117714457,S3-527451287,S3-712623856
S1-323868389	India	Award Academy Private Limited	Plot No 364 Shekhpur, (Pargana) Mahona B.K.T., Bakshi Ka Ta, Lucknow, Uttar Pradesh	S2-261815888,S3-509087091,S3-512987008,S3-752556516	S3-512987008,S3-752556516	S2-261815888,S3-509087091
S1-324372719	US	Oncology Partners Clinic	3227 Three Bars Road, St George City, UT	S2-633995950,S3-482161030,S3-94304853		S2-633995950,S3-482161030,S3-94304853
S1-324834453	US	Pinnacle Precision Direct Corp	25 Elmwood Street, North Attleborough, MA	S2-45932186,S2-582916603,S2-72928330,S3-212849228,S3-874566527		S2-45932186,S2-582916603,S2-72928330,S3-212849228,S3-874566527
S1-326949605	India	Affinity & Co	1-93, Konidedu, Banaganapalle, Kurnool, Andhra Pradesh	S2-229142695,S2-233550405,S2-236868831,S2-548100619,S3-633056947,S3-911643640	S2-229142695	S2-233550405,S2-236868831,S2-548100619,S3-633056947,S3-911643640
S1-328256293	India	Southern Investment Private Limited	Uttar Pradesh, Lucknow, 14 Gopal Nagar Near Pramodini School Tilak Marg Road Wazirhasav Road	S2-250592813,S3-8083449		S2-250592813,S3-8083449
S1-328391255	US	Mcphillips and Hoopingarner Therapeutics Inc	12 School Street, Unit R, Acton, MA	S2-36024932,S2-74798444,S3-266315137,S3-367721195,S3-430506205,S3-876981888	S2-74798444,S3-266315137,S3-367721195,S3-430506205	S2-36024932
S1-32875470	US	Value Grayscale LLC	8158 Lafayette Road, Harrisville Township, OH	S2-252923478,S2-303218765,S3-468110499,S3-544989218,S3-864770449		S2-252923478,S2-303218765,S3-468110499,S3-544989218,S3-864770449
S1-328783389	US	Song's Ridge Liquor	55 Parts Lane, Owenton, KY	S2-385810893,S2-677239362,S3-287067576,S3-380786229	S3-380786229	S2-385810893,S2-677239362,S3-287067576
S1-329070270	US	Ruthi Gabriel Platinum Jewelers Inc	590 Newry Lane, Unit APT 206, Blair Township, PA	S2-378171235,S3-589285283		S2-378171235,S3-589285283
S1-329151911	India	Maan Exports (India) Private Limited	H No 1547/2 Sonkhed, Loha, Nanded, Maharashtra	S2-172756064,S2-54307866		S2-172756064,S2-54307866
S1-329260173	US	Dental Harbor Health Inc	4501 Arboretum Drive, Monrovia, MD	S2-775410384,S3-919672878		S2-775410384,S3-919672878
S1-329730746	US	VZU Spectral L.L.C.	42957 Heatherton Court, Loudoun County, VA	S2-370974173,S2-935883808,S3-299049431,S3-314361002,S3-543168419,S3-795240381,S3-850249338		S2-370974173,S2-935883808,S3-299049431,S3-314361002,S3-543168419,S3-795240381,S3-850249338
S1-330088130	US	Horizon Supreme Starling LLC	Unit 723, DC, 3040 Idaho Avenue, Washington	S2-191797163,S2-853426580,S3-556568111,S3-808195283		S2-191797163,S2-853426580,S3-556568111,S3-808195283
S1-330538832	India	Taaza Sangh	9-A Connaught Place, New Delhi, Central Delhi, Delhi	S2-932638988,S3-678034065,S3-775137625	S3-775137625	S2-932638988,S3-678034065
S1-330718491	India	Jayveer Marketing Private Limited	5-9-29/N2, 502, 5Th Floor, Hira Mansion, Basheerbagh, Hyderabad, Telangana	S3-168976316,S3-507898299	S3-168976316	S3-507898299
S1-33165269	US	Keon Electronics LLC	155 Serral Drive, Greeneville, TN	S2-287466064,S2-684703832,S2-743328616,S3-607061372	S2-287466064,S2-743328616	S2-684703832,S3-607061372
S1-333085368	US	Clean Digital Innovations LLC	63 Denver Street, Saugus, MA	S2-355336550,S2-489742346,S3-191722420,S3-574112580	S3-191722420	S2-355336550,S2-489742346,S3-574112580
S1-333123870	US	V F & V Group Associates	108 Ashby Drive, Augusta, AR	S2-408841240,S3-285293027,S3-399697781,S3-445462084,S3-516904291		S2-408841240,S3-285293027,S3-399697781,S3-445462084,S3-516904291
S1-333534981	US	Miller Empire Short LLC	2000 Forty Niner Drive, Tucson, AZ	S2-973654181,S3-917167125		S2-973654181,S3-917167125
S1-334071679	India	My Infotech Private Limited	Eternia, Oberoi Towers, D-3602, Lbs Marg, Mumbai, Maharashtra	S2-766704384,S3-769060302		S2-766704384,S3-769060302
S1-334176481	US	Katleen's Star Grill	27771 Stonegate Road, Paynesville, MN	S2-411252839,S3-193420788,S3-233921432,S3-653973454		S2-411252839,S3-193420788,S3-233921432,S3-653973454
S1-33420649	US	Total Consumer Products LLC	101 Harkness Drive, Milford, CT	S3-188615397,S3-32484265,S3-405923265	S3-32484265,S3-405923265	S3-188615397
S1-33465779	US	Day and Summerville LLC	26752 448th St, Pelican Rapids, MN	S2-352591219,S2-489807990,S3-148338110,S3-438577589,S3-870182607,S3-938498562	S2-352591219,S3-938498562	S2-489807990,S3-148338110,S3-438577589,S3-870182607
S1-335045370	US	Optimal Dynamic Communications	19 Onsville Place, Jacksonville, NC	S2-281552764,S3-317700493,S3-66140633,S3-751798424		S2-281552764,S3-317700493,S3-66140633,S3-751798424
S1-335269623	India	Akshay Financial (India) Pvt Ltd	16-A, G/F, Khasra No. -283, H- Block Dindarpur Extn., New Delhi, South West Delhi, Delhi	S2-622956231		S2-622956231
S1-335385542	US	Cardiology Cornerstone Specialists LLC	TN, Nashville, Unit 204, 4900 Centennial Boulevard	S2-185791571,S2-428049092,S2-576352482,S3-199509743,S3-37925122	S2-428049092	S2-185791571,S2-576352482,S3-199509743,S3-37925122
S1-335645893	India	Arihant Technology Private Limited	Block No. 501, Lord Vimalnath Building Wayale Nagar, Thane, Maharashtra	S2-531294115,S3-187626665,S3-350198017,S3-722173513	S2-531294115,S3-350198017	S3-187626665,S3-722173513
S1-336948809	India	Mass Radheshyam Corp	Plot No. G-47, Sector 6, Noida, Gautam Buddha Nagar, Uttar Pradesh	S2-676733414,S2-946330201,S3-487238262		S2-676733414,S2-946330201,S3-487238262
S1-337403486	India	Srinivas Trading Private Limited	Savarde Road, Patil Mala, Latavade, Kolhapur, Maharashtra	S2-41978902,S3-324309791		S2-41978902,S3-324309791
S1-337604737	US	Carlson, Wright & Thierry Family Practice Inc	150 Bankside Way, Sacramento, CA	S2-681594465,S2-898977417,S3-133687381,S3-135960448,S3-788137991,S3-829263646,S3-948556095	S3-948556095	S2-898977417,S3-133687381,S3-135960448,S3-788137991,S3-829263646
S1-337641994	India	Kwality Global Pvt Ltd	F4-G4, Southend Apartment, Charmwood Village, Faridabad, Haryana	S2-37923853,S2-646338551,S3-398682094	S2-37923853	S2-646338551,S3-398682094
S1-337760543	India	Den Technical Private Limited	3C/84, Chitra Koot, Vaishali Nagar, Jaipur, Rajasthan	S2-219901411,S2-407047482,S2-689999826,S3-216215917	S3-216215917	S2-219901411,S2-407047482,S2-689999826
S1-337833036	India	Mewara Brothers Private Limited	Opposite Metro Pillar No 701 Main Nazafgarh Road Uttam Nagar, Delhi, West Delhi, Delhi	S2-80836179,S3-567058763,S3-854281493		S2-80836179,S3-567058763,S3-854281493
S1-337867785	US	A Direct Marketing, Inc	5555 Macedonia Road, Unit Unit 50, Jonesboro, AR	S2-321222762,S2-343228580,S2-70767675,S2-909384935,S2-946232936,S3-146067751,S3-645424125	S3-645424125	S2-321222762,S2-343228580,S2-70767675,S2-909384935,S2-946232936,S3-146067751
S1-338016977	US	Bureau of Buildings	Unit 103, Georgetown, 807 Rock Street, TX	S2-290507624,S3-122118693,S3-325171281,S3-566844488,S3-920499510	S3-122118693	S2-290507624,S3-325171281,S3-566844488,S3-920499510
S1-33826973	India	Systems Allure Balaji Associates	Maharashtra, Solapur, Barshi, 653 Agalgaon Barshi	S2-436819505,S2-88428083,S3-250863542,S3-629841550,S3-999193337		S2-436819505,S2-88428083,S3-250863542,S3-629841550
S1-341237535	US	Ilise Mcdonald Monte LLC	200 Perkins Drive, Chapel Hill, NC, Unit 310	S2-358680067,S2-578157208,S3-189484057,S3-402624798	S2-358680067	S2-578157208,S3-189484057,S3-402624798
S1-341942769	India	Medic Nursing Home	Nellore, Opp. Mogallapalli Satram Achari Street, Andhra Pradesh, H.No. 23-973	S3-507049533,S3-794503842,S3-835970952		S3-507049533,S3-794503842,S3-835970952
S1-342208655	US	Alyse Williams Precision Biomedical	6145 95, Port Chester, NY	S2-152450679,S2-930398481		S2-152450679,S2-930398481
S1-342230507	India	White Consultants Private Limited	3/128.2, Pallipalayam, Odappalli Agraharam, Erode, Namakkal, Tamil Nadu	S2-284730595,S3-898559996		S2-284730595,S3-898559996
S1-342381713	US	Thomas, Flynn & Savala Inc.	4039 Banana Cove Road, Hulbert, OK	S2-994728701,S3-475730700,S3-578217111	S2-994728701,S3-578217111	S3-475730700
S1-342614486	US	Mccoy Galaxyedge Inc	445 2nd Avenue, Columbus, OH	S2-869020250,S3-453290573,S3-987270565	S3-453290573	S2-869020250,S3-987270565
S1-342755590	US	Heineman Biosciences Inc	8935 Alda Way, Peoria, AZ	S2-663028652,S2-672093155,S3-352430697	S2-672093155	S2-663028652,S3-352430697
S1-343022021	India	Sufi Uma Private Limited	Sno.155/3/2 Ramji Niwas Opp.Police Workshop, Pune, Maharashtra	S2-159350784,S3-967569395	S3-967569395	S2-159350784
S1-343107282	US	Fresh Snow Inc	1605 Raspberry Lane, Village Of Mount Horeb, WI	S3-509248340,S3-584116296	S3-584116296	S3-509248340
S1-343677932	US	Mount Community Church	1270 Highland Lane, Jordan, MN	S2-478164975,S2-767931043,S3-448896083	S2-261711418,S2-281480893,S2-600326308	S2-478164975,S2-767931043,S3-448896083
S1-344470282	US	Chau and Ales Wealth	281 Mansfield Road, Ashford, CT	S2-405091981,S2-555387274,S3-324888748,S3-668754009,S3-891229636	S2-405091981	S3-324888748,S3-668754009,S3-891229636
S1-344707184	India	Renukadevi Trading Pvt. Ltd.	D No 31-9-8A/1, Ward5, Maruthinagar, Suryaraopet, Vijayawada (Urban), Krishna, Andhra Pradesh	S2-612932763,S2-887755230,S3-229960679	S2-612932763,S2-887755230	S3-229960679
S1-344740717	India	Srajan & Partners	Maharashtra, Sr. No. 35, Padmachhaya, Society, Kharadi, Pune City, Pune	S2-155652787,S2-303392822,S2-955455751,S3-605764524		S2-155652787,S2-303392822,S2-955455751,S3-605764524
S1-344969675	US	Ratech Metro Associates	708 Brandenbush Lane, Bldg 7, Columbus, OH	S2-447808404,S3-107970981,S3-481621323,S3-806242529	S3-107970981,S3-481621323	S2-447808404,S3-806242529
S1-345283821	US	Phillips & Robinson LLC	Louisville, KY, 6410 Shirley Ave	S2-1488907,S3-703052124		S2-1488907,S3-703052124
S1-345325308	US	Innovative Defense Innovations Partners	1313 Rothland Lane, Red Oak, TX	S3-253433554		S3-253433554
S1-346083990	India	Sky Software Pvt Ltd	113 Ward No 10 Genani Area Behind Advocate Ladnu Road Sujangarh In, - Churu, Churu, Rajasthan	S2-441599808,S3-501571830,S3-970699846		S2-441599808,S3-501571830,S3-970699846
S1-346536987	India	Green Tech LLP	Sr No. 9/3 Mali Ali, Mahatma Phule Road, Pune City, Pune, Maharashtra	S2-488909351,S2-53730600,S2-714684120,S2-775910207,S2-880639771,S3-446366141,S3-545349324,S3-943296909	S2-880639771	S2-488909351,S2-53730600,S2-714684120,S2-775910207,S3-446366141,S3-545349324,S3-943296909
S1-346929929	US	Tiffi Hernandez Auto Repair Group	9213 Kings Highway, King George County, VA	S2-179908281,S2-544187583,S2-838942086,S3-123947945,S3-604438116,S3-765232858,S3-810938768	S3-765232858,S3-810938768	S2-179908281,S2-544187583,S2-838942086,S3-123947945,S3-604438116
S1-34803177	US	Twisted Nails	Salina, 1013 11th Street, KS		S3-424849647	
S1-34868368	India	Ziraksh Lng Private Limited	Maharashtra, T5, Third Floor, Metropole, Building Next To Inox Theatre, Bund Garden Road, Pune, T4, Pune	S2-590652739,S2-788994671,S3-215055479,S3-830059527,S3-835130348,S3-902834977	S2-590652739	S2-788994671,S3-215055479,S3-830059527,S3-835130348,S3-902834977
S1-3488200	US	Sisoft Inc.	Alexandria City, 209 Glendale Avenue, VA	S2-401455358,S2-452608422,S2-540701256,S2-987415714,S3-264020275	S2-401455358,S2-452608422	S2-540701256,S2-987415714,S3-264020275
S1-348932891	India	Pd Furniture Private Limited	206, Dlf Prime Tower, 2Nd Floor, Plot No. F-79-80 Okhla Phase-1, New Delhi, Delhi	S2-844423144,S3-208216235,S3-287141576,S3-916149109	S2-844423144,S3-287141576	S3-208216235,S3-916149109
S1-349226060	US	First Clean Immersion	23 Ponderosa Lane, Bigfork, MT	S2-473425954,S2-833902982,S3-15864706,S3-410277841	S2-833902982,S3-15864706	S2-473425954,S3-410277841
S1-349482629	US	Dixon, Kang & Sadler LLC	274 Cottage Hill Avenue, Elmhurst, IL	S2-276171698,S3-831292061		S2-276171698,S3-831292061
S1-349516889	India	Spectrum Alert Corp	23-226 Nehru Nagar, Nandigama, Krishna, Andhra Pradesh	S2-322309237,S2-487078404,S3-107241682,S3-521593531,S3-662985947		S2-322309237,S2-487078404,S3-107241682,S3-521593531,S3-662985947
S1-349597202	US	Schweitzer Piedmont Argentina	1753 52 Street, Brooklyn, NY	S2-54508491,S2-836030777		S2-54508491,S2-836030777
S1-349721907	India	Apex Producer Private Limited	Ho.No.787, Sector-15 Vasundhra, Ghaziabad, Uttar Pradesh	S2-520060600,S2-966924592,S3-397284992,S3-487878277,S3-945252817,S3-951900559	S2-520060600	S2-966924592,S3-397284992,S3-487878277,S3-945252817,S3-951900559
S1-350483664	India	Advance & Co	24/B, Netal-D Park Soc 368 Paiki Chandlodia Gam, Ahemdabad, Ahmedabad, Gujarat	S2-116629402,S2-302082866,S2-329695590,S3-308701642,S3-619907801	S3-308701642	S2-116629402,S2-302082866,S2-329695590,S3-619907801
S1-350805927	India	Shivaay Corporate Private Limited	A-703, Park View City-1 Sohna Road, Gurgaon, Haryana	S3-113027422,S3-567048138		S3-113027422
S1-351107125	US	Santos & Teter	57114 Bridge Canyon Parkway, Seligman, AZ	S2-632417457,S3-659787110	S3-659787110	S2-632417457
S1-351621941	India	Hmm General Corp	Off, No 4, Ground Floor Ruby Mahal 30D, Cawasji Patel Street, Fort, Mumbai, Maharashtra	S2-959085574,S2-995987006,S3-455975886	S2-959085574,S3-455975886	S2-995987006
S1-351641668	US	Euphemia F. Santacruz, D.O.	1455 Orchardview Drive, Akron, OH	S2-132454073,S2-813255574,S2-852866180,S3-100289336	S2-813255574,S2-852866180	S2-132454073,S3-100289336
S1-351691541	US	Irvine Enterprises LLC	1308 Edwards Street, Weldon, NC	S2-831781708,S3-305053453,S3-582194787,S3-727834689,S3-897242111		S2-831781708,S3-305053453,S3-582194787,S3-727834689,S3-897242111
S1-351732889	India	India Glass Ltd	Shop No. 701, 7Th Floor, Time Square Grand, Near Jugger Naute Arrena, Sindhu Bhavan Road, Daskroi, Ahmedabad, Gujarat	S2-592508769,S3-533079488,S3-567043337,S3-733093247	S2-592508769	S3-567043337,S3-733093247
S1-353086241	India	Kochi Design Private Limited	Door No.3/1210, Earavely, Bazar Road, Kochi, Ernakulam, Kerala	S2-269548654,S3-497272213,S3-551854906		S2-269548654,S3-497272213,S3-551854906
S1-353530387	US	Smart Keystone Furniture LP	602 Third Street, Valley Mills, TX	S2-327511559		S2-327511559
S1-356013700	US	Reich Copley LLC	14 Harrison Avenue, Clarkstown, NY	S2-704974066,S2-873569756,S3-675453454,S3-713136441,S3-868681328	S2-873569756	S2-704974066,S3-675453454,S3-713136441,S3-868681328
S1-356032575	India	Amar Care Private Limited	Flat No. 504, Towerg1, Eros Sampoornam, Plot No. Gh 01, Sector 2, Techzon 4, Greater Noida West, Gautam Buddha Nagar, Uttar Pradesh	S2-144390571,S2-242087298,S3-108947944		S2-144390571,S2-242087298,S3-108947944
S1-357084531	US	Meyer Silver Charles of Barnstable	MA, 182 Sea Street, Unit 9, Barnstable	S2-344856154,S2-524643390,S2-622391746,S2-697190122,S3-219484029	S2-344856154,S2-622391746,S2-697190122	S2-524643390,S3-219484029
S1-357236723	US	Mitchell Communities Inc	1312 58th Avenue, Sacramento, CA	S3-407416609,S3-73729707,S3-996446227	S3-996446227	S3-407416609,S3-73729707
S1-358079335	US	Thomas Elite Atlanticus Inc	1227 Ladbrooke Drive, Evansville, IN	S2-362681788,S2-738734625,S2-811455807,S2-887829275,S3-15367125,S3-227372234,S3-570627877,S3-798898305	S2-362681788,S2-887829275,S3-15367125,S3-570627877	S2-738734625,S2-811455807,S3-227372234,S3-798898305
S1-358115052	India	Golden Industries Private Limited	#314 3Rd D Main Ombr Layout Banaswadi, Bangalore, Karnataka	S2-214156026,S2-335524444,S2-581022514,S2-968401154,S3-640465139,S3-804153177,S3-942307646	S2-214156026	S2-335524444,S2-581022514,S2-968401154,S3-640465139,S3-804153177,S3-942307646
S1-358708381	US	Vision Pacific Center, LLC	Newburgh, NY, 24 Lexington Drive	S2-184151151,S2-208875389,S2-971116347,S3-189306914,S3-968455405	S2-971116347	S2-184151151,S2-208875389,S3-189306914,S3-968455405
S1-35957880	US	Pippa Smith Equipment	114899 4207 Road, Checotah, OK	S2-292800522,S3-28146763,S3-315521344,S3-366657178	S3-366657178	S2-292800522,S3-28146763,S3-315521344
S1-359716709	US	Maid Cafe	2491 Crystal Springs Drive, Bldg 16, Hilliard, OH	S2-491392579,S2-642347922,S2-752975758,S2-871946648,S3-476833671,S3-820995090	S2-752975758,S3-476833671	S2-491392579,S2-871946648
S1-359765980	US	Gretchen Rojas Rocky Acres Inc.	Phoenix, 9018 Avalon Drive, AZ	S2-324297561		S2-324297561
S1-360742739	India	Kunj Vate Ltd	Old A-62, New B 248 Uniyal Complex Gali No 2 West Vinod Nagae East Delhi, East Delhi, Delhi	S2-372640606,S2-466416096,S2-501467668,S3-942127203,S3-994977884	S2-466416096	S2-372640606,S2-501467668,S3-942127203,S3-994977884
S1-360844116	India	Sun Pharma (India) Private Limited	A 102, Rishabh Paradise, Ahinsa Khand 2, Indirapuram, Ghaziabad, Uttar Pradesh	S2-127061733,S3-349983818,S3-581876622		S2-127061733,S3-349983818,S3-581876622
S1-361183754	India	Jainson Academy Private Limited	351-Galleria Shopping Hub, Nr. Sanjeevkumar Auditorium, Opp. New Rto, Pal, Adajan, Surat City, Surat, Gujarat	S2-26611756,S2-961649593,S2-969049677,S3-13510939,S3-217797580,S3-318524066,S3-425103275,S3-783324739	S2-969049677,S3-13510939	S2-26611756,S2-961649593,S3-217797580,S3-318524066,S3-425103275,S3-783324739
S1-361266153	US	Rosene Brown Holdings	308 Barnacle Run, Wilmington, NC	S2-426214,S3-127221613,S3-443837714,S3-788994926		S2-426214,S3-127221613,S3-443837714,S3-788994926
S1-362911243	US	Cornerstone Inc	21422 Rising Fawn Road, Porter, TX	S2-220493517,S2-775844535,S2-878618278	S2-220493517	S2-775844535,S2-878618278
S1-364613050	India	Sheetal India Limited	1/140, Vibhav Khand Gomti Nagar, Lucknow, Uttar Pradesh	S2-514468135,S2-697850247,S3-175362762,S3-228345718,S3-383171978		S2-514468135,S2-697850247,S3-175362762,S3-228345718,S3-383171978
S1-364657840	US	Anderson, Dyanne M., Ph.D.	204 Callodine Avenue, Unit Apartment 1, Amherst, NY	S2-156411458,S2-36895492,S2-860959108,S3-255493437	S3-255493437	S2-156411458,S2-36895492,S2-860959108
S1-364741280	US	Patriot Focus LLC	7517 77th Street, Victoria, MN	S2-668819998,S3-601582513,S3-857228639	S2-668819998	S3-601582513,S3-857228639
S1-365548803	India	Sree Agro Private Limited	91Springboard74/11Ccross Road Opp Gate No2, Midc Seepz Andheri East, Mumbai, Maharashtra	S2-713247205,S3-804499800,S3-95343122	S2-760936426	S2-713247205,S3-804499800,S3-95343122
S1-365737679	US	Gabriify Star Metal Works LLC	1006 Hickory Street, Village Of Marathon City, WI	S2-549214588,S3-798044463	S3-798044463	S2-549214588
S1-365967259	US	T R & H Resource LLC	8143 Grant Colonial Drive, Unit APT A, Saint Louis, MO	S2-194039513,S3-672228486		S2-194039513,S3-672228486
S1-366298235	India	Orchid & Brothers Limited	Gorakhpur, B-334, Gorakhpur, Near Awas Vikash Colony, Uttar Pradesh	S2-452055654,S2-830263324,S2-833179185,S2-947834948,S3-86844818	S2-833179185,S3-86844818	S2-452055654,S2-830263324,S2-947834948
S1-366458152	India	Pd Arena Co	Gat No.709 Mami Galli, Kudalwadi Pimpri Chinchwad, Pune City, Pune, Maharashtra	S2-895638231,S3-57051792		S3-57051792
S1-3667092	US	Pediatric Dentistry Associates LLC	12776 Madero Drive, Arizona City, AZ	S2-176201061,S2-593691463,S2-614034959,S3-91610183	S2-593691463,S2-614034959,S3-241509673,S3-741686864	S2-176201061,S3-91610183
S1-366779321	US	Coastal League	OR, 184 Taylor Street, Sutherlin		S3-412144117	
S1-367508161	India	Av Systems Private Limited	Shop No. 2, C Wing, 1184/4, Shreenath Plaza Dnyaneshwar Paduka Chowk, Fc Road, Pune, Maharashtra	S3-383559569,S3-754608156,S3-803200169	S3-754608156	S3-383559569,S3-803200169
S1-368009623	US	Plumbers Local Union 493 Corp	6239 Folly Lane, Fairfax County, VA	S2-358234185,S3-367596111,S3-784955306,S3-882120174	S2-358234185,S3-367596111,S3-784955306	S3-882120174
S1-368180742	India	Dazzle Tech Private Limited	N-17, 1St & 2Nd Floor, Annexe Flat Green Park Extension, New Delhi, South Delhi, Delhi	S2-45541144		S2-45541144
S1-368445509	US	Kinsey Eco of Nashville Co	Unit 301, TN, Nashville, 2940 Dickerson Pike	S2-380923313,S2-673260529,S3-271565886,S3-29440384,S3-475258377	S2-380923313	S2-673260529,S3-475258377
S1-368589476	India	New Delhi Estate Private Limited	B-379 Meera Baghpaschim Vihar, New Delhi, North Delhi, Delhi	S3-199973031,S3-275600062,S3-82371578	S3-210417771,S3-514996359	S3-199973031,S3-275600062,S3-82371578
S1-369225803	US	Kent & Leung Lease	3530 Hanover Rd, KY, Saint Matthews	S2-458108465,S2-959266922,S3-345744868	S2-458108465	S2-959266922,S3-345744868
S1-369648712	US	Alcantara Wireless Inc	7173 259, Bee Spring, KY	S2-964188523,S3-727161197		S2-964188523,S3-727161197
S1-370650284	India	Bharat Trading Pvt Ltd	Kozhikode, Cd Tower, Mini Bypass, 63/3623, Kerala, Kozhikode	S2-997397966,S3-119475603		S2-997397966,S3-119475603
S1-371834400	US	Catherin Serrano Pioneer L.L.C.	258 Sandstone Hollow Road, Buckhannon, WV	S2-510520166,S3-359112885		S2-510520166,S3-359112885
S1-37184973	US	Astrix Connelly Bright Solid	3400 Columbus Avenue, Chicago, IL	S2-152221827,S2-414626489,S2-736297108,S3-504549894,S3-925936785	S3-925936785	S2-152221827,S2-414626489,S2-736297108,S3-504549894
S1-37186871	US	Frontier Blue Bnb	3062 15 Midland Road, Unit 15, Shelbyville, TN	S2-129618580,S2-477209169,S3-237063624,S3-615938455,S3-844882184		S2-129618580,S2-477209169,S3-237063624,S3-615938455,S3-844882184
S1-371995263	India	Vrinda Entertainment Limited	Flat No205 Plot No 127-12, Brindavanam Apt, Qutubullapur, K.V.Rangareddy, Telangana	S2-162030134,S2-29600991,S2-884980002,S3-937736964,S3-992140749	S2-884980002	S2-162030134,S2-29600991,S3-937736964,S3-992140749
S1-372001546	India	Smart Infra Private Limited	547, Kanti Rewa Road, Allahabad, Uttar Pradesh	S2-373255015,S2-456081319,S3-109567873,S3-536957610		S2-373255015,S2-456081319,S3-109567873,S3-536957610
S1-372084724	US	Toomer, Hilton and Brown Deep LLC	611 Main Street, Gillett, AR	S2-185383003,S2-781385549,S3-916423100	S2-781385549	S2-185383003,S3-916423100
S1-373186264	US	Veltetech Perimeter LLC	18 Fountain Lane, Unit 6, Weymouth, MA	S2-508424644,S2-633128126,S2-739201815,S3-364295974,S3-510670652,S3-672320177,S3-77048499		S2-508424644,S2-633128126,S3-364295974,S3-510670652,S3-672320177,S3-77048499
S1-374154725	India	Itarsi Care Private Limited	Shop No. 3, Guru Nanak Complex, Vipin Nagar, Itarsi, Hoshangabad, Madhya Pradesh	S2-332830405,S2-551004489,S2-778015832,S3-629264688	S2-551004489	S2-332830405,S2-778015832,S3-629264688
S1-374703801	US	Reyes Precious	1764 Salesville Road, TX, Mineral Wells	S2-324501411,S2-545669134,S2-880762100	S2-545669134,S2-880762100	S2-324501411
S1-374775260	India	Pratap Ventures Pvt. Ltd.	171/D/2 Picnic Garden Road, West Bengal, Kolkata, Calcutta	S2-487157283,S2-950838315,S3-268155745,S3-394037507		S2-487157283,S2-950838315,S3-268155745,S3-394037507
S1-374854151	US	Femoex	1616 M L King Jr Boulevard, Texarkana, TX	S2-871178178,S3-232318310		S3-232318310
S1-375212466	India	Digital Estate Private Limited	Gat No 355 Varkutebudruk Tal Indapur, Pune, Maharashtra	S2-240481029,S2-822902943,S2-97617242,S3-536936480,S3-57397904,S3-901725244		S2-240481029,S2-822902943,S2-97617242,S3-536936480,S3-57397904
S1-375553306	US	Foot & Ankle Vanguard Care Associates, Inc	1725 Hunt Highway, San Tan Valley, AZ	S2-262348674,S2-399207806,S2-64049061,S3-158124408		S2-262348674,S2-399207806,S2-64049061,S3-158124408
S1-375807575	US	Brightyn Solana	1907 Continental Avenue, Unit 308, Naperville, IL	S2-596605827,S2-782563602,S3-382027870	S2-596605827	S2-782563602,S3-382027870
S1-375840156	India	Maa Technology Pvt Ltd	House No-132, Jaina, Appartment, Sector 13, Delhi, North West Delhi, Delhi	S2-179029626,S2-884078148,S3-474336456,S3-997834741	S3-997834741	S2-179029626,S2-884078148,S3-474336456
S1-375860852	US	Goode Winvest Inc	6368 Belfast Road, Goshen, OH	S2-233053213,S2-732031822,S2-968414552,S3-770241576	S2-968414552	S2-233053213,S2-732031822,S3-770241576
S1-376153645	US	Escobar Green Distribution	1033 Evergreen Court, Redlands, CA	S2-618414922,S2-654083949,S3-783657604	S2-618414922,S2-654083949	S3-783657604
S1-376177898	India	Janaki Vidyalaya	Pl No 29, Iscon Saundray Gate No. 2, Iscon Club Road, Nr, Victoria Park, Bhavnagar, Gujarat	S2-166648416,S2-263907139,S2-707634801,S3-410679356,S3-678044875	S2-166648416,S2-707634801,S3-678044875	S3-410679356
S1-376583633	US	Amador Shreya	616 Marsh Hill Road, West Fairlee, VT	S2-262886128,S3-232095072,S3-259010387,S3-298426114,S3-95789088	S2-262886128,S3-298426114	S3-232095072,S3-259010387,S3-95789088
S1-378108970	US	American Supply LLC	11549 Larimore Road, Fl 0, Saint Louis, MO	S3-424299284,S3-680284546		S3-424299284,S3-680284546
S1-379058393	US	U I Gloster Tailwind Inc.	523 Capitol Road, Elkhart, IN	S2-336240206,S3-207239285,S3-784441936		S2-336240206,S3-207239285,S3-784441936
S1-379773220	India	Jai Unique Software Private Limited	3101/3201 Zahra Towers, Mumbai City, E Moses Road Worli, Mumbai, Maharashtra, Mumbai	S2-689780615,S3-623504607		S2-689780615,S3-623504607
S1-380054324	US	Superior Payroll Corporation	7342 Antoinette Way, Unit 201, Knoxville, TN	S2-274324946,S2-541714444,S3-553447823,S3-935512016	S3-935512016	S2-274324946,S2-541714444,S3-553447823
S1-380258558	US	Sandye's Healthcare	25 Sunhaven Court, Tarrytown, NY	S2-588613282,S2-599738114,S3-528405737,S3-554049604	S2-599738114,S3-554049604	S2-588613282,S3-528405737
S1-380623258	US	Castro Xflh LLC	1818 Waterlily Way, Normal, IL	S2-270940611,S3-872996972	S2-270940611	S3-872996972
S1-380645240	US	Cypress Inc.	407 Third Street, Seymour, IN	S2-760301381,S2-883175251,S3-520043317,S3-867164094	S2-216001618,S2-459512495,S2-722345805,S2-760301381,S2-785186878,S2-808932476,S2-883175251,S3-867164094	S3-520043317
S1-383263083	India	All Energy	Plot No.7302/1 Gidc Sachin Industrial Estate, Sachin, Surat, Gujarat	S2-839477297,S3-213810248,S3-489017060,S3-981438680	S3-213810248	S2-839477297,S3-489017060,S3-981438680
S1-383307240	US	Guthrie All Alliance	10 Alberta Lane, Lakeville, MA	S2-142524694,S3-928705328,S3-930832646	S2-142524694	S3-928705328,S3-930832646
S1-383342490	India	Rvj India Limited	Shanti Memorial Hospital Complex Rourkela, Sundargarh, Orissa	S2-902646618,S3-631999017,S3-680551233,S3-816581674		S2-902646618,S3-631999017,S3-680551233,S3-816581674
S1-383357395	US	Family Association	175 Oregon Trail, Lincoln, NE	S3-527064451,S3-669107844,S3-86149976	S2-890241516,S3-527064451,S3-669107844,S3-86149976	
S1-383689500	US	Perry Veterinary Clinic LLC	7074 Scoffield Road, Unit 114, Ripley, OH	S2-521398434,S2-872243143,S3-643809672	S2-521398434	S2-872243143,S3-643809672
S1-384574634	India	Urban Systems Private Limited	Plot No.57, Road No.2, Tulsi Nagar, Hmt Hills, Kukatpally, Hyderabad, Telangana	S2-192381258,S2-456167875,S2-779369622,S3-551612110,S3-775495502	S2-456167875	S2-192381258,S2-779369622,S3-551612110,S3-775495502
S1-387311876	India	Skj Vidyalaya	Plotno.118 Opp Parth Society, B/H Shalby Hospital Nr Narmada Hospital, Sg Highway, Ahmedabad, Gujarat	S2-100553237,S2-14796195,S3-188484485	S2-100553237	S2-14796195
S1-387417068	US	Maid Diner LLC	119 New Dominion Lane, Buckingham County, VA	S2-14805613,S2-761061239,S2-928824310,S3-423577520,S3-67260219,S3-738092922,S3-998395868	S2-761061239,S2-928824310,S3-423577520	S2-14805613,S3-67260219,S3-738092922,S3-998395868
S1-387570849	US	Brandon Athena	102 Seaview Avenue, Northport, NY	S2-450471469,S2-476326254,S3-100498933	S3-100498933	S2-450471469,S2-476326254
S1-387627938	US	Cozy Pizza!	10 Linden Street, Ellsworth Borough, PA	S2-260613501,S2-340808897,S3-230099420,S3-654984392	S2-340808897,S2-671400954,S2-967791589,S3-230099420,S3-490678246	S2-260613501,S3-654984392
S1-388199649	US	Lyros Mid LLC	3007 Harl Avenue, Tempe, AZ	S2-694815366,S2-754449488,S2-825874441	S2-745626927	S2-694815366,S2-754449488,S2-825874441
S1-388458305	US	Siobhan Jones Hill Inc	3900 Jasmine Street, Chattanooga, TN	S2-187273229,S2-385125529,S3-25203701,S3-876992749	S2-385125529	S2-187273229,S3-25203701,S3-876992749
S1-388481114	India	Kads Construction Private Limited	128/1B, Vinayak Shramic Co Op Society, Paud Road, Pune, Maharashtra	S3-14153609,S3-416747172	S3-14153609	S3-416747172
S1-38974663	US	Amber	3074 Coney Island Avenue, Brooklyn, NY	S2-899156346,S3-52727237,S3-590882235,S3-996946050	S2-115347608,S2-124182339,S2-237952370,S2-563097886,S2-741401296,S3-231167046	S2-899156346,S3-52727237,S3-590882235,S3-996946050
S1-390470399	US	Cuevas Premier Graf LLC	65 Follen Road, Lexington, MA	S2-342153382,S3-472952485		S3-472952485
S1-391023037	India	Classic Developers Private Limited	Plot-65, Gr.Floor, Sy.No.110-112, Tps-26, Fp-50/1, Karnavati Housing Society. Nr. Suryam Re, Sidency, Causway Singanpor Road Surat, Surat, Gujarat	S2-114305733,S2-793074376,S3-372764074		S2-114305733,S2-793074376
S1-39159770	US	Lower School of Medicine Inc	739 43, Fyffe, AL	S2-826849490,S3-452154438	S2-826849490	S3-452154438
S1-39173341	US	Green Property Advisors Clinic	90 Oneal Road, Valley Head, AL	S2-462513225,S2-874787097,S3-509785820,S3-562931918,S3-817698928		S2-462513225,S2-874787097,S3-509785820,S3-562931918,S3-817698928
S1-392046024	US	Orthopedic Center Holdings	4009 Thomas Street, Unit Apt B, Siloam Springs, AR	S2-558385599,S3-528644879		S2-558385599,S3-528644879
S1-392328896	India	Pavani Trust	14, Princep. Streetcalcutta-72, Kolkata, Howrah, West Bengal	S2-214863279,S2-285007731,S2-386740880,S2-882933032,S3-788733392,S3-929617196	S2-285007731,S2-386740880	S2-214863279,S2-882933032,S3-929617196
S1-394438811	India	Wiz Oriental LLP	C/O, Sijo Jose, Kannampuzha, Mallissery Vattapparambu P O, Ernakulam, Kerala	S2-186061807		S2-186061807
S1-394532530	US	Roify Foods P.C.	1479 87, Plattsburgh, NY	S2-561769629,S3-103840053,S3-269672044	S2-561769629,S3-103840053	S3-269672044
S1-394878527	US	WW Gulf Fields	10850 Greenbridge Place, Unit APT 429, Chesterfield County, VA	S2-76568503,S3-125433497,S3-775933280		S2-76568503,S3-125433497,S3-775933280
S1-395033688	US	Garcia's Anchor Bike Shop	306 Montgomery Street, Unit APT 2, Hollidaysburg Borough, PA	S2-307747942,S2-533333382,S3-110884020,S3-715009297	S3-715009297	S2-307747942,S2-533333382,S3-110884020
S1-395457218	India	UHE Forex Private Limited	2/1149/I 100, Hilite, Business Park, Tower 2, Kozhikode, Kerala	S2-275941011,S3-254220291,S3-271416559,S3-755826738		S2-275941011,S3-254220291,S3-271416559,S3-755826738
S1-396138432	US	Nexbrio	4153 Highway 311, Houma, LA	S2-31698767,S2-993617063,S3-145082281,S3-384785168,S3-396297443	S2-31698767,S3-384785168,S3-396297443	S2-993617063,S3-145082281
S1-396286725	India	Chandrita Services Limited	127 10Th Cross 9Th Main, Road Ideal Home R.R Nagar, Bangalore South, Bangalore, Karnataka	S2-462100825,S2-699181528,S2-823570069,S3-202099670,S3-679130664		S2-462100825,S2-699181528,S2-823570069,S3-202099670,S3-679130664
S1-39729003	India	Iyer Technologies Group	Raidighi, Parganas South, West Bengal, Vill & Post - Raidighi Ps. - Raidighi	S2-405217434,S2-71810265,S3-133727099,S3-25345917,S3-365678558		S2-405217434,S2-71810265,S3-133727099,S3-25345917,S3-365678558
S1-397793253	US	Sterling Bitcoin LP	Tulsa, 10929 23rd Street, Unit APARTMENT  D, OK	S2-75584064,S3-136814929,S3-348806126		S2-75584064,S3-136814929,S3-348806126
S1-398063562	US	LJX Innovative Enbridge	7 Stave Mill Lane, Mayflower, AR	S2-306234485,S3-618049670,S3-827019485		S2-306234485,S3-618049670,S3-827019485
S1-399882722	US	Commission on Aging	3920 Dude Ranch Drive, Crandall, TX	S2-652028169,S2-750431826,S3-458644198,S3-785252818,S3-979682717	S2-198945176,S2-807206747,S3-458644198,S3-785252818	S2-652028169,S2-750431826,S3-979682717
S1-400214010	US	Cecilla D. Buchanan, D.D.S. Inc.	3537 Commercial Avenue, Portland, OR	S2-40447652,S2-406075597,S2-848096208,S3-169001963,S3-34046633		S2-40447652,S2-406075597,S2-848096208,S3-169001963,S3-34046633
S1-400328898	US	Great Electronics	5748 Agawam Drive, Unit APT 3D, Indianapolis, IN	S2-600424815,S3-753218033		S2-600424815,S3-753218033
S1-400408702	US	Willow Moore Ventures LLC	7234 Skyline Drive, Justice, IL	S2-298327945,S3-1499042,S3-308721736	S2-298327945,S3-308721736	S3-1499042
S1-401243404	India	Planet Educational Society	216, Suriya Appartment Kamarajnagar, Kavalkinaru Junction, Radhapuram Taluk, Tirunelveli, Tamil Nadu	S2-878515174,S2-92285486,S3-356760533,S3-582822100,S3-815520932	S2-878515174,S2-92285486	S3-356760533,S3-582822100,S3-815520932
S1-401363818	US	Vanguard Industrial Partners Inc.	9108 25, Selma, IN	S2-169176133,S2-667850366,S3-395608063	S2-169176133,S2-667850366	S3-395608063
S1-401402916	US	Lopez & Yin Couture Corp	Unit APT 107, 5900 Thomas Road, Scottsdale, AZ	S2-370230706,S2-797378277,S2-982624503,S2-991203757,S3-670036451	S2-797378277	S2-370230706,S2-982624503,S2-991203757,S3-670036451
S1-402092113	US	Keystone Heartland Cion Cobleskill Inc	108 Division Street, Cobleskill, NY	S2-412933478,S2-972687189,S2-98388355,S3-102710437,S3-439941236,S3-722154582,S3-976985407	S2-412933478,S2-972687189,S2-98388355	S3-102710437,S3-439941236,S3-722154582,S3-976985407
S1-402122341	US	Sullivan Cornerstone Petroleum	2968 Commonwealth Drive, Unit 814, Spring Hill, TN	S2-993291816,S3-282283331	S3-282283331	S2-993291816
S1-402176174	US	Metropolitan Learning Center	370 217, Claverack, NY	S2-48438852,S3-652791700		S2-48438852,S3-652791700
S1-402242013	US	Moreno & Stacy Asia, Inc	633 Innes Lane, Bend, OR	S2-238698550,S2-447285928,S2-527857242,S3-364572170,S3-518872606	S2-447285928,S3-518872606	S2-238698550,S2-527857242,S3-364572170
S1-402419744	US	Kiser Capital Service Care	262 Golden Crest Drive, House Springs, MO	S2-323886227,S2-585954698,S2-728807943		S2-323886227,S2-585954698,S2-728807943
S1-40316181	India	Jay Investment Private Limited	1 Shree Ramlaxmi Niwas, Near Old Anthony Bakery, Thane, Maharashtra	S2-284751499,S3-272158761,S3-27282144,S3-405083469,S3-654018604		S2-284751499,S3-272158761,S3-27282144,S3-405083469,S3-654018604
S1-403250694	India	Sunrise Great Exports Pvt Ltd	505/6, Gidc Makarpura, Vadodara, Gujarat	S2-341996801,S3-24810211,S3-898747085,S3-990550434,S3-994086042	S3-24810211,S3-898747085,S3-994086042	S2-341996801,S3-990550434
S1-403435707	US	Coastal Direct End	3370 6735, West Jordan City, UT	S2-610146016,S2-971926467,S3-548259405		S2-610146016,S2-971926467,S3-548259405
S1-405142743	US	Garces, Lee & Longfellow Corp	153 County Road 3520, Dike, TX	S2-385667001		S2-385667001
S1-405643250	US	Oliver and Funderburg Future LLC	3230 Richmond Avenue, Unit APT F, Wichita, KS	S2-651619241,S2-757710319,S3-137461376,S3-845925607	S2-757710319	S2-651619241,S3-137461376,S3-845925607
S1-407217255	India	City Power Pvt Ltd	7/18, Site Iv, Ghaziabad, Uttar Pradesh	S2-447454726,S3-129108592,S3-529027076		S2-447454726,S3-129108592,S3-529027076
S1-407220460	India	Super South Developers Limited	61, Mumbai, Maharashtra, Floor 6, Plot -85, Maker Tower, E, G D Somani Marg, World Trade Centre	S2-705539026,S3-100707730,S3-389716038		S2-705539026,S3-100707730,S3-389716038
S1-40734515	US	Atlantic Insurance Concepts LLC	2041 S Shore Boulevard, Montgomery, TX	S2-25606267,S2-471771474,S3-473979009	S3-473979009	S2-25606267,S2-471771474
S1-407749526	US	Mendoza Vaneck Inc	2419 Aubrie Circle, Van Buren, AR	S2-529895305,S3-176294512,S3-443961624,S3-525152507,S3-737059260,S3-837454003	S2-529895305,S3-176294512,S3-443961624,S3-837454003	S3-737059260
S1-408561012	US	Washington Assets LLC	747 Ralph Mcgill Boulevard, Unit 131, Atlanta, GA	S2-431131754,S2-527879475,S2-826743059,S3-167905568,S3-677397880	S2-431131754,S2-527879475	S2-826743059,S3-167905568,S3-677397880
S1-409107433	India	Shivam Estate Private Limited	001 Gr. Floor, Eco House Premises Chs Ltd Visheshwar Ngr Rd., Goregaon East, Behind, Udipi Hotel, Mumbai, Mumbai City, Maharashtra	S2-709754485,S3-643482616,S3-841882249,S3-911033259		S2-709754485,S3-643482616,S3-841882249,S3-911033259
S1-409966087	India	Mini Online Private Limited	5 Suresh Baug Mathuradas Road Near Ankur Hosp Kandivali West, Mumbai, Mumbai City, Maharashtra	S2-738475593,S3-497955971		S2-738475593,S3-497955971
S1-409978192	US	Youth Center, LLC	4019 Home Creek Road, Buchanan County, VA	S2-450134162,S2-927626166,S3-278593167,S3-988980562		S2-450134162,S2-927626166,S3-278593167,S3-988980562
S1-410582377	US	Stonesifer Silver Aldabra Clinic	Indian Twp Res, 33 Jesses Way, ME	S2-182835974,S2-253769358,S2-919686596,S2-920596981,S3-867483805		S2-182835974,S2-253769358,S2-919686596,S3-867483805
S1-411354535	US	Cuellar Apex Bsp Inc	5424 Terraza, Tucson, AZ	S2-322150158,S2-491942233,S2-497699416,S2-571722835,S3-161047527,S3-1841811,S3-341931300,S3-861847215	S2-571722835,S3-861847215	S2-491942233,S2-497699416,S3-161047527,S3-1841811,S3-341931300
S1-412055569	US	The Dent Hair Studio	IL, Quincy, 1259 Monroe Street	S3-652383671,S3-965266160		S3-652383671,S3-965266160
S1-412655390	India	Faridabad Technologies Private Limited	House No 326, Sector 22, Faridabad, Haryana	S2-616088079,S2-946577101,S3-164618240	S2-616088079,S2-668845895,S2-933488071	S2-946577101,S3-164618240
S1-412711897	India	Prime Business Private Limited	G2/703 Neelkanth, Dharatirth Dham Com, Kalyan, Thane, Maharashtra	S2-234751813,S2-399595092,S3-581637217		S2-234751813,S2-399595092,S3-581637217
S1-412912864	India	Consultancy Yograj Publishing LLP	75, Brijmandal Colony, Kalwar Road, Jhotwara, Jaipur, Rajasthan	S2-817782925,S3-112134314,S3-846733050		S2-817782925,S3-112134314,S3-846733050
S1-413537709	US	Malone, Papagena, MD	2322 Lathrop Avenue, City Of Racine, WI	S2-569174971,S2-706711195,S2-753501196,S2-854150888,S3-757850525,S3-891757249	S2-753501196,S3-891757249	S2-569174971,S2-706711195,S2-854150888,S3-757850525
S1-413751812	US	Allied Coastal Wen LLC	1248 Pine Tree Drive, Birmingham, AL	S2-24149156,S2-398617191	S2-24149156	S2-398617191
S1-413869411	India	Lakshmi Developers Private Limited	Gala No 07, Bamandev Compund, Thane, Maharashtra	S2-277695746,S3-981849460		S2-277695746,S3-981849460
S1-414116839	US	Grand Grayscale LLC	12084 Woodbrook Drive, Conroe, TX	S2-283607424,S2-636868645,S2-805829129,S2-821950583,S3-857675582	S2-821950583	S2-283607424,S2-636868645,S2-805829129,S3-857675582
S1-414211154	US	Young Lake LLC	19 Courtney Street, Unit 8, Fall River, MA	S2-714615745,S3-562402364		S2-714615745,S3-562402364
S1-414695545	US	Mahajan Advanced Mckinley LLC	103 Main Street, Unit B, Maiden, NC	S2-291211185,S2-377209286,S2-644002974,S3-323391465	S2-644002974,S3-323391465	S2-291211185,S2-377209286
S1-414722130	US	Capital Guild Inc	132 Maple Circle, Belmont, NC	S2-380788481,S2-620759873,S3-138614111,S3-249688301,S3-57091509	S2-380788481	S2-620759873,S3-138614111,S3-249688301,S3-57091509
S1-415232180	US	Signature Payroll Corporation	7509 Leah Drive, Albuquerque, NM	S2-308502529,S2-529652451,S2-636538168,S2-726807746,S2-727196971,S3-139454247	S2-308502529	S2-529652451,S2-636538168,S2-726807746,S2-727196971,S3-139454247
S1-415959885	US	Garcia and Williams	5467 W Park Avenue, Houma, LA	S2-73644918,S3-371392593,S3-916206596	S2-426102435,S2-827754668	S2-73644918,S3-371392593,S3-916206596
S1-416016472	US	A Cure 4 All	4 Elizabeth Avenue, Burlington, MA	S2-491696359	S2-848452594	S2-491696359
S1-416128365	India	Delhi Vistas Private Limited	C-111, Gf, Gali No-1 Ganesh Nagar, Pandav Nagar Complex, Delhi, East Delhi, Delhi	S2-102655323,S2-320459108,S2-476843758,S3-708657547	S2-320459108	S2-102655323,S2-476843758,S3-708657547
S1-41631524	India	Djr Construction Clinic	6, Blcok J Jahangir Puri, Newdelhi, North East, Delhi	S2-23416682,S2-38891111,S2-746775743,S2-826887406,S3-626744668		S2-23416682,S2-38891111,S2-746775743,S2-826887406,S3-626744668
S1-416446666	India	First Impex Private Limited	S.F.No.554/1 & 557, Swaminathapuram Road, Vadavalli Village, Periaputhur, Annur Ta, Luk, Coimbatore, Tamil Nadu	S2-400606669,S3-308256908,S3-388021877,S3-408359744,S3-420416030,S3-89348942,S3-904414799	S3-308256908,S3-388021877	S2-400606669,S3-408359744,S3-420416030,S3-89348942,S3-904414799
S1-417311843	India	Indo Infotech	Kolkata, Calcutta, 10A Lee Road P S Bhowanipur, West Bengal	S3-755516054,S3-757078610		S3-755516054,S3-757078610
S1-417850954	India	Video Ventures Private Limited	1104 B-Wing Sagar Heights, K A Road Sakinaka Andheri Mumbai, Mumbai, Mumbai City, Maharashtra	S2-556632862,S3-244800914		S2-556632862,S3-244800914
S1-4188123	US	Saint Israel Associates	41 Dover Street, Massena, NY	S2-367256192,S3-143008625	S2-367256192	S3-143008625
S1-418934690	India	Lakshmi Consultancy Pvt. Ltd.	Gujarat, Kadi, Survey No- 1560/1, Rajpur, Rajpur, Kadi, Chhatral, Mahesana	S2-737858768,S3-292320687,S3-485041775,S3-50331627,S3-835057609		S2-737858768,S3-292320687,S3-485041775,S3-50331627,S3-835057609
S1-41982793	US	Marquez and Pratt LLC	AL, 77 Lucky Town Loop, Elmore	S2-164065651,S2-426756512,S3-195653974,S3-377375443,S3-484298064,S3-542596654	S2-426756512	S2-164065651,S3-195653974,S3-377375443,S3-484298064,S3-542596654
S1-420882612	US	Sena M. Walters, Esq.	21 Massasoit Avenue, Unit 1, Brockton, MA	S3-470805894,S3-516032035		S3-470805894,S3-516032035
S1-422376765	India	Holani Brothers Pvt Ltd	67, Block A, Pkt 1, Sector 7, Rohini, New Delhi, North West, Delhi	S2-70024896,S2-797964612,S3-187527076,S3-343621295,S3-909126729	S3-909126729	S2-70024896,S2-797964612,S3-187527076,S3-343621295
S1-422860211	US	Blue Committee	Tinley Park, 20032 Boyne Drive, IL	S2-668112631,S3-841871225	S2-668112631,S3-471390773,S3-841871225	
S1-423490334	India	Supreme Properties Private Limited	House No. 1118 Dlf Phase Iv, Gurgaon, Haryana	S2-935407520,S3-763908084,S3-787128512		S2-935407520,S3-763908084,S3-787128512
S1-423593676	US	American Citizens Clinic	4510 Charlotte Avenue, Unit 100, Nashville, TN	S2-495705643,S2-923627107,S2-994333253,S3-202671541		S2-495705643,S2-923627107,S2-994333253,S3-202671541
S1-424342018	US	Clear Medical Brands LLC	305 Hill Court, Buffalo Grove, IL	S2-11744727,S2-699115357,S2-754951144,S3-194868410,S3-612166630,S3-619256636,S3-639389140,S3-936597564	S2-699115357	S2-11744727,S3-194868410,S3-612166630,S3-619256636,S3-639389140,S3-936597564
S1-424780487	US	Internal Medicine Valley Physicians	828 Osage Street, El Dorado, KS	S2-442948790,S2-543682309,S3-455920123,S3-598196089,S3-626032847,S3-933812994	S2-543682309,S3-626032847	S2-442948790,S3-455920123,S3-598196089,S3-933812994
S1-424839414	India	Sathe Leasing Private Limited	Plot No.676, 1St Floor, Road No.16 Vasanth Nagar Colony, Kukatpally, Hyderabad, Rangareddy, Telangana	S2-192315970,S3-495335313,S3-748503175		S2-192315970,S3-495335313,S3-748503175
S1-424920672	India	Jodhpur Solution Private Limited	Pt No 1, Narpat Niwas, Opp Main Guard Room, Air F, Jodhpur, Rajasthan	S2-431565972,S2-501418167,S2-703108058,S3-444226576	S2-703108058	S2-431565972,S2-501418167,S3-444226576
S1-424944431	India	Bangalore Ayurcare Private Limited	No:8/3, 3Rd Floor, Red Building, 7Th Cross Jospeh Layout, Lingarajpuram, Bangalore, Karnataka	S3-981677991		S3-981677991
S1-425239317	US	Salazar, Valencia and Martinez Industrials PLLC	128 Vintage Lane, Unit B, Monroe, NC	S2-693450246,S3-675209494,S3-967713373		S2-693450246,S3-675209494,S3-967713373
S1-425804347	US	Myers Freedom, LLC	534 Arblay Place, Ballwin, MO	S2-655345303,S3-443085145,S3-674060030		S2-655345303,S3-443085145,S3-674060030
S1-426071554	US	Trusted Telecom Global LLC	103 Red Valor Street, Garner, NC	S2-187432417,S2-778875836,S2-901446381,S3-210588061	S2-187432417,S2-901446381	S2-778875836,S3-210588061
S1-426954860	India	Sai Builders Pvt Ltd	9-10-11, Mira Nagar Society, Opp.Patel Samaj Bhavan Sardar Chowk, Varachha Road, Surat, Gujarat	S2-711684292,S3-438981444		S2-711684292,S3-438981444
S1-427500745	India	Mumbai Textile Pvt Ltd	81 B, Ground Floor, Maker Arcade, Opp World Trade Centre, Mumbai, Mumbai City, Maharashtra	S2-260253000,S2-616576277,S3-262813418,S3-823569508,S3-876465002		S2-260253000,S2-616576277,S3-262813418,S3-876465002
S1-427638162	US	Melly Gauthier, CPA, PC	24044 Bethel Road, Babbie, AL	S2-130565971,S2-710264291,S3-203275626,S3-618322955,S3-62532676,S3-859953738	S2-710264291,S3-62532676,S3-859953738	S2-130565971,S3-203275626,S3-618322955
S1-427671646	US	Robin Colonial Mobility	440 Chestnut Drive, Unit #2, Van, TX	S2-427907647,S2-858883341,S3-317117678,S3-806807450	S3-317117678	S2-427907647,S2-858883341,S3-806807450
S1-428663530	India	Swastik Global Private Limited	601 Cwing Lotus Court Opp, Vca Stadium, Civil Lines, Nagpur, Maharashtra	S2-71239947,S3-66767957,S3-764990211		S2-71239947,S3-66767957,S3-764990211
S1-429314003	India	GMM Engineers Private Limited	Embassy Golf Link Business Park, Pine Valley, 2Nd Floor, Off Indiranagar Kormangala Int, Ring Road, Bangalore, Karnataka	S2-584162427,S2-659754551,S3-511959940,S3-902234121		S2-659754551,S3-511959940,S3-902234121
S1-429406896	India	Ashoka International School	D-4/44, Ground Floor Vashist Park, Delhi, New Delhi, Delhi	S2-314529090,S2-556165576,S3-444822555,S3-839962791,S3-9476989	S3-444822555	S2-314529090,S2-556165576,S3-839962791,S3-9476989
S1-429451016	US	Patriot Alliance Clinic	2136 Bradley Place, Chicago, IL	S2-15670541,S2-291447858,S3-650288057		S3-650288057
S1-429716875	US	Swift Quality Mobility LLC	7057 Derbyshire Drive, Fort Worth, TX	S2-281141428,S2-907315177,S3-443219895,S3-600722303,S3-617361660	S2-907315177,S3-443219895	S2-281141428,S3-600722303,S3-617361660
S1-430453500	US	Aubuchon and Berry Associates	10556 Maplewood Drive, Dakota Ridge, CO	S2-307362152,S2-411832283	S2-307362152	S2-411832283
S1-430786530	India	Classic Software Private Limited	250, Type Iii, Ug Floor, B, Chattarpur, Phase - 2, South West Delhi, Delhi	S2-190422124,S3-301625794,S3-464042889,S3-478679799		S2-190422124,S3-301625794,S3-464042889,S3-478679799
S1-431389646	US	Hosey and Houghtaling LLC	12651 Royce Court, Carmel, IN	S2-589299360,S3-498487018	S2-589299360	
S1-43208693	US	W V Mendoza Chiron Inc	322 Truett Road, Alpine, TX	S2-194795028,S2-667236439,S3-822682064		S2-194795028,S2-667236439,S3-822682064
S1-432620816	US	Nardi Secure Purecycle LLC	NY, 1820 Hudson Avenue, Unit Unit 8, Irondequoit	S2-480656865,S3-253528943,S3-51033216		S2-480656865,S3-253528943,S3-51033216
S1-433198577	India	Precious (India) Seat LLP	6-3-883/A/1, 104, Imperial Plaza, Lane Opp To Topaz Building, Nampally, Hyderabad, Telangana	S2-248112205,S2-568396473,S2-72884458,S2-985220554,S3-776890738,S3-923343647		S2-248112205,S2-568396473,S2-72884458,S2-985220554,S3-776890738,S3-923343647
S1-434723888	US	Yount & Ramsay LLC	2910 Cedar Crown Court, Katy, TX	S2-447183015,S3-908838181,S3-972871024	S2-447183015,S3-908838181	S3-972871024
S1-434939630	India	Apex Power Private Limited	E-203 2Ndfloor Ansal Palm, Court Pichhor Medical, Jhansi, Uttar Pradesh	S2-333340950,S2-771065715,S2-882738540,S3-302651343,S3-570618537,S3-693070159,S3-833867040	S2-771065715,S2-882738540,S3-302651343	S2-333340950,S3-570618537,S3-833867040
S1-435043880	US	Interstate Cargo Innovations LLC	Fairfield, VT, 3680 North Road	S2-355421456,S3-285662187	S2-355421456	S3-285662187
S1-435692827	India	Sujan (India) Steel Private Limited	Survey No. 685, Warehouse No: 3 Gundla Pochampally (Village & Post), Medchal Mandal, Telangana	S2-360489276,S2-815780297,S3-609641818	S3-609641818	S2-360489276,S2-815780297
S1-435719938	US	Heart Fellowship	7659 Americus Road, Lafayette, IN	S2-164613093,S3-479122686,S3-72450596	S2-164613093,S2-434633294	S3-479122686,S3-72450596
S1-435996094	US	Brigitte Vera Patriot Sachs LLC	Unit Unit 202, Burnsville, MN, 12932 Nicollet Avenue	S2-589068279,S2-864154863,S3-453038092,S3-759993960,S3-978773651	S2-589068279,S3-759993960	S2-864154863,S3-453038092,S3-978773651
S1-436027993	US	Brautigam & Grimme Franklin Inc	1555 Quaker Lane, Prospect Heights, IL	S2-214468489,S2-552986091,S3-357099121	S2-214468489	S2-552986091,S3-357099121
S1-436718241	US	Darlington Coastal Disciplined	Vancouver, 1410 142nd Avenue, WA	S2-560208429,S2-922513942,S2-942605022,S3-583513085		S2-560208429,S2-922513942,S2-942605022
S1-436843722	US	Wettstein Enterprises, LLC	1437 Owls Den Road, Lincolnton, NC	S2-159583331,S3-677444762	S2-159583331	S3-677444762
S1-437166894	India	Blue Healthcare Private Limited	130 Nelson Manickam Road Aminjikarai, Madras, Chennai, Tamil Nadu	S2-592310811,S3-696089395		S2-592310811,S3-696089395
S1-437558939	US	Nexay Saul LLC	MN, 200 E Main Ave, Deer Creek	S2-318956633,S2-76043562,S3-349605126	S2-318956633,S3-349605126	S2-76043562
S1-438373806	India	RVB Women Associates	63/69 Nagdevi Cross Lane3Rd Floor, Mumbai, Maharashtra	S2-12917699,S2-484221718,S3-987511388		S2-12917699,S2-484221718,S3-987511388
S1-438462298	India	Green Modular Private Limited	Ghaziabad, Assotech Hi-Street Crossing Republik, Sf-02, Ghaziabad, Uttar Pradesh	S2-477396901,S3-428323437	S3-428323437	S2-477396901
S1-439023674	US	Hirsch & Duran Sciences LLC	58391 Windsor Avenue, South Bend, IN	S2-128642983,S2-507938893,S2-802169832,S2-846878267,S3-159240437,S3-274564108,S3-361238362,S3-583686006	S2-128642983,S3-583686006	S2-507938893,S2-802169832,S2-846878267,S3-159240437,S3-274564108,S3-361238362
S1-439273064	US	Safe Broadcast Worldwide LLC	39755 Crieghton Ridge Road, Lower Salem, OH	S2-434382868,S2-653032192,S3-200865246	S2-434382868	S2-653032192,S3-200865246
S1-439451552	India	Phoenix India Private Limited	House No 2840, Rahatgaon, Harda, Madhya Pradesh	S2-218097987,S2-79875121,S3-70666101,S3-838460888		S2-218097987,S2-79875121,S3-70666101,S3-838460888
S1-439871297	India	Build Media Pvt Ltd	Plot No 170, Lane K/2, Kalinganagar, Ghatikia, Bhubaneswar, Khordha, Orissa	S2-595318529,S2-901525415,S3-495335011		S2-595318529,S2-901525415,S3-495335011
S1-43987961	US	Direct Mobility Consultants Center	1003 Cindy Court, Merced, CA	S2-194841251		S2-194841251
S1-441168592	India	Gng Mill Limited	Kerala, Kozhikode, Mathalikunnel Building, Thiruvampady, Kozhikode	S2-300978032,S2-504601772,S3-170345938		S2-300978032,S2-504601772,S3-170345938
S1-441235506	India	Clean & Sons Limited	Bellary, Karnataka, No.85, Ward No 3 Ulluvathi, Soona, Hagaribommanahalli	S3-200004716,S3-723202102		S3-200004716,S3-723202102
S1-442100510	India	Golden Tech Consultancy Private Limited	Ghatakpukur Bazar P.O. - B. Gobindapur, P.S.- Bhangar, Bhangar, Parganas South, West Bengal	S2-922058339,S3-423142310,S3-708513133		S2-922058339,S3-423142310,S3-708513133
S1-442285949	US	Bastion Corp	3590 Kirklawn Avenue, Topeka, KS	S2-496515322,S3-709309593,S3-935695728,S3-974909237	S2-280775459,S2-496515322,S3-974909237	S3-935695728
S1-442800523	India	Precise Jaiswal Private Limited	16, G. C. Avenue, Gandhi House, 4Th Floor, Kolkata, Kolkata, Howrah, West Bengal	S2-10811290,S3-134628111,S3-214164840		S2-10811290,S3-134628111
S1-442890653	India	Avj Picture Chennai Private Limited	Chennai, Tamil Nadu, Chennai, Vadapalani, 172/L-N.S.K.Saalai Rahat Plaza	S2-894570810,S3-572231737,S3-821251249		S2-894570810,S3-572231737,S3-821251249
S1-44327012	India	Ram Marketing	South Delhi, Delhi, New Delhi, East Of Kailash, C-49 G.F.	S2-216641839,S3-448113736,S3-639410592,S3-693370615		S2-216641839,S3-448113736,S3-639410592
S1-443910450	India	GN Finance Pvt. Ltd.	Flatno 302 Park Brand Apt, 3Rd Floor St Johns Church, Bangalore North, Bangalore, Karnataka	S2-873175956,S3-377997916		S2-873175956,S3-377997916
S1-444024641	India	Durga & Sons Corporation	Kalkaji, Dda Flats, Delhi, New Delhi, J-1/93	S2-607152211,S3-644266015,S3-7423201	S2-607152211,S3-644266015	S3-7423201
S1-444217920	US	Youth Center LLC	40 Stony Brook Drive, Southbridge, MA	S2-403817076,S2-706751767,S2-853677544,S3-906883879	S2-79830170,S3-585968171,S3-906883879	S2-403817076,S2-706751767,S2-853677544
S1-445541830	India	Raj Exports Limited	Hall No.1, Second Floor, Disha Square, Sut Girni, Garkheda, Aurangabad, Maharashtra	S2-289400126,S2-550749027,S3-97582689		S3-97582689
S1-446180254	India	Great Engineering Pvt Ltd	House No.-64, Vill.-Rathdhana, Sonepat, Haryana	S2-130438864,S2-841470821,S3-16846915,S3-330817794,S3-965713107		S2-130438864,S2-841470821,S3-16846915,S3-330817794,S3-965713107
S1-446324983	India	Sree Agro Private Limited	West Bengal, Howrah, Debendra Ghosh Road, Kolkata, Kolkata, 11	S2-109970316,S3-214603069		S2-109970316,S3-214603069
S1-447026153	India	Absolute India (India) Pvt Ltd	302/303 Third Floor, Icon Market 52 Street, Mahesana, Gujarat	S2-75427178,S3-877023470		S2-75427178,S3-877023470
S1-447035036	US	Nations, Delgado and Osborne Inc	TN, 7034 Tartan Crest Court, Brentwood	S2-404798338		S2-404798338
S1-447679240	US	Urgent Care Health of Phoenix	2121 Union Hills Drive, Unit 104, Phoenix, AZ	S2-291207073,S3-127333412,S3-60601049,S3-82658448	S2-291207073,S3-127333412	S3-60601049,S3-82658448
S1-447770546	India	Indian Power	D-169 Sector-1, Avantika, Rohini, Delhi, West Delhi, Delhi	S2-685746415,S2-979909617,S2-985182119,S3-473198662,S3-757350394	S2-985182119,S3-757350394	S2-685746415,S2-979909617,S3-473198662
S1-448513842	US	Ross Storage LLC	8810 Silent Willow Lane, Sugar Land, TX	S2-192968834,S2-557351219,S3-571097952	S2-192968834,S3-571097952	S2-557351219
S1-449501299	US	Harbor Association	Loveland, 1240 Weber Road, OH	S2-595899725,S3-488510157,S3-662235842	S2-595899725	S3-488510157,S3-662235842
S1-450172774	US	Reis	5250 Turtle Key Drive, Orange Beach, AL	S2-457472587,S3-569348056,S3-677937589,S3-724856008	S2-457472587	S3-569348056,S3-677937589,S3-724856008
S1-450728964	India	Dream Products Limited	B-102, Tirthbhumi Appartments, Nr. Panchvati Circle, Law Garden, Ellisb, Ridge, Ahmedabad, Gujarat	S2-713213222,S3-275079115,S3-381596343,S3-840704201		S2-713213222,S3-275079115,S3-381596343,S3-840704201
S1-451239051	US	Salvador Dental Associates	206 Beale Street, Quincy, MA	S2-352591556,S2-408434885		S2-352591556,S2-408434885
S1-451387832	India	Malout Social Ltd	#119, Ward No.18 Surja Ram Markit, Malout, Muktsar, Punjab	S2-835078976,S2-964237748,S3-221814837	S2-835078976	S2-964237748,S3-221814837
S1-453727789	US	Godfrey Citizens LLC	MT, 1151 Vega Road, Helena	S2-209398888,S2-447486541,S3-664001004,S3-882411840	S3-882411840	S2-209398888,S2-447486541,S3-664001004
S1-454589278	India	Developers Savitri India Corp	1-8-32, D5, Siri Residency, Balasamudram, Hanamkonda, Warangal Urban, Telangana	S2-15424070,S2-189425192,S2-64050645	S2-64050645	S2-15424070,S2-189425192
S1-455031018	India	Govindraj Infrazone Private Limited	B-52, 2Nd Floor Front Portion, B Block Community Centre, New Delhi, West Delhi, Delhi	S2-873525368,S3-738214523,S3-898703257		S2-873525368,S3-738214523,S3-898703257
S1-456095431	India	Apex Global Business Private Limited	West Bengal, Howrah, C. I. T. Scheme Vi M, Manicktolla Main Road, 1St Floor, Room N, O. 1B, P-269, Kolkata	S2-250505351,S2-723734863,S3-202360888,S3-281470124		S2-250505351,S2-723734863,S3-202360888,S3-281470124
S1-456819297	US	Bellina Cuevas Studios	Surprise, 15380 Young Street, AZ, Unit 3028	S2-312981500,S3-688905386,S3-994171930		S2-312981500,S3-688905386,S3-994171930
S1-457900237	India	One Industries Private Limited	Flat-303, Varuna B Wing Dosti Vihar Thane, Thane, Maharashtra	S3-197767366,S3-853259230		S3-197767366,S3-853259230
S1-458020141	India	Baba Business Private Limited	No 2 Abinandhananm Gpm Nagar Lakshmi Layout, Coimbatore, Tamil Nadu	S2-395888438,S2-411934914		S2-395888438
S1-45803637	US	City Of Durand Dental Colonial Partners LLC	710 Prospect Street, City Of Durand, WI	S2-523179506,S2-651074431,S2-692640508,S3-695053710		S2-523179506,S2-651074431,S2-692640508,S3-695053710
S1-458334378	US	Pediatric Dental Medicine	550 Pine Avenue, North Wilkesboro, NC	S2-877001254,S3-140677569,S3-497144873,S3-776458445	S2-619838058,S3-540656157,S3-776458445	S2-877001254,S3-140677569,S3-497144873
S1-458563969	US	Temple Ministries Group	114 3514, Unit UNIT 7, Kilgore, TX	S2-148287144,S2-341244253,S2-799747588,S3-444824917,S3-671888214	S3-444824917,S3-671888214	S2-148287144,S2-341244253,S2-799747588
S1-458618261	US	Behavioral Health Regional Group	1600 Paddock Club Lane, Unit APT 107, Fort Mill, SC	S2-299354594,S2-425836382,S3-221925607,S3-857871026		S2-299354594,S2-425836382,S3-221925607,S3-857871026
S1-458748941	India	One Infrastructure	C/O Lokesh Kumar, Hariwatika Chowk Ward No 39, Bettiah, Bihar, West Champaran	S2-128928731,S2-719283875,S2-740099026,S3-126418112,S3-377775395		S2-128928731,S2-719283875,S2-740099026,S3-126418112,S3-377775395
S1-458905932	US	Certified Strategic Hovnanian Inc	1000 New Jersey Avenue, Unit 807, Washington, DC	S2-2625915,S2-635307179,S2-782431840,S3-146084981,S3-254522712,S3-584580328,S3-80333368,S3-929468985	S3-146084981,S3-584580328	S2-2625915,S2-635307179,S2-782431840,S3-254522712,S3-80333368,S3-929468985
S1-459302958	India	Vijay Management Private Limited	Plot No. G-254, Sector 63, Noida, Gautam Buddha Nagar, Uttar Pradesh	S2-423927314,S2-742761588,S3-937774813	S2-423927314,S3-937774813	S2-742761588
S1-460770647	India	Surya Systems Pvt Ltd	Plot No.278, Kachanayakanahalli Bommasandra I Phase Industrial Area, Jigni Hobli, An, Ekal Taluk, Bangalore, Karnataka	S2-379967797,S2-589303895,S3-225834962,S3-249723294,S3-437072070	S3-437072070	S2-379967797,S2-589303895,S3-225834962,S3-249723294
S1-461546799	US	Dye Property Solutions Inc	5707 Concord Avenue, Portland, OR	S2-117440723,S2-571782935,S3-919122313,S3-994435021	S2-571782935	S2-117440723,S3-919122313,S3-994435021
S1-461593383	US	Simpson Valley Bdc LLC	2130 Mckinley Avenue, Lakewood, OH	S2-674148929,S2-9321727,S3-210973532	S2-674148929,S3-210973532	S2-9321727
S1-461689583	India	Jaimaa Marketing Private Limited	1-9-485/13/14, Hyderabad, Telangana, Plot No. 67, Street No. 6 Lalitha Nagar, Hyderabad	S2-598723085,S2-83589377,S3-143391548,S3-361944119,S3-791806546,S3-835153483	S2-83589377	S2-598723085,S3-143391548,S3-361944119,S3-791806546,S3-835153483
S1-462478735	US	Brandi Lopez Rapid Biopharma	10 Read Street, Unit APT 3R, Baltimore, MD	S2-461896716		S2-461896716
S1-462679687	India	Shree Software Pvt Ltd	Block-M403, Samrudhhgreens, Opp. Madhav School, Daskroi, Ahmedabad, Gujarat	S2-985474911,S3-158845614,S3-382703633		S2-985474911,S3-158845614,S3-382703633
S1-463101526	US	Corporate Infrastructure Products Inc	53661 440th St, New York Mills, MN	S2-355525591,S2-999016323,S3-765212417	S2-355525591	S2-999016323,S3-765212417
S1-46323389	US	Behavioral Health Physicians	2828 Dennison Street, Evansville, IN	S2-341826378,S3-119920822	S2-802508595,S2-976079761	S2-341826378,S3-119920822
S1-463307518	India	Sitaram Wellness Private Limited	C/O Sanjaya Ku Lahgah, Gotamunda, Koksara Dist:- Kalahandi, Odisha-Pin, Koksara, Kalahandi, Orissa	S3-233782085,S3-410521905,S3-819865224		S3-233782085,S3-410521905,S3-819865224
S1-464172101	India	Shakti Developers Pvt Ltd	Dharwar, Hooli'S Housepagadi Oni Hubli, Karnataka, Hubli	S2-145538539,S2-300602761,S3-947870805		S2-145538539,S2-300602761,S3-947870805
S1-464460272	US	Precision Industrial Partners LLC	7008 Impulse Court, Charlotte, NC	S2-12018750,S2-45862897,S2-727503079,S2-952419974,S3-413400038	S2-952419974	S2-12018750,S2-45862897,S2-727503079,S3-413400038
S1-464741405	US	Highland Westin Inc	324 Hawthorne Street, AR, Unit Apt C4, Hot Springs	S2-754865208,S2-850226156,S3-325122905,S3-776596526	S3-325122905	S2-754865208,S2-850226156,S3-776596526
S1-464775791	US	Bureau of Sanitation	1203 Oakland Court, Halethorpe, MD	S2-209833473,S2-784765957,S2-95920065,S2-977250704,S3-230231112	S2-674920334	S2-209833473,S2-784765957,S2-95920065,S2-977250704,S3-230231112
S1-464967321	US	Summit Capital Templeton Inc	Smithtown, 17 Floral Lane, NY	S2-362691321,S3-172409801,S3-399754620	S2-362691321	S3-172409801,S3-399754620
S1-465274478	India	New Delhi Fund Private Limited	Room No.2, Building No. 4, F-2/1 Khanpur Extension, New Delhi, New Delhi, South Delhi, Delhi	S2-29113272,S2-906305390,S3-623514930,S3-804445941		S2-29113272,S2-906305390,S3-623514930,S3-804445941
S1-466950735	US	Mountain Vii Inc.	5813 Main Street, Lovington, NM	S2-380509898,S2-480626531,S2-812377356,S2-929799828,S2-973027283,S3-322632883,S3-382258343	S3-382258343,S3-458886614	S2-380509898,S2-480626531,S2-812377356,S2-929799828,S2-973027283,S3-322632883
S1-467265148	US	Eastern Banc	150-19 27 Avenue, Flushing, NY	S2-253007476,S3-455106830		S2-253007476,S3-455106830
S1-467847041	US	Global Mustang LLC	3500 Roanoke Street, Broken Arrow, OK	S2-455774353,S2-569525840,S3-327616778,S3-710010187		S2-455774353,S2-569525840,S3-327616778,S3-710010187
S1-468454435	US	Diaz and Elliott Inc.	21150 Tatum Boulevard, Unit 1017, Phoenix, AZ	S2-221883752,S2-892051061,S3-425686407,S3-70840094		S2-221883752,S2-892051061,S3-425686407,S3-70840094
S1-468799251	US	Lang and Mireles Renewable Inc	83 Clover Cliff Drive, Chippewa Lake Villag, OH	S2-159511816,S3-819522565,S3-903339890	S2-159511816	S3-819522565,S3-903339890
S1-469526845	US	Family Specialists L.L.C.	9648 Tierra Grande, Peoria, AZ	S2-995746712,S3-345160436,S3-373180328	S2-548208050,S2-995746712	S3-345160436,S3-373180328
S1-469805177	US	Picker Bleichroeder	14 Sprain Brook Parkway, Yonkers, NY	S2-188201809,S3-214189875,S3-634001699	S3-214189875	S2-188201809,S3-634001699
S1-47060535	India	Word & Partners	H. No.-376, Ward No.-34 Janta Colony, Rohtak, Haryana	S2-186733182,S2-246314707,S2-710111107,S2-735176958,S3-291983381	S2-246314707,S2-735176958,S3-291983381	S2-186733182,S2-710111107
S1-471165755	US	Davis Carolina	28100 Coastal Vista Circle, Kenai Peninsula Borough, AK	S2-227616684,S2-359344589,S3-105431973,S3-775938827,S3-861595210	S2-227616684,S3-105431973	S2-359344589,S3-775938827,S3-861595210
S1-472359400	US	Bell & Briggs Heritage LLC	IL, Unit A, 7300 Main Street, Belleville	S2-246661414,S3-315888645,S3-38923969,S3-975930060		S2-246661414,S3-315888645,S3-38923969,S3-975930060
S1-472445638	US	Forge	122 Rushing Road, Hoffman, NC	S2-308320825,S2-342581601,S2-428367411,S2-671613781	S2-308320825,S2-342581601,S2-404474884,S2-536802975,S2-671613781,S3-641896825	
S1-472774821	US	Animal Welfare Alliance	Alfred, 419 Kennebunk Road, ME	S2-944882219,S3-85674222,S3-992262736		S2-944882219,S3-85674222,S3-992262736
S1-473874597	US	Stang Vanguard Merchants LLC	Chesapeake City, VA, 934 Scenic Boulevard	S2-750323597,S3-164718157,S3-251227958,S3-541295762,S3-880221507		S2-750323597,S3-164718157,S3-251227958,S3-541295762,S3-880221507
S1-474357126	US	Prodion Inc	Whitehall, 15 Centurion Way, MT	S2-218461774,S2-424585015,S2-619285577,S2-829621572,S3-635939452,S3-994689531	S2-619285577	S2-218461774,S2-424585015,S2-829621572,S3-635939452,S3-994689531
S1-47518092	US	Foot & Ankle Frontier Clinic	74 Circle Drive, Unit 238B, Edwardsville, IL	S2-998115392,S3-479185530,S3-907524198		S2-998115392,S3-479185530,S3-907524198
S1-475912147	India	ZS Arts Private Limited	I Floor, Mathewsons Trade Centre Nr J N International Stadium, Kaloor P.O, Cochin, Kerala	S2-136864233,S2-372233730,S2-534083908,S2-647556922,S3-967687865	S2-136864233	S2-372233730,S2-534083908,S2-647556922,S3-967687865
S1-476374860	India	Apex Infrastructure Private Limited	Ff-202, Gaur City Center Greater Noida, Noida, Gautam Buddha Nagar, Uttar Pradesh	S2-249663321,S2-32777835,S2-959191733,S3-146445981,S3-193200570,S3-357752083,S3-699979525,S3-713771696	S2-249663321	S2-32777835,S2-959191733,S3-146445981,S3-193200570,S3-357752083,S3-699979525,S3-713771696
S1-477320136	US	Cathcart Street LLC	757 11th Avenue, West Fargo, ND	S2-173503672,S2-963783718,S3-280566035	S2-963783718	S2-173503672,S3-280566035
S1-477885446	US	Federal Association	840 Tallmadge Road, Cuyahoga Falls, OH	S3-511064766		S3-511064766
S1-478376411	US	Simonne Lamont Precision Neighborhood LLC	8644 Hillside Road, Rancho Cucamonga, CA	S2-211800587,S2-913969264,S2-981933107,S3-255356725	S2-211800587,S2-981933107,S3-255356725	S2-913969264
S1-478520483	India	Mumbai Papers Pvt. Ltd.	290, Office No. 4, First Floor, Anand Bhawan Sbs Rd. Opp South Indian Bank, Fort, Mumbai, Mumbai City, Maharashtra	S2-632245173,S3-390479654,S3-85894848	S2-632245173	S3-390479654,S3-85894848
S1-478538738	India	Seema Self Public Limited	C-2/183, Sushant Golf City, Ansal Api, Ahimamau, Lucknow, Uttar Pradesh	S2-356943374		S2-356943374
S1-479402705	India	Ramaa Charitable Trust	Karnataka, 1St Floor, Kustigi Road, No. 6-1-2880, Raichur, Sindhanur	S2-91424591,S3-215124518,S3-351406990,S3-950536175		S2-91424591,S3-215124518,S3-351406990,S3-950536175
S1-479472760	US	Advanced Talent Worldwide	Hampton, TN, 1517 Hwy 321	S2-14682720,S2-738322350,S3-654694839,S3-794748859,S3-832077544	S2-738322350	S3-654694839,S3-794748859
S1-479527820	US	Evangelina Ramirez, Esq.	421 Plaza Road, Laurinburg, NC	S3-896417277		S3-896417277
S1-48000029	US	Q & K Apartment Corp	TX, Unit 1216, 500 Westinghouse Road, Georgetown	S2-189103314,S2-673564206,S3-70082705	S2-673564206	S2-189103314,S3-70082705
S1-480421253	India	Sun Software Pvt Ltd	Rangareddy, Moinabad, Plot No.9, Yenkapally Road, Amdapur, Behind Jbit College, Moinabad, Telangana, 5-46/A	S2-206265942,S2-869187299,S3-942108288,S3-971141469		S2-206265942,S2-869187299,S3-942108288,S3-971141469
S1-48068641	India	Pioneer Healthcare Private Limited	5, Panchsheel Park, Near M4U.F.F.Sbd Gzb, Ghaziabad, Uttar Pradesh	S2-368850288,S2-373602361,S3-807036897,S3-975561939,S3-996103435		S2-368850288,S3-807036897,S3-975561939,S3-996103435
S1-481508919	US	Optimal Cafe LLC	1318 Yellowglen Drive, Cincinnati, OH	S2-721449020,S3-438096257,S3-4886135		S2-721449020,S3-4886135
S1-481521991	US	Zeteum International	2496 Berrys Chapel Road, Williamson County, TN	S2-171310909,S2-443419760,S2-530612110,S2-709172814,S3-16397896	S2-443419760,S2-530612110	S2-171310909,S2-709172814,S3-16397896
S1-481640234	US	Foundry LLC	4011 Graham Oaks Circle, Memphis, TN	S2-316472227,S3-203506761,S3-303237931,S3-55832089,S3-782505816	S2-248437521,S2-927819796,S3-55832089	S2-316472227,S3-203506761,S3-303237931,S3-782505816
S1-481676192	India	Vinay Sai Group	G-2 Soot Market Gola Kuan, Meerut, Uttar Pradesh	S2-109502981,S2-197755741,S2-687593127,S3-667118478		S2-109502981,S2-197755741,S2-687593127,S3-667118478
S1-481713844	US	Ramirez and Rickett LLC	529 Craig Avenue, Crete, IL	S2-148280935,S3-28461841,S3-814899727,S3-815111097		S2-148280935,S3-28461841,S3-814899727,S3-815111097
S1-482358496	India	Pioneer Agro Private Limited	Old Survey No. 57/3, 4, 8, 59/1, New Survey No.97, M, Nr, National Miplastic, Kashimira, Thane, Maharashtra	S2-325852964,S2-807496982,S3-185542045		S2-325852964,S2-807496982,S3-185542045
S1-483069081	India	Eternal Systems Private Limited	B/406, Galleria Main Street Hiranandani Gardens, Powai, Mumbai, Mumbai City, Maharashtra	S2-372256688,S2-52962538,S3-100261083,S3-50224404		S2-372256688,S2-52962538,S3-100261083,S3-50224404
S1-484429685	US	Cole Choice Mfa Corp	273 Frederick Road, Bidwell, OH	S2-492868962,S2-796191146,S2-890017356,S3-17236057	S2-890017356	S2-492868962,S2-796191146,S3-17236057
S1-484492098	US	KY Engineering LLC	10246 Spring Creek Road, Sun Lakes, AZ	S2-191195329,S2-754615232,S3-221853568,S3-9258661	S2-754615232,S3-9258661	S2-191195329,S3-221853568
S1-484508202	India	Paschim Vihar Healthcare Private Limited	Ng-26, Old No Wz-97 Sunder Place, Jawalheri Village, Paschim Vihar, West Delhi, Delhi	S2-723438666,S2-974392944,S3-135359039		S2-723438666,S2-974392944,S3-135359039
S1-484941719	US	Austin Behavioral Health Gulf Specialists	3611 Black Mesa Hollow, Austin, TX	S2-940321861,S3-690080121,S3-720908436	S3-720908436	S2-940321861,S3-690080121
S1-485447221	India	Appeal For Pvt. Ltd.	Rajapalayam, 1283 Periyar Nagar Kaalvasal, Keelarajakularaman Via, Tamil Nadu, Virudhunagar	S2-498534695,S3-119894454,S3-709791135,S3-798264448		S2-498534695,S3-119894454,S3-709791135,S3-798264448
S1-485460861	US	Neil Iron Works Inc	1605 Indigo Drive, Maryville, TN	S2-273696240,S2-28345264,S2-392937536,S3-563593715	S2-28345264,S2-392937536	S2-273696240,S3-563593715
S1-489351592	India	High Infra Limited	Sy.No-57/A, Mahaknkali Nagar, Near Jntu, Shamshiguda, Hyderabad, Telangana	S3-686583953		S3-686583953
S1-490192024	India	Shree Ventures Private Limited	S 26/295-A, 3 Kha, Gautam Vihar Colony Merapur Basahi, Varanasi, Uttar Pradesh	S2-816754780,S3-515521073,S3-763760361,S3-920475895		S2-816754780,S3-763760361,S3-920475895
S1-490964960	US	Grace Synagogue	23610 115th Street, Village Of Salem Lakes, WI	S2-271323261	S3-579491351	S2-271323261
S1-492685631	US	Rios Unified Graphics LLC	VA, Buena Vista City, 1754 Pine Avenue	S2-691857676,S2-817198044,S3-499177978,S3-54286039		S2-691857676,S2-817198044,S3-499177978,S3-54286039
S1-494937454	India	Tank Corporate Limited	76 Tagor Marg Neemuch, Neemuch, Madhya Pradesh	S3-632651994,S3-878328986		S3-632651994,S3-878328986
S1-495079043	US	Vanguard Crown Co	2495 Singletary Church Road, Lumberton, NC	S2-975509648,S3-325653139,S3-431267521	S3-325653139,S3-431267521	
S1-497324530	US	Modern Jersey Center	726 Lincoln Street, Hinsdale, IL	S2-556157612,S3-524593189,S3-731682113,S3-737967134,S3-772215655,S3-974417545	S3-524593189,S3-974417545	S2-556157612,S3-731682113,S3-737967134,S3-772215655
S1-497607368	US	Behavioral Health Medicine	6981 A Laverne Drive, Mobile, AL	S2-224800299,S3-743209442	S2-23510900,S2-409467754,S2-496555199,S2-846763973,S3-531945723,S3-567577213,S3-759655782,S3-904888732	S2-224800299,S3-743209442
S1-497746970	India	Red Consultants Pvt Ltd	305, Vip Plaza, Veer Desai, Industrial Estate Off New Link Road, Mumbai, Mumbai City, Maharashtra	S2-882104929,S3-652841730		S2-882104929,S3-652841730
S1-497772377	US	Doralia N. Glasco, D.D.S., P.C. LLC	36 Stevers Gap Trl, Craig County, VA	S2-286290242,S2-3998016,S2-659197008,S3-649996422	S2-3998016,S2-659197008	S2-286290242,S3-649996422
S1-497963213	US	Kelly Broadband, LLC	110 Conley Drive, Toney, AL	S3-178258345,S3-216158070,S3-388473745,S3-844246639		S3-178258345,S3-216158070,S3-388473745,S3-844246639
S1-498743736	US	Signature Analytics Studios	7993 19, Denver, IN	S2-348918614,S2-58305125,S2-714022541,S3-921644539	S2-348918614,S2-58305125,S2-714022541	S3-921644539
S1-499380206	US	Silver Physical Therapy Inc	13223 Ridgewood Knoll Lane, Houston, TX	S2-177866932,S2-802328572,S3-2096466,S3-292105892		S2-177866932,S2-802328572,S3-2096466,S3-292105892
S1-499706571	US	Daus Patriot Debt LLC	5409 El Camino Avenue, Unit APT 14, Carmichael, CA	S2-353558721,S2-492826175,S2-611370748,S3-22928716,S3-232979896,S3-861037901,S3-893837791		S2-353558721,S2-492826175,S2-611370748,S3-22928716,S3-861037901,S3-893837791
S1-499871020	US	Total Xii Inc	Carmel, IN, 5319 Rippling Brook Way	S2-20577781,S3-191061417		S2-20577781,S3-191061417
S1-500642589	US	Tillery and Roland, LLC	Dallas, 6618 Asled Court, TX	S3-353711556,S3-396202004,S3-54212215,S3-580773051,S3-673628630	S3-353711556,S3-54212215	S3-396202004,S3-673628630
S1-500852047	India	Preksha Projects Private Limited	Tc 67/1271(2), Lali Mandiram Vellar, Kovalam, Thiruvananthapuram, Trivandrum, Kerala	S2-504240497,S3-264331317,S3-753550385	S2-504240497	S3-264331317,S3-753550385
S1-50121827	India	Modern It Private Limited	Office No. 406, Nathubhai Tower, R.S. No. 3341 289, T.P. Scheme No.1 Plot No. 1, Block, No. A/3, Udhana Surat, Surat, Gujarat	S2-548994242,S2-557016682,S3-854128061,S3-894078102	S2-548994242	S2-557016682,S3-854128061,S3-894078102
S1-501416023	India	Sarasanth Farmers Private Limited	13/352 Malviya Nagar, Jaipur, Rajasthan	S2-631977179,S2-815404677,S3-518050921,S3-776213701,S3-948564161	S2-815404677,S3-518050921	S2-631977179,S3-776213701,S3-948564161
S1-502159396	India	Swastik Paridhan Private Limited	New Police Line Lodipur, Christian Colony, Patna, Bihar	S2-311122871,S3-262570142,S3-878310217		S2-311122871,S3-262570142,S3-878310217
S1-502791591	US	Trinity Israel	300 Canoe Drive, TX, Harker Heights	S2-395104418,S2-529757222,S2-652637577,S2-807036942		S2-395104418,S2-529757222,S2-652637577,S2-807036942
S1-502814254	US	Beth Church	156 Bentley Parc, Johnson City, TN	S2-750147933,S2-956608424,S3-251760880,S3-583495447,S3-598042719	S2-368740363,S3-598042719	S2-750147933,S2-956608424,S3-251760880,S3-583495447
S1-503318270	US	Metzger, Watson and Mchenry Automobile LLC	1860 223rd Street, Euclid, OH	S2-199054630,S2-490016522,S2-798911327,S3-257799052,S3-649496996	S2-798911327,S3-649496996	S2-199054630,S2-490016522,S3-257799052
S1-503365271	US	Holy Israel	2287 Shoreline Drive, Lexington, NC		S2-130986033,S2-27647867,S2-489499672,S3-647271307	
S1-50366984	India	Ariya & Associates LLP	24No, Hemant Basu Sarani, Mangalam Building Block - A, Room No - 201, 2Nd Floor, Kolkata, Howrah, West Bengal	S2-144872790,S3-460890631	S3-460890631	S2-144872790
S1-503938342	US	Nion	AR, 1247 Phillips 350 Road, Poplar Grove	S2-706491754,S3-625263195	S3-625263195	S2-706491754
S1-504015526	US	Dynamic Orion LLC	6209 Washington Avenue, Village Of Mount Pleasant, WI	S2-192103845,S2-307609279,S2-836895335,S2-923528764,S3-367914369,S3-716768350	S2-307609279,S3-716768350	S2-192103845,S2-836895335,S2-923528764,S3-367914369
S1-504050281	India	Ghaziabad Transmissions Private Limited	Ghaziabad, Shop No. L 17 Plot No. A1 Parsvnath Paradise Mohan Nagar, Ghaziabad, Uttar Pradesh	S2-466215799,S3-467596248,S3-646032049		S2-466215799,S3-467596248,S3-646032049
S1-50456169	India	Samyukta (India) Hub Private Limited	Mundambra House Areacode, Malappuram, Malapuram, Kerala	S2-846576116,S2-868866206,S2-956623807,S3-406671	S2-868866206	S2-846576116,S2-956623807,S3-406671
S1-505277663	US	Beacon Choice Quetta, Inc	4651 Seibert Avenue, Fl 0, Saint Louis, MO	S2-505264405,S2-610773725,S2-679640025,S3-794103689		S2-505264405,S2-610773725,S2-679640025,S3-794103689
S1-505550598	US	Cascade Learning Center LLC	42 Saddle Ridge Drive, East Fishkill, NY	S2-258566697,S2-651260535,S3-441291549,S3-72239196	S2-651260535,S2-805931857	S2-258566697,S3-441291549
S1-505917204	US	Rani Mitchell, MD	41 Fairview Avenue, Babylon, NY	S2-316658178,S2-864227445,S3-299552479,S3-653591494,S3-655773075,S3-917020586		S2-316658178,S2-864227445,S3-299552479,S3-653591494,S3-655773075,S3-917020586
S1-506289133	India	Maa Swastik Infra Private Limited	Haryana, Gurgaon, E-138 Palam Vihar Extention Gurgaon, Gurgaon, In Dharam Colony	S2-106794736,S2-341704509,S3-797753272		S2-106794736,S2-341704509,S3-797753272
S1-506391704	US	Urgent Care Physicians L.L.C.	621 Plantmore Drive, Fl 0, Saint Louis, MO	S2-133154521,S2-425618004,S2-525616731,S2-664963028,S3-217171548		S2-133154521,S2-425618004,S2-525616731,S2-664963028,S3-217171548
S1-506834593	India	Sway College	Shop No 13, Mezzanine Floor, (Old No 43) New No 87 Audiappa Naicken Street, Sowcarpet, Chennai, Tamil Nadu	S2-157227773,S2-232186722,S2-464641817,S2-617520283,S3-579474663		S2-157227773,S2-232186722,S2-464641817,S2-617520283
S1-506901295	US	Dilorenzo Rocky Nano	2836 Hawks Hill Lane, Keedysville, MD	S2-296320470,S3-178659353,S3-506600534,S3-751356450,S3-774617104	S2-296320470,S3-178659353,S3-506600534,S3-751356450	S3-774617104
S1-507093650	US	Weaver, Walker & Wirth Keen	10360 51, Ranburne, AL	S2-688433650,S3-52111196,S3-897980732	S3-52111196,S3-897980732	S2-688433650
S1-507218731	US	Clemons Liquidity	39900 44th Street, Washougal, WA	S2-35122407,S2-371519519,S3-272084949,S3-994090740	S2-35122407,S3-272084949	S2-371519519,S3-994090740
S1-507479086	India	International Overseas Plastotech Limited	B/5 20, Second Floor Safdarjung Enclave, New Delhi, Delhi	S2-551603179,S3-286525089,S3-703119043,S3-995054002	S2-551603179	S3-286525089,S3-703119043,S3-995054002
S1-507762214	India	Seven Producer Private Limited	C-13 Adersh Modynagar Chs Ltd, Nr Chauhan School Off Mathuradas Rd, Kandivali West, Maharashtra, Mumbai	S2-194101107,S2-615046898		S2-194101107,S2-615046898
S1-507937523	US	YQ One	1992 Commonwealth Avenue, Boston, MA	S2-177352949,S2-269566939,S2-433279440,S2-447601043,S2-77327709,S3-305202372,S3-768159344	S2-177352949,S2-433279440,S2-447601043,S2-77327709,S3-768159344	S2-269566939
S1-509269062	US	Advanced Mines LLC	8 Sherman Avenue, Franklin, MA	S3-22062690		S3-22062690
S1-509383224	US	Davis and Giusto LLC	50 Springfield Drive, Millbrook, AL	S2-787071776,S3-199871074,S3-977660489	S2-787071776	S3-199871074,S3-977660489
S1-509580410	US	Tri-State Charter School	65 Biscayne Drive, Atlanta, GA	S2-572812327,S2-636851122,S3-797429810	S2-123864117,S2-636851122,S3-870125244	S2-572812327,S3-797429810
S1-509758837	India	New Delhi India Private Limited	5Th Floor-1053, Block-I, Sector 10, Plot No.35, Dwarka, The Great Lyallpur, Cghs Ltd, New Delhi, South West Delhi, Delhi	S2-353375409	S2-206241312,S2-353375409,S2-524263004,S3-242800894,S3-257882766,S3-528727601,S3-676109962	
S1-509921542	US	Oday Duke LLC	La Cygne, 21898 Taylor Road, KS	S2-430456672,S3-167390834,S3-771895485	S2-430456672,S3-771895485	S3-167390834
S1-510314415	India	Winner Concept Private Limited	Gujarat, Sitaramnagar, Bhavnagar Road, Botad, Bhavnagar	S2-627582347,S3-245747380,S3-578106249,S3-587387556,S3-634944222	S3-245747380,S3-587387556	S2-627582347,S3-578106249,S3-634944222
S1-510631734	US	Metro Institute	1321 Highpoint Circle, Grand Prairie, TX	S2-360454809,S3-250639714,S3-443951219,S3-826466149	S2-360454809	S3-250639714,S3-443951219,S3-826466149
S1-511809136	US	Better Grand Block Inc.	IL, 440 Vine Street, Morris	S2-499956352,S3-11707937,S3-863498943	S3-11707937	S2-499956352,S3-863498943
S1-511951860	India	Unique Management Pvt Ltd	Room No. 101, 3Rd Floor 18 Netaji Subhas Road, Kolkata, Kolkata, Howrah, West Bengal		S2-702498429	
S1-512007194	US	Lais Legacy Empire Inc	1925 Big Boulder Drive, Virginia Beach City, VA	S3-811060546		S3-811060546
S1-512035812	US	Empire Verde LLC	5021 Voyager Drive, Fayetteville, NC	S2-626838379,S3-934584472		S2-626838379,S3-934584472
S1-512489906	US	Cascade Annaly Group	76 Lonestar Court, Cameron, NC	S2-887119342,S3-858936880		S2-887119342,S3-858936880
S1-512544634	India	Vatsalya Realities Private Limited	Flat No 212, Telangana, K.V.Rangareddy, Serilingampally, Aira Anasuya Heights	S3-402685306,S3-545124288,S3-913922379		S3-402685306
S1-513031828	India	Sandhu Institute Private Limited	Sitapura Industrialarea Jaipur Rajasthan, Jaipur, F-671, Rajasthan	S3-481828958		S3-481828958
S1-513525524	US	Global Graf Inc	4400 Prospect Road, Jonesboro, AR	S2-446758662,S3-565601893	S3-565601893	S2-446758662
S1-513675066	India	Glitz Overseas Group	C/O Sushanta Dutta, Near Head Post Office Hospital Road, Ukilpara, Uttar Dinajpur, Raiganj, Uttar Dinajpur, West Bengal	S2-237871279,S3-735503883		S2-237871279,S3-735503883
S1-513961891	India	Super Software Private Limited	Delhi, New Delhi, A-7 Nizammudin East, South Delhi	S3-244113881		S3-244113881
S1-514154634	India	Scot (India) Services Private Limited	Flno B-9, Sankul Highrise Erandwana Nr Dinanath Hospital, Pune, Maharashtra	S2-677853193,S2-953384977,S3-503353942,S3-912463405	S2-677853193,S2-953384977	S3-503353942
S1-5146043	US	OJ Staked LLC	5065 Janette Avenue, West Valley City, UT	S2-100030745,S2-758444746,S3-383954524,S3-517473520	S2-100030745,S2-758444746	S3-383954524
S1-514653206	India	Krishna It Private Limited	D-76-Bhomi Ind Est-Ranasan Taluka-Ranasan, Gandhinagar, Gandhi Nagar, Gujarat	S2-224456947,S2-68004848,S2-869750343,S3-281501930,S3-577465898,S3-873235315,S3-97142430		S2-224456947,S2-68004848,S2-869750343,S3-281501930,S3-577465898,S3-873235315,S3-97142430
S1-515311104	India	Silver Software Private Limited	103 Silverbill, Nyati Enclave, Mohamadwadi, Near Dps Schoolc, Pune, Maharashtra	S2-234381814,S2-586869266,S2-624497802,S3-218794998,S3-244538306,S3-44445258	S2-234381814	S2-624497802,S3-218794998,S3-244538306
S1-516284006	India	QF Farmer Private Limited	Patel Nagar Colony Bhagwanpur, Varanasi, Uttar Pradesh	S2-30589709,S2-961284390,S3-538990148,S3-577867396,S3-995188445	S3-538990148,S3-995188445	S2-30589709,S2-961284390,S3-577867396
S1-516580194	India	Vasant Medicare Partners	Flat No.L01, Shiva Bharani Appartments Raghavendra Colony, Opp.Rta Office, Kond, Apur, Hyderabad, Telangana	S2-75028727,S2-842114056,S3-841646554		S2-75028727,S2-842114056,S3-841646554
S1-516911760	US	Wiser Sports	1901 Main Street, Shawnee, OK	S2-35998462,S2-455753210,S3-49044281,S3-567214195,S3-810774948	S2-631588899	S2-35998462,S2-455753210,S3-567214195,S3-810774948
S1-516941021	US	UXP Tech Inc	NY, 7 High Street, Clarkstown	S2-506454986,S2-695199700,S2-867672275,S2-884846181,S3-112925944		S2-506454986,S2-695199700,S2-867672275,S2-884846181,S3-112925944
S1-517141309	India	Surya Investment	Old Door No.96/1, New No.1A Anna Salai, Nagelkeni, Chromepet, Chennai, Tamil Nadu	S2-666672821,S2-9432893	S2-666672821	
S1-517892131	India	Loukya Manufacturing Private Limited	S.D.A Commercial Complex, New Delhi, South Delhi, C-13, Delhi	S2-692503612,S3-436232376		S2-692503612,S3-436232376
S1-519027634	US	Surgical Medicine, LLC	2210 Old Brick Road, Henrico County, VA		S3-776400613	
S1-520235772	US	Bureau of Buildings	279 Claremont Ave, Louisville, KY	S2-29001027,S2-497875047,S2-970953976	S2-628469635	S2-29001027,S2-497875047,S2-970953976
S1-5218970	India	Modern Technologies Private Limited	1St Flr, Best Staff Quarters Unnat Ngr, Goregaon West, Nr Azad Maidan, Mumbai City, 15/122, Maharashtra, Mumbai	S2-313633460,S2-327670205,S2-783706192,S3-132114197,S3-879851756,S3-984215504	S2-327670205	S2-313633460,S2-783706192,S3-132114197,S3-879851756,S3-984215504
S1-522276301	US	Beacon Chimera Inc.	1604 240th Street, Tipton, IA	S2-516116911,S3-456052504,S3-782589636,S3-876386765		S2-516116911,S3-456052504,S3-782589636,S3-876386765
S1-522681499	US	Roby Gentle Pioneer Pony	101 Sonshine Place, Salina, OK	S2-625260286,S3-350640248	S2-625260286	S3-350640248
S1-522994371	India	Royal Technologies Pvt Ltd	1601, Magic Square, Cts No 328, 329, Survey No 340/1 To 3, Dwarkadhish Marg, Off Poddar Road, Malad East, Mumbai, Maharashtra	S2-136834549,S3-618570084	S3-618570084	S2-136834549
S1-524342393	India	Sneh Brothers Corporation	Flat No. 203, Mani Plaza, Third Floor 6-2-101/7/A And B, New Bhoiguda, Secunderabad, Hyderabad, Telangana	S2-176368321,S2-330046728,S2-792965902,S3-537549221,S3-689761806,S3-870478394,S3-892815626	S3-870478394	S2-176368321,S2-330046728,S2-792965902,S3-537549221,S3-689761806,S3-892815626
S1-525015208	US	Lucky Deli	141 Beulah Avenue, Zanesville, OH	S2-384564218,S3-88056563	S2-384564218,S2-629850081,S3-227872840,S3-383776951	S3-88056563
S1-525151037	US	Williams Ultra LLC	31 Sunset Avenue, Lenox, MA	S2-17961298,S2-781907257,S3-328790144,S3-404935852		S2-17961298,S2-781907257,S3-328790144,S3-404935852
S1-525348725	US	Vargas Strategic Globa	105 Riley Road, Austin, TX	S2-149381507,S2-298377291,S2-662115693,S2-776705528,S2-953517780,S3-582193725,S3-775998217	S2-298377291,S2-662115693,S2-776705528,S2-953517780,S3-775998217	S2-149381507,S3-582193725
S1-525445381	US	Star Media Union LLC	3902 Glen Avenue, Baltimore, MD	S2-13756908,S3-535974446		S2-13756908
S1-526253893	US	Liuka Rademacher Aviation	8420 Whisper Ridge Place, Raleigh, NC	S2-109310479,S2-166347499,S2-344762529,S2-862484249,S3-249209185	S2-166347499,S2-344762529,S2-862484249	S2-109310479,S3-249209185
S1-526712108	US	Behavioral Health Regional Care Associates Inc	2804 Meyer Avenue, Cleveland, OH	S2-121874311,S2-183980549,S3-811546781,S3-944670734	S2-121874311,S3-811546781,S3-944670734	S2-183980549
S1-527682473	US	Coverdyne LLC	5821 Bedford Road, Memphis, TN	S2-355808455,S3-220933908	S2-355808455	S3-220933908
S1-527857491	India	Laxmi Management	H. No.-18, Ist Floor, Pocket-9, Sector-24, Rohini, Delhi, North Delhi, Delhi	S2-584175909,S3-139045839,S3-22652348,S3-923390685	S2-198464274	S2-584175909,S3-139045839,S3-22652348,S3-923390685
S1-528531241	US	Blue Bakery	1261 Dalemont Way, Dyer, IN	S2-254468639,S3-317928590,S3-695335685	S3-695335685	S2-254468639,S3-317928590
S1-52933779	India	Pune Services Corporation	102 First Floor, Keyur Apartment 2149 Sadashiv Peth, Opposite Kaveri Hote, L, Pune, Maharashtra	S2-918783582,S3-565186774		S2-918783582,S3-565186774
S1-529401700	US	Clear Value Cdt	NY, 69-51 Hillmeyer Avenue, Arverne	S2-184430252,S2-400247618,S2-857165562,S2-884490475,S3-896525637	S2-184430252,S2-884490475	S2-400247618,S2-857165562,S3-896525637
S1-529699436	India	Super Tech Private Limited	59, Tamilnadu Housing Board Colony Omalur Main Road, Salem, Tamil Nadu	S2-295224219,S2-366068584,S3-279763272,S3-298287952,S3-781013995	S3-298287952	S2-295224219,S2-366068584,S3-279763272,S3-781013995
S1-530983555	US	Trusted Plutonian, Inc	14526 Westminster Way, Shoreline, WA	S2-577070162,S2-947351728,S2-973735075,S3-253108938,S3-461408663,S3-971668649		S2-577070162,S2-947351728,S2-973735075,S3-253108938,S3-461408663,S3-971668649
S1-531006128	US	Strategic Packaging Dynamics LLC	Nixa, 623 Bailey Street, MO	S2-815445907,S3-115141922,S3-447873995,S3-488397629	S2-815445907,S3-115141922	S3-447873995,S3-488397629
S1-531362508	US	Tamarra T. Wiley, DO	4733 Laurel Avenue, Gilbert, AZ	S2-679805201,S3-315926751,S3-527867895,S3-577760009,S3-595805646		S2-679805201,S3-315926751,S3-527867895,S3-577760009,S3-595805646
S1-531547469	US	Solora Electricity	Holly Springs, 405 Arborhill Lane, NC	S2-718578341,S3-303198643		S2-718578341,S3-303198643
S1-532230348	US	Cozy Seafood	200 County Road 116, Fairfield, TX	S2-519799357,S2-750370928,S2-888318329,S3-516596740	S2-252884262,S2-253533300,S2-519799357,S2-602412504,S2-725402781,S2-750370928,S2-888318329,S3-120840236,S3-516596740,S3-546104553,S3-922508678,S3-964845156	
S1-532528521	US	Brightola Future LLC	2540 Ashcraft Street, Eaton, IN	S3-224172093,S3-882882477,S3-902103570	S3-882882477	S3-224172093,S3-902103570
S1-533671201	India	Dream Healthcare Pvt Ltd	The One World Near Spire, Rajkot, Gujarat	S2-155899057,S2-410113067,S2-548051377,S3-429108420		S2-155899057,S2-410113067,S3-429108420
S1-533711595	India	Royal Global Private Limited	404-405, Gujarat, Royal Titanium, Opp. Seven Step School, Surat City, Surat	S2-691241148,S3-101466036,S3-621120826		S2-691241148,S3-101466036,S3-621120826
S1-533988335	India	Ayur Ventures	Flata2Ceebres13, Rajajisalai, Westmambalam, Chennai, Chennai, Tamil Nadu	S2-560387354,S3-346257679		S2-560387354,S3-346257679
S1-534082912	India	Pune Estates Pvt. Ltd.	Shop No.8, Lunkad Skymax Viman Nagar, Pune, Maharashtra	S2-26240053,S2-572883450,S2-755598171,S3-185217758	S2-26240053	S2-755598171,S3-185217758
S1-534469544	India	Tide Vision Private Limited	301, Raghav Palace, Shiv Shakti Soc, Ravapar, Morbi, Rajkot, Gujarat	S2-680248900		S2-680248900
S1-535341924	US	Desert Initiative	103 Macedonia Road, Lebanon, TN	S2-245856936	S2-245856936,S2-294008011,S2-914972912,S3-587751303	
S1-535641006	US	Summit Pediatrics	Douglass Township, PA, 1 Knoll Lane, Unit Unit D2	S2-215680629,S2-475343025,S3-700210323,S3-964136458	S2-215680629,S3-700210323	S2-475343025,S3-964136458
S1-535759766	India	Black Impex Private Limited	99 Abad Industrial Estateopp Kasiram Textile Mills Narol, Ahmedabad, Gujarat	S2-169965722,S3-701932969		S3-701932969
S1-536127117	India	Goodlife Group	H.No.F-214, Surender Colony Jarodha, Burari, Delhi, New Delhi, Delhi	S2-405147058,S2-580639815,S3-319469891,S3-949495168	S3-319469891	S2-405147058,S2-580639815,S3-949495168
S1-536380117	US	Patterson, Gomez & Mcgeary P.C.	34956 380th Street, Climax, MN	S2-84629939,S2-884583613,S3-410238084,S3-668527821,S3-726756754,S3-782755642		S2-84629939,S2-884583613,S3-410238084,S3-668527821,S3-726756754,S3-782755642
S1-536478078	US	Classic Quality Bank LLC	663 Cypress Avenue, Evans, NY	S2-63166645,S2-975132202,S3-84295647	S2-63166645	S2-975132202,S3-84295647
S1-537017259	US	Ventura Dogecoin of Florence LLC	101 Pinehurst Drive, Unit APARTMENT 9, Florence, KY	S2-4400535,S3-285425638,S3-416068391,S3-828702456	S2-4400535,S3-828702456	S3-285425638,S3-416068391
S1-537141610	India	Mc & Partners Pvt Ltd	Bangalore, Doddanakkundi Industrial Area, Karnataka, Doddanakkundi Mahadevapur Post, No.1	S2-150774117,S2-20876397,S2-44767369,S2-449117705,S2-764747603,S3-220423622	S2-20876397,S2-449117705	S2-150774117,S2-44767369,S2-764747603,S3-220423622
S1-537380753	India	Heaven Associates Private Limited	Rmz Infinity, 5Th Floor, Plot No 15, Phase Iv, Udyog Vihar, Palam Road, Gurgaon, Haryana	S2-149908606,S2-530403109,S3-91298868	S2-149908606	S2-530403109,S3-91298868
S1-539147679	India	Malwa Foods Private Limited	303, Shreenivas 382/384, Narshi Natha Street, Mumbai, Mumbai City, Maharashtra	S2-188555973,S2-353468509,S2-438083280,S3-468451684	S2-188555973	S2-353468509,S2-438083280
S1-540286083	India	Alappuzha Kamakshi Private Limited	14/594, Sl Puram P.O. Near Kanjikuzhi Police Station, Alappuzha, Kerala	S2-66991643,S2-958651557,S3-827147368	S2-66991643	S2-958651557,S3-827147368
S1-540397889	US	Beck National Array LLC	2600 Roby Corlew Lane, Unit 2403, Murfreesboro, TN	S2-447260943,S2-702868143,S3-12708990,S3-255685571,S3-325451076,S3-896412816,S3-966414494	S2-702868143	S2-447260943,S3-12708990,S3-255685571,S3-325451076,S3-896412816,S3-966414494
S1-540599064	US	Wilkes Communications L.L.C.	3236 County Road 2719, Evant, TX	S2-968966583,S3-433209800		S2-968966583,S3-433209800
S1-541410972	US	Pintado Air LLC	7489 Texas State Highway 37, Talco, TX	S2-129988675,S3-629726060,S3-695802798		S2-129988675,S3-629726060,S3-695802798
S1-541459025	India	Prime Power Care	Neil Rao Towers, Plot #118, Road # 3 Epip Phase I, Whitef, Ield, Bangalore, 7Th Floor Ew Rao Towers, Bangalore, Karnataka	S2-78251352,S3-13937554,S3-180033135,S3-691129403		S2-78251352,S3-13937554,S3-180033135,S3-691129403
S1-542007693	India	Life Modern Food Limited	Fourth Floor Shyam Corporate Nr Chirag Motors, Chhadawad Police Station Ellisbridge Ahmedabad, Ahmadabad City, Ahmedabad, Gujarat	S2-463299739,S3-615267698,S3-684072448	S2-463299739	S3-615267698,S3-684072448
S1-542871318	US	Pediatric Clinic Inc	311 Summit Street, Galion, OH	S2-471086147,S3-331674625,S3-393390152	S2-471086147,S3-632152567	S3-331674625,S3-393390152
S1-54411846	US	Zepeda, Pixley & Holcomb LLC	3 Sheffield Road, James City County, VA	S3-128600964,S3-188801175		S3-128600964
S1-54428112	India	Fenil Industries Private Limited	7B, Classic Tower 56, Gariahat Road, Kolkata, Kolkata, Howrah, West Bengal	S2-557417555,S2-694156977,S2-769076378		S2-557417555,S2-694156977,S2-769076378
S1-544481385	India	My Constructions Private Limited	19-20, Hn#3 San Blooms Ambalipura, Sarjapura Road, Near Bellandur Gate, Bangalore, Karnataka	S2-310784365,S2-847829293,S3-156021256		S2-310784365,S2-847829293,S3-156021256
S1-545697926	India	WIV Finvest Corporation	New No:43, Old No:22, Real Enclave, Josier Street Nungambakkam, Chennai, Tamil Nadu	S2-984321955,S3-1063719	S2-984321955	S3-1063719
S1-546032415	US	Board of Veterans Affairs	2713 Woodland Road, Mobile, AL	S2-306926604,S3-203683277	S2-944001149	S2-306926604,S3-203683277
S1-546143676	US	Desert Resources Corp	6304 Cheetah Court, Waldorf, MD	S2-151604715,S2-60812273,S2-839492233,S2-996647406,S3-448867392,S3-518743413,S3-684877355	S2-839492233,S2-996647406,S3-518743413	S2-151604715,S2-60812273,S3-448867392,S3-684877355
S1-54706324	US	Malorie's Group	118 4th Avenue, Franklin, TN	S2-118693328,S2-384348830,S3-14237875,S3-242547589	S2-384348830	S2-118693328,S3-14237875,S3-242547589
S1-547277814	US	Dell Merritt Signature Short LLC	456 Quiet Cove Way, Dandridge, TN	S2-14959475,S2-656427948,S3-384500976,S3-553491463,S3-910499101		S2-14959475,S2-656427948,S3-384500976,S3-553491463,S3-910499101
S1-547744634	US	Pronivue Holdings	300 Anthony Avenue, Unit UNIT 313, Mundelein, IL	S2-395646287,S2-704966805,S3-504595661		S2-395646287,S2-704966805,S3-504595661
S1-548313307	US	Urgent Care Health	2150 Rosa Road, Unit Apartment A9A, Schenectady, NY	S2-132998509,S2-39828766,S2-947978079,S3-291511008	S3-844893525	S2-132998509,S2-39828766,S2-947978079,S3-291511008
S1-549352859	US	Orbeon Renewable LLC	7313 55th Drive, Glendale, AZ	S2-423619630,S2-566135885,S3-320330779		S2-423619630,S2-566135885,S3-320330779
S1-550556805	US	Complete Security Union LLC	920 Forest Street, Christiansburg Town, VA	S2-536581435,S2-761271100,S2-92228780,S3-176088572,S3-302399112		S2-536581435,S2-761271100,S2-92228780,S3-176088572,S3-302399112
S1-552713143	India	Future Construction Limited	Kolkata, Belal Complex Topsia Road, Kolkata, West Bengal, 26, Howrah	S2-617603365,S3-729958577		S2-617603365,S3-729958577
S1-553107865	India	Premier Tech Private Limited	S. No. 545, D. No. 4, Vallalar Street, Selvam Nagar, Pallikaranai, Tambaram, Kanchipuram, Tamil Nadu	S2-71770619,S3-418409799,S3-813927123		S2-71770619,S3-418409799,S3-813927123
S1-55320356	US	Pediatric Atlantic Specialists LLC	3620 Daufuskie Drive, Wilmington, NC	S2-149742198,S3-665015401,S3-77963573	S3-665015401	S2-149742198,S3-77963573
S1-553253982	US	Cornerstone Printing Concepts	Portland, 9283 Parker Drive, MO	S2-213276108,S2-406327434,S2-679694287,S3-63501593		S2-213276108,S2-406327434,S2-679694287,S3-63501593
S1-553834856	US	Preferred Bay Homes	60 Main Street, Unit UNIT 332, Lake Zurich, IL	S2-416212955,S2-998619019,S3-122697710,S3-200425113,S3-779064067		S2-998619019,S3-122697710,S3-200425113,S3-779064067
S1-554031371	US	Family Foundation	Albany, NY, Unit Apartment 2, 95 Woodlawn Avenue	S2-245657413,S2-395327003,S2-470568564,S3-630039667,S3-835695788,S3-849422245	S2-395327003,S3-630039667,S3-835695788	S2-245657413,S2-470568564,S3-849422245
S1-556472589	India	Namo Vinimay Private Limited	301, Nar Narayan Chs Ltd., Plot No.36B, Turner Road, Nr. Tava Restaurant, Tps-Iii, Bandra(W), Mumbai, Mumbai City, Maharashtra	S2-934650427,S2-988017113,S2-991640310,S3-770473433		S2-934650427,S2-988017113,S2-991640310,S3-770473433
S1-556473686	US	Pediatric Dental Group of Brooklyn Park	8900 Trinity Gardens, Brooklyn Park, MN	S2-515018472,S2-687544939,S2-724709552,S3-162979753	S2-515018472	S2-687544939,S2-724709552,S3-162979753
S1-557335191	US	Straight Edge Cafe Inc	Boston, MA, 108 Myrtle Street, Unit 4	S2-154326026,S2-397483371,S2-501864067,S3-216617608	S2-50264700,S3-47094370	S2-154326026,S2-397483371,S2-501864067,S3-216617608
S1-557925862	US	Literacy Fellowship LLC	293 Country Crossing Circle, Magnolia, TX	S2-108870170,S2-165861315,S2-63999327,S2-78314227,S3-218078126,S3-279214305,S3-415531473	S2-108870170,S2-63999327	S2-165861315,S2-78314227,S3-218078126,S3-279214305,S3-415531473
S1-560241664	US	Pickerel Enterprises Associates	6119 Edmondson Lane, Knoxville, TN	S2-700650361,S3-186016221,S3-280489669,S3-307030307	S2-700650361	S3-186016221,S3-280489669,S3-307030307
S1-560382082	US	Davis and Lemaire Inc	4839 Shaffer Mill Road, Manchester, MD	S2-295842677,S2-670687761,S2-896587974,S3-306059977,S3-533961352	S2-295842677	S2-670687761,S2-896587974,S3-306059977,S3-533961352
S1-560939768	India	Sky Shree Marketing LLP	302, Krishna Kunj, Rd No.5, Plot No 170, Mahim West, Mumbai, Maharashtra	S2-32710252,S3-151934782,S3-729803749,S3-980725194	S3-729803749	S2-32710252,S3-151934782,S3-980725194
S1-561497507	India	Petrichor Realty Private Limited	Ida Kanjikode, Palakkad, Iv/1064, Kerala	S2-488973272,S2-671484305,S3-654980317	S3-654980317	S2-488973272,S2-671484305
S1-562364917	US	Gwenore Tosh Trusted Keen	1255 400, Elba, AL	S2-566566838,S2-928403606,S3-505357420,S3-745560359	S2-928403606,S3-745560359	S2-566566838,S3-505357420
S1-563337825	US	Stephens Industries Inc.	651 Private Road 1045, Doddridge, AR	S3-100067300	S3-999931956	S3-100067300
S1-563655220	India	Maa Institute Private Limited	T-4, Agrasen Tower, Central Spine Vidhyadhar Nagar, Jaipur, Rajasthan	S2-211176816,S2-544947242,S3-163453994,S3-354109545,S3-825735738,S3-99359067	S3-99359067	S2-211176816,S2-544947242,S3-163453994,S3-354109545
S1-564034457	US	B 8 D Communications Inc	2903 5th Street, Mineral Wells, TX	S2-214694603,S2-46724171,S3-612335597,S3-632902919,S3-701763349,S3-968710312	S3-612335597,S3-968710312	S2-214694603,S3-632902919,S3-701763349
S1-564080018	US	Summit Enterprises LLC	AR, Jonesboro, Unit Unit 14, 6600 Highland Drive	S2-193056830,S2-338851201,S3-783969002		S2-193056830,S3-783969002
S1-5643831	India	Munot (India) Planet Ltd	House No M6 Townsend, Off Doddaballapur Road, Singanayakanahalli Post, Avalahalli, Yelahanka, Bangalore, Karnataka	S2-248349752,S2-785597641,S2-942574074,S3-261173143		S2-248349752,S2-785597641,S2-942574074,S3-261173143
S1-566083550	US	Pediatric Precision Physicians PLLC	2126 8th Avenue, Texas City, TX	S2-107483379,S2-880657579,S3-852282239	S2-107483379	S2-880657579,S3-852282239
S1-566490216	India	Industries Navrang Enterprises	No-13/14 2Nd Cross, 7 Th Phase, Jp Nagar, Navodaya Nagar, Bengaluru, Bangalore, Karnataka	S3-85969989		S3-85969989
S1-566533066	US	Reliable Innovative Great LLC	ME, 1098 Narragansett Trail, Buxton	S3-268316026,S3-787342417		S3-268316026,S3-787342417
S1-566756231	US	Becton First Partners	7319 Lannon Road, WI, Village Of Lannon	S2-59215315,S2-738196153,S2-739901672,S3-801723176		S2-59215315,S2-738196153,S2-739901672,S3-801723176
S1-568014446	US	Georgetta Lewis Desert Greenfire	327 Westminster Court, Asheboro, NC	S2-646631567,S2-654998501,S2-994671896,S3-630832973		S2-646631567,S2-654998501,S2-994671896,S3-630832973
S1-568207427	US	Wade, Hilton and Burke Inc	38208 Wendling Road, Marcola, OR	S2-652783399,S2-657860780,S3-647347666,S3-775991060	S2-652783399	S2-657860780,S3-647347666,S3-775991060
S1-568297098	US	Bright and Peterson Associates	NC, Robersonville, 22070 903	S2-263114934,S3-517933363		S2-263114934,S3-517933363
S1-56865544	India	Sinnar Advertising Partners	G. No-531 Dodi (Bk), Sinnar, Nashik, Maharashtra	S2-119960493,S3-15421002,S3-365597342,S3-898004735		S2-119960493,S3-15421002,S3-365597342,S3-898004735
S1-568757425	India	Unique Developers Private Limited	134 A-I Shah & Nahar Indestate Lower Parel, Mumbai, Maharashtra	S2-298182599,S2-511227998,S2-824404538,S3-5366271	S2-298182599	S2-511227998,S2-824404538,S3-5366271
S1-569351557	US	Gomez Medical Center-Broadview Heights	OH, Broadview Heights, 103 Melrose Lane	S2-821330834,S3-427479982,S3-810160944		S2-821330834,S3-427479982,S3-810160944
S1-569729213	US	Espinoza and Bryant Inc.	1317 Ninth Street, Dixon, IL	S2-918771592,S3-786964445	S2-918771592	S3-786964445
S1-570221198	India	Himachal Trading Pvt. Ltd.	S. No. 9 Bldg P Rahul Residency S No 63/67 Salunkhe Vihar Road Kondhwa, Pune, Nandurbar, Maharashtra	S2-140214426,S2-14601226,S3-171226932,S3-216291423,S3-303205859,S3-394876315,S3-935035106	S3-303205859	S2-140214426,S2-14601226,S3-171226932,S3-216291423,S3-394876315,S3-935035106
S1-571122151	India	Alpha Care Private Limited	C/O, Vindhya Projects Pvt Ltd 40/1, Prince Anwar Shah Road, Lp-111/1, Kolkata, Kolkata, Howrah, West Bengal	S3-631201326		S3-631201326
S1-57116876	India	Gsv Biotech Private Limited	Karur, Tamil Nadu, 211A, Karur, Ezhil Nagar, Kovai Road	S2-336458317,S3-215599829,S3-289835123,S3-744941734		S2-336458317,S3-215599829,S3-289835123
S1-572064048	US	Vaccaro All L.L.C.	281 Stonewyck Lane, 75182, TX	S2-233114553,S2-345527736,S3-269342771,S3-954318555	S2-233114553	S2-345527736,S3-269342771,S3-954318555
S1-572579850	US	Hickerson, Mcgee & Marks	25358 Lynwood Farm Court, Clarksburg, MD	S2-19361687,S2-784510840,S3-69608599,S3-89424819	S3-89424819	S2-19361687,S2-784510840,S3-69608599
S1-573451521	US	2789 Fourth Blvd Holdings	12132 David Drive, Silver Spring, MD	S2-114127285,S2-264396462,S2-66252609,S3-343344913,S3-478709930,S3-847881082	S3-343344913	S2-114127285,S2-264396462,S2-66252609,S3-478709930,S3-847881082
S1-574000	India	EJH Logistics Private Limited	Flat No.640, Pocket 5, Near, Iti Kichri Pur Mayurvihar, East Delhi, Delhi	S2-123454096,S2-312684798,S3-591219244,S3-710640398		S2-123454096,S2-312684798,S3-591219244,S3-710640398
S1-574369240	India	Management Dilip Exports Pvt. Ltd.	No.102, Rajiv Gandhi Salai, Sholinganallur, Chennai, Tamil Nadu	S2-434958511,S3-159047841,S3-397639971,S3-480967767,S3-49831103	S3-49831103	S2-434958511,S3-159047841,S3-480967767
S1-574906037	India	Premier Finance Private Limited	Tamil Nadu, Chennai, 36/12/3, Ponniamman Koil Street, Kottur	S2-279548880,S2-327508234,S2-491811087,S2-6675433,S2-845597559,S3-592268463		S2-279548880,S2-327508234,S2-491811087,S2-6675433,S2-845597559,S3-592268463
S1-575564978	US	Ines's Dental	4605 Purnell Road, Wake Forest, NC	S2-461966390,S3-521811258		S2-461966390,S3-521811258
S1-57558281	US	Uptown Massage!	28 Lafantasie Road, Killingly, CT	S2-331795850,S2-921871807,S3-385805104,S3-507223413,S3-508223542	S2-163061236,S2-751023509,S2-814712179,S2-921871807,S3-385805104	S2-331795850,S3-507223413,S3-508223542
S1-576068766	US	Cascade Academy Associates	307 Church Street, Fl 1, Phoenix, OR	S2-337530512,S2-348855025,S3-15823252,S3-205275723,S3-703275370	S2-348855025	S2-337530512,S3-15823252,S3-205275723,S3-703275370
S1-576164081	US	Aspen	105 State Street, Unit 9, Newburyport, MA	S2-300012761,S2-45851126,S3-590822191	S2-328740896,S2-345733019,S3-195366633,S3-43187175,S3-582535112,S3-590822191,S3-663940719	S2-300012761,S2-45851126
S1-577034989	India	SYB Electronics Private Limited	Survey No. 342, Gajularamaram, Qutubullapur, Hyderabad, Telangana	S2-185929920,S3-323329661,S3-92578938		S2-185929920,S3-323329661,S3-92578938
S1-577847574	India	FF Engineers Private Limited	P No 5 Iswaryam Nagar, Narasingam Bit 4 Sri Ram, Madurai South, Madurai, Tamil Nadu	S3-588811479,S3-615454814		S3-588811479
S1-577881214	US	Cardiology Green Health P.C.	278 Kings Pointe Drive, Delano, MN	S2-133241532,S3-918736822	S3-918736822	S2-133241532
S1-577893094	India	FUL Capfin of Hisar	Hissar, House No. 1663 Urban Estate - Ii, Haryana, Hisar	S2-765982937,S2-874260410,S2-903295773,S3-387491986,S3-417115361	S2-874260410	S2-765982937,S2-903295773,S3-387491986,S3-417115361
S1-578034864	US	Bryant Industries Group	403 Shumway Street, Lena, IL	S2-810218836,S2-818090697,S2-820488269,S3-529197298	S2-810218836,S2-818090697	S2-820488269,S3-529197298
S1-57809853	US	1015 Broadway Blvd Management	8721 Altair Drive, Sandy, UT	S2-960343594,S3-551214609	S3-551214609	S2-960343594
S1-578877985	US	Lacee Pena, Ph.D.	11 Pebble Beach Avenue, Mashpee, MA	S2-160183115,S2-330780395,S2-757224488,S3-525441156,S3-5285605,S3-697901328,S3-847535473	S3-5285605	S2-160183115,S2-330780395,S2-757224488,S3-525441156,S3-697901328,S3-847535473
S1-579402997	India	Banaskantha Automation Company	C/O. Memabhai Harjibhai Patel 372, Banaskantha, Gujarat, At. Mandla, Ta. Kankarej, Banas Kantha	S2-107431669,S2-1393026,S2-33941095,S2-739439024,S3-453903587,S3-745240133,S3-961568986		S2-107431669,S2-1393026,S2-33941095,S2-739439024,S3-453903587,S3-745240133,S3-961568986
S1-579461976	India	Mira Wires Private Limited	Gat No. 22, At. Post. Bhatgaon, Yeola, Nashik, Maharashtra	S3-249510108,S3-68472953,S3-794702258,S3-979170233		S3-249510108,S3-68472953,S3-794702258,S3-979170233
S1-579676287	India	Titan Consultancy Limited	Mgl 68, Opposite Dairy Melagodu, Hassan, Karnataka	S2-230602505,S3-52918578	S3-52918578	S2-230602505
S1-582324555	India	Kusum Hospital Private Limited	House No 97 Sector-16Afaridabad, Haryana, Faridabad, Haryana	S2-154642717,S2-185748411,S3-644936705	S2-154642717	S2-185748411,S3-644936705
S1-58315770	US	Littlejohn Rothschild Inc.	19392 B Highway 314, Belen, NM	S2-554843957,S2-750763931,S2-966045005,S3-336846739		S2-554843957,S2-750763931,S2-966045005,S3-336846739
S1-583605213	US	Behavioral Health Heritage Clinic LLC	Jamestown, NY, 35 Myrtle Street	S2-323792644,S2-409021113,S2-763646517,S3-781871957,S3-927783785	S3-927783785	S2-409021113
S1-584309155	US	First Aktiengesellschaft	1818 Tanglewood Avenue, Hobbs, NM	S2-330204287,S3-455820121		S2-330204287,S3-455820121
S1-584886686	India	Orange Silk Clinic	Ludhiana, Punjab, Ludhiana, Ground Floor, Opp. Allahabad Bank, Samrala Chowk	S2-361897419,S3-716656265		S2-361897419,S3-716656265
S1-58537287	US	Sedyne Resources LLC	2918 Upton Street, Washington, DC	S2-186276452,S2-426411665,S2-939875053,S3-110981307,S3-195410913	S2-186276452	S2-426411665,S2-939875053,S3-110981307,S3-195410913
S1-58600001	US	Dolaify Secure Solution Co	285 Miller Hollow Road, Roan Mountain, TN	S2-103114984,S2-736029403,S2-850941560,S3-311071319,S3-861274745		S2-736029403,S2-850941560,S3-311071319,S3-861274745
S1-586402581	US	Crystal Analytics Ventures PLLC	4016 Cabana Drive, Huntsville, AL	S2-452931723,S2-509814353,S2-75812125,S3-149996866,S3-646447760,S3-67293694,S3-906525953		S2-452931723,S2-509814353,S2-75812125,S3-149996866,S3-646447760,S3-906525953
S1-586509882	India	Vijay Power LLP	144/A, Sector -F Industrial Area Sanwer Road, Indore, Madhya Pradesh	S2-221739992,S2-484723508,S3-196129823		S2-484723508,S3-196129823
S1-586734171	US	Pinnacle Digital Works, LLC	TX, 14355 Kelly Road, Conroe	S2-49495926,S2-771309476,S3-191725743,S3-274676809		S2-49495926,S2-771309476,S3-191725743,S3-274676809
S1-586770373	US	Prime Wealth Union Corp	5616 Main Drive, New Hope, AL	S2-179055026,S2-379384750,S3-523297599,S3-620309853,S3-997696126	S2-179055026,S3-523297599	S2-379384750,S3-620309853,S3-997696126
S1-58715955	India	Perfect Consultants Private Limited	26B, Balaram Ghosh Street, Kolkata, Kolkata, Howrah, West Bengal	S2-277524937,S2-718814473,S2-896501791,S3-464181054,S3-770059540,S3-81199515		S2-277524937,S2-718814473,S3-464181054,S3-770059540,S3-81199515
S1-587867700	India	Keshav Enterprises	B-50 Jasmine Villa Ultim, Kolar Road, Borda, Huzur, Bhopal, Madhya Pradesh	S2-641197957,S2-667524079,S3-122403071,S3-33963497,S3-914549282	S3-33963497,S3-914549282	S2-641197957,S2-667524079,S3-122403071
S1-587964813	India	Japs Network Private Limited	9-058, Srinivasa Nagar, Tadigadapa Municipality, Krishna, Andhra Pradesh	S2-899760281,S3-168333891,S3-401600071	S2-899760281	S3-168333891,S3-401600071
S1-5880742	US	Severson, Marlena, Ph.D., DDS PC Associates	Chesapeake City, 1544 Overbrook Avenue, VA	S2-632617762,S3-403036880,S3-807259654	S3-807259654	S2-632617762,S3-403036880
S1-588623781	US	Forge PC	3108 109, Dothan, AL	S2-15068314,S2-461536754,S2-830648831	S2-15068314	S2-461536754,S2-830648831
S1-588637300	India	Jaipur Super Private Limited	Unit No. 728, Elements Mall, Near D.C.M Market, Ajmer Road, Vaishali Nagar, Jaipur, Rajasthan	S2-143362861,S2-705681926,S3-774509236,S3-789070819		S2-143362861,S2-705681926,S3-774509236,S3-789070819
S1-588993510	US	The Dent Pilates	1941 Park Drive, Newton, NC	S2-945719172,S3-995265895	S2-449827526,S2-513374406	S2-945719172,S3-995265895
S1-589131004	US	Bertsch Appliance Inc.	Unit 20, Louisville, 205 Paradise Ln, KY	S2-805352448,S3-827953800,S3-890240278		S3-827953800,S3-890240278
S1-589214561	US	Economic Development Committee	905 349 Street, Eastlake, OH	S2-210139680,S2-915027701,S2-946296742,S2-966615067,S3-32803920,S3-521181658,S3-563794177	S2-210139680,S2-966615067,S3-272130644	S2-915027701,S2-946296742,S3-32803920,S3-521181658,S3-563794177
S1-589815568	India	Exports Great Technology Pvt Ltd	B-204 Shyam Apartment, Rishi Nagar, Meerut, Uttar Pradesh	S2-932199105,S3-558695850		S2-932199105,S3-558695850
S1-590746387	India	Pat Services Private Limited	Road, 3Rd Floor, Kolkata, West Bengal, Kolkata, Howrah, 10 Sadhan Hari Mukherjee	S2-315998779,S2-502819854,S2-576408655,S2-844548249,S3-458268741		S2-502819854,S2-576408655,S2-844548249,S3-458268741
S1-592182426	India	Modern Construction Private Limited	Maharashtra, Thane, Shop No 1408, Navimumbai, Real Tech Park, Plot No 39/2, Sector-30A, Vashi	S2-502290808,S2-715850212,S3-17462367,S3-245029127		S2-502290808,S2-715850212,S3-17462367,S3-245029127
S1-592189730	US	Raphaela's Pizza	8265 Orcas Loop, Fl 1, Lacey, WA	S2-576690031,S3-795900114,S3-813315349,S3-822766014	S3-795900114,S3-813315349,S3-822766014	S2-576690031
S1-593260046	US	Jemie Schultz Chiron LLC	28915 Harbor Springs Court, Fulshear, TX	S2-762031752,S3-57570965,S3-910182	S3-57570965,S3-910182	S2-762031752
S1-593330310	India	Thane Services Private Limited	Thane, Maharashtra, Flat No 103/C-2 Bldg, Rose Nagar, Nr Rose Ngr Chs, Nr Y Junction, Kausa	S2-430919975,S2-951912142,S3-59346756	S3-59346756	S2-430919975,S2-951912142
S1-593666550	US	Zaex LP	22 Pierce Avenue, Wakefield, MA	S2-276950228,S3-366692972,S3-799983491	S2-276950228	S3-366692972,S3-799983491
S1-593955951	India	Scandinavian Tv Private Limited	Lane No. 10, Khushahal Nagar-A Badalalpur, Po - Lamhi, Varanasi, Uttar Pradesh	S2-172593502,S2-496245689,S2-508469521,S2-691225187,S2-708351427,S3-702602104,S3-763570786	S2-172593502,S2-508469521,S2-691225187,S2-708351427	S2-496245689,S3-702602104,S3-763570786
S1-59441413	US	Uptown Bistro!	302 Island View Drive, Hampstead, NC	S2-311848590,S2-796943668,S2-973854336,S3-165496182,S3-313066300,S3-366177035	S2-179613193,S2-973854336,S3-165496182,S3-366177035	S2-311848590,S2-796943668,S3-313066300
S1-595072197	India	Prime Finance Private Limited	1052, 1St Floor, Faridabad, Haryana	S2-224540653,S2-354899735	S2-224540653,S3-602653233	S2-354899735
S1-595095314	US	Kavanaugh Tech	32 Broadway, Salem, NY	S2-212297682,S2-525588988,S2-609580519,S2-662751049,S3-486976625	S2-212297682,S2-525588988,S2-609580519,S2-662751049	S3-486976625
S1-595969590	India	Radiant India Private Limited	Table 9-A, Communication Centre, 3Rd Floor, Orchid City Centre, 265, Belassis Road, Mumbai, Central, Mumbai, Mumbai City, Maharashtra	S2-189966231,S2-216800268,S3-300212758,S3-509977945	S3-509977945	S2-189966231,S2-216800268,S3-300212758
S1-596691713	India	Shiva Software	Nira Niwas House No 141 E Ward Gaothan Lonavala, Pune, Maharashtra	S2-112717736,S2-393406319,S2-445886311,S2-676528553,S3-432942117,S3-713233557	S2-393406319,S2-676528553	S3-432942117,S3-713233557
S1-597028029	US	Big Barbershop	OH, 340 Third Street, Latty	S3-166061214,S3-187501944,S3-515412584,S3-525340707,S3-70887413	S3-70887413	S3-166061214,S3-187501944,S3-515412584,S3-525340707
S1-5975695	US	Chiropractic First Clinic P.C.	1808 Fourth Of July Road, Eldora, CO	S2-212393618,S2-672825623,S3-522821235,S3-596044845	S2-672825623	S2-212393618,S3-522821235,S3-596044845
S1-597872696	US	Jeanette Cummings Square	3670 Golf Side Circle, Unit UNIT 203, Prince William County, VA	S2-187232565,S2-562414224,S2-845930968,S3-430644112,S3-754568618,S3-862399711	S3-430644112	S2-187232565,S2-562414224,S2-845930968,S3-862399711
S1-597986409	US	Weiler Galaxyedge LLC	MO, 6445 State Hwy 176, Galena	S2-495002965,S2-512039834		S2-495002965,S2-512039834
S1-598536071	India	Cee Gold LLP	Plot No 1/1A Ur Nagar, Extn Anna Nagar West Extn, Ambattur, Tiruvallur, Tamil Nadu	S2-673015254,S3-336350330,S3-590929191		S2-673015254,S3-336350330,S3-590929191
S1-599357007	US	Kirchner's Cascade Electrical Inc.	11983 Tualatin Road, Unit #822, Tualatin, OR	S2-163662951,S3-255430153,S3-321197859,S3-75528580		S2-163662951,S3-255430153,S3-321197859,S3-75528580
S1-599360534	India	Brilliant Chits Private Limited	Park Sanjay Place, Agra, Office No 812 Corporate, Agra, Uttar Pradesh	S2-708515711,S3-131579032,S3-250672166,S3-638655527,S3-96649950	S3-131579032	S2-708515711,S3-250672166,S3-638655527,S3-96649950
S1-599448373	India	Chitransh Brothers Limited	Hn-420, Chinchwad Karveer, Kolhapur, Maharashtra	S2-71582099,S2-891818887,S3-663688632	S2-891818887,S3-663688632	S2-71582099
S1-600921126	India	India Luxe Milk Private Limited	7, Lyons Range, 4Th Floor, Kolkata, Kolkata, Howrah, West Bengal	S3-191499294		S3-191499294
S1-601464480	US	Keystone Genomic Collective Center	541 Sydenham Drive, Franklin, TN	S2-460485555,S2-717528224,S3-882409142	S2-460485555,S2-717528224	S3-882409142
S1-601565157	US	Unified Robotics Works LLC	1217 Wisteria Lane, Unit Apartment 1, City Of Waukesha, WI	S2-23890195,S3-113246291		S2-23890195,S3-113246291
S1-60190931	US	Veterans Program	38 Valleywood Road, Greenwich, CT	S2-487154500,S2-81306497,S2-886203900,S3-121904159,S3-139248643,S3-520399163,S3-827008453	S2-487154500,S3-139248643,S3-520399163,S3-827008453	S2-81306497,S2-886203900,S3-121904159
S1-602018850	India	Kanpur Technologies	B-18, Rooma (General) Extention U.P.S.I.D.C. Industrial Area, Rooma, Kanpur, Uttar Pradesh	S2-570516391		S2-570516391
S1-602221866	India	Premier Marketing Private Limited	44/1/1, Hari Bahvan Opp. Vishnu Petrol Pump, Amraiwadi, Ahmedabad, Gujarat	S2-323284139,S2-600238195,S2-816592280,S3-217181382,S3-753239380,S3-901165790,S3-97061965		S2-816592280,S3-217181382,S3-753239380,S3-901165790,S3-97061965
S1-603221744	India	International Projects LLP	103, Rohini Complex Wa-121, Shakarpur, Delhi, East Delhi, Delhi	S2-155467349,S3-294347787		S2-155467349,S3-294347787
S1-60460987	India	Innovative Retails Pvt. Ltd.	# 549, 9Th A Main Road, First Stage, Indira Nagar, Bangalore, Karnataka	S2-132438569,S2-31979874,S2-427795202,S2-753992842,S3-322719498,S3-888911092	S2-427795202,S2-753992842,S3-322719498,S3-888911092	S2-132438569,S2-31979874
S1-60472618	US	Lucey, Fawnia, P.A., DDS PC	4450 Kedzie Avenue, Chicago, IL	S3-139203254,S3-884396995		S3-139203254,S3-884396995
S1-604884543	US	Bobbe's Property Solutions Care	302 Joppa Road, Unit APARTMENT 1802, Loch Raven, MD	S2-686494951,S2-961500720		S2-686494951,S2-961500720
S1-605026123	India	Services Adhunik Good Private Limited	1-10-68/2 Chikoti Gardens, Begumpet, Hyderabad, Telangana	S2-16736101,S2-984923389,S3-149738823,S3-508365049,S3-523408447,S3-927720918		S2-16736101,S2-984923389,S3-149738823,S3-508365049,S3-523408447,S3-927720918
S1-605277964	India	Dhanvarsha Ultra Private Limited	Flat No.C-301, 3Rd Floor Sector-57 Cawa Rail Vihar, Gurgaon, Haryana	S3-175343790,S3-201098542,S3-257941792		S3-175343790,S3-201098542,S3-257941792
S1-605924067	India	Genesis Construction Pvt Ltd	4-31, Puretivari Veedhi, Savalyapuram, Guntur, Andhra Pradesh	S2-660612883,S3-317875958,S3-723007557	S3-317875958,S3-723007557	S2-660612883
S1-606110706	India	Tech Management Private Limited	3-23/2, Main Road, Kishtayapalem Village, Mangalagiri, Guntur, Andhra Pradesh	S2-825812341,S3-35109906		S2-825812341,S3-35109906
S1-606535033	India	Sai Eastern Construction Private Limited	Bihar, Nawada, W/O-, I. Prasad, Gandhi Nagar, Smt.Shakuntala Devi, Nawadha	S2-475872008,S3-376700740,S3-612110595		S2-475872008,S3-376700740,S3-612110595
S1-606784287	US	Premier Empire Virtus LLC	636 Mesilla Street, Albuquerque, NM	S2-221597123,S2-480573177,S3-860212589,S3-916888787	S3-860212589	S2-221597123,S2-480573177,S3-916888787
S1-607097504	US	Tri-State Prime Company	403 Main Street, Liberty, IN	S2-419816475,S3-272775446,S3-908228556,S3-98185813	S2-419816475	S3-272775446,S3-908228556,S3-98185813
S1-607184842	US	Department of Environmental Protection	5415 Redwing Court, Unit 3, Moraine, OH	S2-211056443,S2-335716229,S2-456824845,S2-718502898,S3-181361060	S3-181361060	S2-211056443,S2-335716229,S2-456824845,S2-718502898
S1-607297729	US	Best Restaurant	4909 Georgia Avenue, Nashville, TN	S2-19790516,S3-113934722,S3-791846526	S2-19790516	S3-113934722,S3-791846526
S1-608368352	India	Tindivaman Des LLP	No.121/4, Dr.No.2-232-C, Gingee Taluk, Tindivaman, Villupuram, Tamil Nadu	S2-152457864,S2-838748333,S3-155074960	S3-155074960	S2-152457864,S2-838748333
S1-60840959	US	Bonita Elmore Precision Vertical L.L.C.	657 46th Street, Baton Rouge City, LA	S2-14515261,S2-651852756,S2-786426694,S3-161687750,S3-169829514,S3-859200611,S3-956454443	S2-651852756,S2-786426694,S3-161687750	S2-14515261,S3-169829514,S3-859200611,S3-956454443
S1-608518931	US	Carr International, Inc.	1743 Three Bars Trail, Billings, MT	S2-263605952,S2-373588880,S3-443561212,S3-874280991	S2-263605952,S3-874280991	S2-373588880,S3-443561212
S1-608833561	India	Township Micro Private Limited	C/O Naran Ghosh Paschim, Nandarampur Bankura, Sonamukhi, Bankura, West Bengal	S2-773449875,S3-683314830,S3-982129370		S2-773449875,S3-683314830,S3-982129370
S1-60894537	India	DY Protec LLP	C/O Nandakumar, Changalath House Plavinkootam Vazhy, Thrissur, Kerala	S2-622544275,S2-625362294,S2-647138705,S3-512128151,S3-669793761	S2-622544275,S2-625362294	S2-647138705,S3-512128151,S3-669793761
S1-609160809	India	House Resorts-Thrissur	206/11, Paneghat Kulambrath Building, Varadiyam, Thrissur, Kerala	S2-965005718,S3-16565357,S3-244956388,S3-89145191	S2-965005718,S3-16565357	S3-244956388,S3-89145191
S1-60960685	US	Vision Associates LLC	2820 Byrds View Drive, Flagstaff, AZ	S2-591043625,S2-880791237,S3-395775733		S2-591043625,S2-880791237,S3-395775733
S1-610566401	India	Dream Business Private Limited	1St Floor, 8, Sunrise Market, Behind Central Bank, Ladwa Road, Thanesar, Kurukshetra, Haryana	S2-247483679,S2-473243729,S3-162230724,S3-477276606,S3-743527488		S2-247483679,S2-473243729,S3-162230724,S3-743527488
S1-611144170	India	Vishwaguru & Co	Office No 303, Plot No 66, Great Eastern B Sector No 15, Cbd, Mumbai City, Maharashtra	S2-120737125,S2-899604846,S3-390878667,S3-39892192		S2-120737125,S2-899604846,S3-390878667,S3-39892192
S1-611401028	India	Big Bright Technology Private Limited	House No. 1-1-238, Behind Railway Police Colony, Station Area, Raichur, Karnataka	S2-268298118,S2-683479899,S3-241999201	S2-683479899	S2-268298118,S3-241999201
S1-611834191	US	Greenwood, Rader & Whitney Inc	73 Ardsley Street, Staten Island, NY	S2-321100404,S2-767763772,S2-783246280,S2-809518575,S3-238943980	S2-767763772,S2-783246280,S2-809518575	S2-321100404,S3-238943980
S1-612075827	India	Sree Ss Producer LLP	2Nd Floor, 1-A, Shiva Vishnu Koil Street 169-B, Jn Road, Rajajipuram, Thiruvallur, Tamil Nadu	S2-497349040,S3-193931294,S3-54790034		S2-497349040,S3-193931294,S3-54790034
S1-613045981	India	Dabas Tops Private Limited	Maharashtra, Mumbai, Sha7, Plot 10, Rdp 2, A Wing, Ganesh Nagar, Kandivali Mitnayan Chsl, Kandivlai West	S2-561728971,S2-68019584,S3-265151346,S3-928583665		S2-561728971,S2-68019584,S3-265151346,S3-928583665
S1-613234740	US	Jenilee Watkins Supply LLC	511 Church Street, Ripley, WV	S2-59314104,S3-490119139,S3-770731869,S3-93783461	S3-93783461	S2-59314104,S3-490119139,S3-770731869
S1-613450689	US	Rici Hulbert Starling Clinic	36 Mckinley Avenue, Bend, OR	S2-156301749,S3-846493618,S3-874863680	S3-874863680	S2-156301749,S3-846493618
S1-615591589	India	Bnc Polytechnic	C/O Santi Singh, Vir Kumar Singh Col, Hazipur, Vaishali, Bihar	S2-33953983,S3-437481443		S2-33953983,S3-437481443
S1-615681708	India	Matru Jewels	S -18 38A-F-1/2, Nadesar, Mint House, Varanasi, Uttar Pradesh	S3-180441384		S3-180441384
S1-615896715	US	Housing League LLC	68 Briarwood Lane, Morrilton, AR	S2-266349096,S2-330038724,S2-878302701,S3-847368995,S3-857036698	S2-266349096,S2-557162319,S3-857036698	S2-330038724,S2-878302701,S3-847368995
S1-616065037	US	Advanced Integrated Gold Inc	AZ, Fl 1, Scottsdale, 8434 Montebello Avenue	S2-691826434,S2-943956091,S2-981279732,S3-252157288	S2-943956091	S2-691826434,S2-981279732,S3-252157288
S1-616610197	US	Twisted Bike Shop	506 Curtis Drive, Midwest City, OK	S2-464801218,S2-854319444,S2-887207925,S3-188224793,S3-647042237,S3-688558777	S2-573471964,S2-584679736,S2-887207925,S3-544278325,S3-668432955	S2-464801218,S2-854319444,S3-188224793,S3-647042237,S3-688558777
S1-616741055	US	Total Analytics Labs	29208 Baker Island Road, Lewes, DE	S2-215261312,S2-666528316,S3-65057600	S3-65057600	S2-215261312,S2-666528316
S1-616794513	US	Mahoney, Hanlon and Buchanan	3737 28th Avenue W, Tulsa, OK	S2-37434485,S2-485202434,S2-637463562,S3-366037931,S3-577053210,S3-779932460,S3-805135132	S2-637463562,S3-366037931,S3-577053210,S3-779932460,S3-805135132	S2-37434485,S2-485202434
S1-618646979	India	Devpriya Services Private Limited	C/O Laxman S/O Neniya Ningwal Gram - Khandlai, Tehsil - Gandhwani, Dhar, Madhya Pradesh	S2-42521222,S3-600929965	S2-42521222	S3-600929965
S1-619156620	India	Dwarka Foods Private Limited	Yc Co-Working Space 3Rd Floor, Plot No. 94 Dwarka Sec.13, Opp Metro Station Near Ra, Disson Blu, Dwarka, South West Delhi, Delhi	S2-287196712,S2-4163184,S2-734724742,S3-331082619,S3-710887505		S2-287196712,S2-4163184,S2-734724742,S3-331082619,S3-710887505
S1-619276511	US	Integrated Realty Studios Inc	15 Texas Station Court, Cockeysville, MD	S2-440116460,S3-828140812	S3-828140812	S2-440116460
S1-619426458	India	Delhi Cement Private Limited	Delhi, North West, C-57 Sector B2 Dda Flats Narela, Delhi	S2-847337916,S3-285691897,S3-537730624,S3-777643193,S3-86803578		S2-847337916,S3-285691897,S3-537730624,S3-777643193,S3-86803578
S1-619913032	US	Adrianne Leyva Prairie Rain Inc	346 Sawyer Street, Unit 1N, New Bedford, MA	S2-527737632,S2-591207294,S3-251988106		S2-527737632,S2-591207294,S3-251988106
S1-621078197	India	Taniya Traders Pvt. Ltd.	Plot No. 1037/1056 Baishnabamunda, Mali Sahi, Angul, Orissa	S2-171636393,S2-696910816,S3-179086202		S2-171636393,S2-696910816,S3-179086202
S1-622195749	US	Little Book Store	64273 Ferrin Drive, Kenai Peninsula Borough, AK	S2-211695566,S2-421714043,S2-7618786,S3-619400240,S3-960641498		S2-211695566,S2-421714043,S2-7618786,S3-619400240,S3-960641498
S1-622772512	India	Sky Foods Private Limited	Gala & Sons, 273/77, Anant Deepchambers, Narsi Natha Street, Mumbai, Maharashtra	S2-343701681,S3-507346356,S3-639897419		S2-343701681,S3-507346356,S3-639897419
S1-624129459	US	Conrad's Keystone Networks	107 Saint Louis Avenue, Chicago, IL	S2-193499273,S2-296944283,S2-875767727,S3-505342973	S2-875767727,S3-505342973	S2-296944283
S1-625423421	India	Tribhuwan Software Private Limited	C/O Bhermal Ram Vishnoi, Ambedhker Colony Barmer, Barmer, Rajasthan	S2-683163768,S3-175616672,S3-378171160,S3-751384544,S3-858133969,S3-865062812		S2-683163768,S3-175616672,S3-378171160,S3-751384544,S3-858133969,S3-865062812
S1-625478959	US	Nikaniki Geter Trusted Esports Inc	69 Plaza Drive, Lakeside, MT	S2-456777609,S2-553531433,S3-145271828		S2-456777609,S2-553531433,S3-145271828
S1-625732324	India	Gokul Advisors Pvt Ltd	Plot No. 1 & 2, Gut No. 142/4, Kothada, Opp. Kolde Station, Navapur, Nandurbar, Maharashtra	S2-683500555,S3-890907206		S2-683500555,S3-890907206
S1-626203732	US	Smith Heartland Vendome, Inc	1807 Muny Vista Court, Alton, IL	S2-510371010,S2-514578647,S3-402525157	S2-510371010	S2-514578647,S3-402525157
S1-626205708	US	Macneill Holdings Group	719 Belmont Drive, High Point, NC	S2-934750729,S3-302020769,S3-865452310,S3-977097819	S3-302020769,S3-865452310	S2-934750729,S3-977097819
S1-626333146	US	Strategic Wireless Innovations Inc	724 Windsor Street, Royalton, VT	S2-985590173,S3-124745679,S3-3178395	S3-124745679	S2-985590173,S3-3178395
S1-626821284	US	West Academy P.C.	1145 Henry Thomas Drive, Atlanta, GA	S2-658893805,S2-671871745,S3-453446360,S3-485460352,S3-549410059,S3-724272525	S2-671871745	S2-658893805,S3-453446360,S3-549410059,S3-724272525
S1-627352853	India	Siris (India) Traders Private Limited	34/139 Laxmi Indl.Estatenew Link Road Andheri West, Mumbai, Maharashtra	S2-103969126,S3-368410026		S2-103969126,S3-368410026
S1-62760697	US	Womens Health Associates Center	488 Francktown Road, Richlands, NC	S2-318270066,S2-680863793,S3-58492108,S3-617440500,S3-85196548	S2-680863793,S3-617440500	S2-318270066,S3-58492108,S3-85196548
S1-627689648	US	Pacific Medical Center Inc	332 Juniper Drive, Arlington, TX	S2-561432015,S2-810090029,S2-86484657,S3-129333140,S3-46090531,S3-615894725,S3-858823125	S2-11687408,S2-561432015,S2-810090029,S3-615894725	S2-86484657,S3-129333140,S3-46090531,S3-858823125
S1-62824490	US	Gibbs Academy	270 Riverside Drive, Unit Apartment 101, Johnson City, NY	S2-572620119,S2-981778021,S3-857012835,S3-896225591		S2-981778021,S3-857012835,S3-896225591
S1-628826938	US	Orthopedic Great Physicians LLC	521 Cherryfield Stretch, Cherryfield, ME	S2-151913276,S2-81046298,S3-200413369		S2-151913276,S2-81046298,S3-200413369
S1-629035338	US	Human Rights Institute	2104 Road 23, Longton, KS	S2-378819288,S2-486527747,S2-837977907,S3-507540619	S2-378819288,S2-486527747,S2-837977907	S3-507540619
S1-62945945	India	BEK (india) Private Limited	Ahmedabad, Kalindi Flats, Near Samarpan Flat, Gulbai Tekra, Ellisbridge, A-2, Ahmedabad, Gujarat	S2-339912209,S2-58918084,S3-268130015,S3-288761111,S3-873831198,S3-97031236,S3-989267582	S2-339912209	S2-58918084,S3-268130015,S3-97031236,S3-989267582
S1-6297854	US	Birch	1821 Huntington Turnpike, Trumbull, CT	S2-196628883,S2-456299485,S2-584817484,S2-765207336,S3-348867987,S3-386677439	S2-765207336,S3-348867987,S3-386677439	S2-196628883,S2-456299485,S2-584817484
S1-629954020	US	Luman Dpc LLC	593 Colonial Drive, Roanoke Rapids, NC	S2-503217292,S2-909120259,S3-490774785	S2-503217292,S2-909120259	S3-490774785
S1-630814936	US	Maid Bike Shop	6720 Mexico Road, St Peters, MO	S2-410110885,S2-772525143,S3-479603012	S2-926974576	S2-410110885,S2-772525143,S3-479603012
S1-631645021	US	Chiropractic Health	1827 Hilliard Road, Henrico County, VA	S2-295698803,S2-465318206,S3-414172495	S2-297383975,S2-355728726,S2-453206013,S2-465318206,S2-694650196,S3-414172495,S3-422005291,S3-736131659,S3-760390142	S2-295698803
S1-632165521	US	American Smart Super LLC	8562 253rd Avenue, Buckeye, AZ	S2-116114553,S3-480718567		S3-480718567
S1-632406807	US	James, Drum and David Contracting PLLC	6436 41st Street, Stickney, IL	S2-77440901,S3-294108199		S2-77440901,S3-294108199
S1-63266158	India	Shambhavi Apparels Pvt Ltd	Unit No S F05/B Second Floor, Nie- Centre For Incubation & Startup Manandavadi Road, Mysore, Karnataka	S2-99993727,S3-861966591	S3-861966591	S2-99993727
S1-632800840	US	Northern Advanced Lincoln LLC	36 Main Street, Helper City, UT	S3-177919060,S3-187066962		S3-177919060,S3-187066962
S1-633129849	India	Innovative Producer Private Limited	Flat No- 9/1 Kalkaji Extension, New Delhi, South Delhi, Delhi	S2-359256296,S3-245878499,S3-468278738,S3-657809486		S2-359256296,S3-245878499,S3-468278738,S3-657809486
S1-634842371	India	Dream Food Private Limited	Baramarshi Nagar, Ward No-7, Bibiganj, Muzaffarpur, Bihar	S2-193975197,S2-30043019,S2-582172023,S2-899445539,S3-195775352,S3-284813294,S3-778916793,S3-966459984	S2-899445539,S3-966459984	S2-193975197,S2-30043019,S2-582172023,S3-195775352,S3-284813294,S3-778916793
S1-635349429	US	Orion LLC	5653 Olcott Avenue, Chicago, IL	S2-225890543,S2-665061783,S2-67459073,S2-838231372,S3-998928526	S2-582328037,S2-67459073,S2-838231372,S3-998928526	S2-225890543,S2-665061783
S1-635533125	US	Prime Dpc	9573 Glen Oaks Lane, Columbia, MD	S2-381713012,S2-452082018,S2-943435216,S3-344295872,S3-42273303	S2-381713012,S3-344295872,S3-42273303	S2-452082018,S2-943435216
S1-635717630	US	Allied Vii Inc	1440 147, Beauregard, AL	S2-878082465,S3-891311519,S3-969346380	S2-878082465	S3-891311519,S3-969346380
S1-635945504	India	Marina Luxuries Private Limited	Gujarat, Zanda Chowk, Gandhidham, Shop No. C-100	S2-814847070,S3-263664309,S3-424865769,S3-805652791,S3-973433112		S2-814847070,S3-263664309,S3-424865769,S3-805652791,S3-973433112
S1-637143663	India	Ram Global Private Limited	Flat A-403 4Th/F, Plot 19-B Veg Sanchar Vihar Ltd. Sec 6 Dwarka, Delhi, South West Delhi, Delhi	S2-521070666,S2-64002550,S3-460128245		S2-521070666,S2-64002550,S3-460128245
S1-63768724	India	Pasha Global Private Limited	28/167 D, D1 & D2 G 89, Plot No. 88, Panampilly Nagar, Cochin, Ernakulam, Kerala	S2-316927630,S3-159319181		S2-316927630,S3-159319181
S1-639897722	US	Foot & Ankle Medicine Inc.	10404 26, Denmark, NY	S2-45760421,S2-488832098,S2-750569786,S3-26783353,S3-552184786,S3-857323682		S2-45760421,S2-488832098,S2-750569786,S3-26783353,S3-552184786,S3-857323682
S1-640452625	US	Kelley Automotive of Schererville	22 Serenity Lane, Schererville, IN	S2-522254186,S2-890976333,S3-381479845,S3-593121589,S3-650696312	S2-522254186,S2-890976333	S3-381479845,S3-593121589,S3-650696312
S1-642316623	US	Ace Investment Digital	Victorville, 12954 Georgetown Lane, CA	S2-278899853,S2-68799903,S3-658204076,S3-87564917		S2-278899853,S2-68799903,S3-658204076,S3-87564917
S1-642328839	US	PP Anchor Pony	1313 Wayne Street, Fort Wayne, IN	S2-226049703,S3-514219304	S3-514219304	S2-226049703
S1-643242525	US	Dixon & Delahanty LLC	1327 Caroline Street, Port Angeles, WA	S2-129306202,S2-702191084,S3-204312238,S3-418178197	S3-418178197	S2-129306202,S2-702191084,S3-204312238
S1-643861512	India	Life Power Pvt Ltd	An-113, Nayapura Rajharsh Colony, Kolar Road Bhopal Huzur Kolar Road, Bhopal, Madhya Pradesh	S2-165007442,S2-420308391,S2-574099558,S2-938342438,S3-159894103,S3-637945414	S2-420308391,S3-159894103	S2-165007442,S2-574099558,S2-938342438,S3-637945414
S1-644387816	US	Brown & Olivares	15142 Chipman Lane, Houston, TX	S2-169827022		S2-169827022
S1-644424170	US	Compass Sierra Inc	931 Kingsbury Drive, Clarksville, TN	S3-571196208,S3-923391074		S3-923391074
S1-644512293	India	Gl Charitable Trust	319/26/A, Jessore Road, Kolkata, Kolkata, Howrah, West Bengal	S2-722787914,S2-821950894,S3-13731722		S2-722787914,S2-821950894,S3-13731722
S1-644772155	US	Historical Express Foundation	45 A Salem Street, MA, Wakefield	S2-288188710,S2-342115446,S2-753909079,S3-693298953,S3-719853434,S3-971612351	S2-342115446	S2-288188710,S2-753909079,S3-693298953,S3-719853434,S3-971612351
S1-644978611	US	Clean Logistics Corporation	1643 Calle De Roja Drive, Rio Rancho, NM	S2-465648792,S3-19355721,S3-604356901,S3-938664414	S3-938664414	S2-465648792,S3-19355721,S3-604356901
S1-645017970	US	GA Offshore LLC	Unit 306, 7650 Pangea Lane, NC, Raleigh	S2-821124670,S3-19511692,S3-431824019,S3-601255248	S3-19511692	S2-821124670,S3-431824019,S3-601255248
S1-645284346	India	Meenin Partners Shivajinagar	Shivajinagar, F-9, Maharashtra, Pune, Poonam Arcade, 1170/11 Revenue Colony	S2-244639783,S2-423454315,S2-866758567,S3-450773387,S3-605576752		S2-244639783,S2-423454315,S2-866758567,S3-450773387,S3-605576752
S1-645315084	US	Emmaline Holloway, M.D., PC	4859 Cristy Avenue, San Bernardino, CA	S2-147282813,S2-5992805,S2-946217358,S3-359344652,S3-467534361,S3-878622912	S2-5992805,S2-946217358	S2-147282813,S3-359344652,S3-467534361,S3-878622912
S1-645500564	India	Akshit Forging Pvt. Ltd.	10Th Floor Dhanrajni Complex Dr. Yagnik Road, Rajkot, Gujarat	S2-755327327,S2-936156286,S3-647235516,S3-946516050	S2-755327327	S2-936156286,S3-647235516,S3-946516050
S1-645511669	US	Grier's Fresh Communications Inc.	4985 Tram Road, Nakina, NC	S2-213152535,S2-290607686,S2-926206779,S3-175267967,S3-177672402,S3-23996359,S3-266985285	S3-23996359	S2-213152535,S2-290607686,S2-926206779,S3-175267967,S3-266985285
S1-646284949	India	Hyderabad Energy	1-3-183/40/22/7, Hyderabad, Pammy'S Plaza P And T Colony, Gandhinagar, Telangana, Hyderabad	S2-54300020,S3-737761864,S3-827201910,S3-982151779	S3-737761864,S3-827201910,S3-982151779	S2-54300020
S1-646555216	US	Holy Cathedral Inc.	730 Okfuski Trail, Pike Road, AL	S2-110203482,S2-906456324,S3-656123913	S2-906456324	S2-110203482,S3-656123913
S1-646855478	US	Stevens Logistics LLP	3230 Livingston Road, Cleveland, OH	S2-806597201,S2-939559666,S3-394904705,S3-615045949	S3-615045949	S2-806597201,S2-939559666,S3-394904705
S1-646902375	India	Paithan Automotive Limited	Aurangabad, Paithan, Maharashtra, Mudhalwadi, 345 Mudhalwadi Paithan Aurangabad	S2-573484074,S3-908206266		S2-573484074,S3-908206266
S1-647535380	US	Brittaney Keck, DMD	1200 A-3 Burns Drive, Sanford, NC	S2-541178124		S2-541178124
S1-647669660	US	Sibley Baez Coastal Ubs LLC	3517 Annadale Drive, Jonesboro, AR	S2-541834208,S3-129807686,S3-578533643	S2-541834208,S3-578533643	S3-129807686
S1-647680570	India	Stb Auto Private Limited	Mukund Kumar Vill Phulhara Po Kalyanpur, Samastipur, Bihar	S2-788398443,S2-871440481,S3-163826744	S2-788398443,S2-871440481	S3-163826744
S1-647883340	US	@ Fit 3 It	6874 Rosetree Place, Mason, OH	S3-158278204,S3-621999882,S3-729254217	S3-621999882	S3-158278204,S3-729254217
S1-647954457	India	Smiling Clinic Pvt Ltd	Hyderabad, 6-3-347-22/2, Flat No.10, 4Th Floor, Ishwarya Nilayam, Dwarakapuri Colony, Punjagutta, Telangana	S2-308021929,S2-473668190,S2-496017091,S3-435568232,S3-588294653	S2-473668190	S2-308021929,S2-496017091,S3-588294653
S1-648469629	US	Lenna Brothers, O.D., DDS PC	416 A 6th Street, Carrollton, KY	S2-242249304,S2-779725667,S3-448529313		S2-242249304,S2-779725667,S3-448529313
S1-648942913	India	Galaxy Ram Producer	1766-A-6, Ground Floor Govindpuri Extension, New Delhi, South Delhi, Delhi	S2-28671956,S2-319187408,S2-858114985	S2-28671956	S2-319187408,S2-858114985
S1-649027462	India	Sports & Associates	Flat No 25, Janta Flat, Block-A, Pkt-1 Sector-17, Near Garg Centre, Rohini, Delhi, New Delhi, Delhi	S2-504273899,S2-814387449,S3-486816721,S3-528271896		S2-504273899,S2-814387449,S3-486816721,S3-528271896
S1-649383077	US	Arts Network	VA, 875 Millers Cottage Lane, Albemarle County	S2-36431696,S2-584945016,S2-617788722,S3-300481657,S3-468483960	S2-617788722,S3-300481657,S3-468483960	S2-36431696,S2-584945016
S1-649566845	India	Sudershan Learning Ltd	No 120 Langford Road, Bangalore, Karnataka	S2-138842319,S2-479635141,S3-537246452,S3-670340935		S2-138842319,S2-479635141,S3-537246452,S3-670340935
S1-649659639	US	Steelworkers Local 500 LLC	6124 M, AL, Birmingham	S2-482147812,S2-91288159,S3-463875128	S2-91288159	S2-482147812,S3-463875128
S1-651862388	US	Mariel Romero Reliable Spring, L.L.C.	9902 G Clark Road, Houston, TX	S2-24923802,S2-998209592,S3-114869558,S3-937073890		S2-24923802,S2-998209592,S3-114869558,S3-937073890
S1-651893698	India	Caring Pharmaceuticals Private Limited	Ff-02, (Firstfloor), Eurekahouse, A-30/2Westjyotinagar, Shahdara, Delhi, North East, Delhi	S2-381571460,S3-130200170,S3-21290685		S2-381571460,S3-130200170,S3-21290685
S1-651935671	US	Mountain Staked	6956 Swan Lane, Schererville, IN	S2-374747510,S2-707497159,S3-243097137,S3-762888056	S2-374747510,S3-243097137	S2-707497159,S3-762888056
S1-65216269	US	Leify Continental Commodities Inc.	804 Amber Road, Middleborough, MA	S2-324211199,S3-62565482,S3-686272975		S2-324211199,S3-62565482,S3-686272975
S1-652254316	India	Spectrum Agritech Pvt. Ltd.	Chennai, Tamil Nadu, 3Rd Street, Iit Colony Narayanapuram, Pallikaranai, 35 C	S2-72120958,S3-523202767		S2-72120958,S3-523202767
S1-652795132	US	Signature Better Offshore L.L.C.	860 Mellanie Court, Celina, TX	S3-167092582,S3-171805970,S3-808702720		S3-167092582,S3-171805970,S3-808702720
S1-65301108	US	SH Unified Fargo	Chesterfield County, VA, 6705 Mason Run Drive	S2-740622139,S3-700964850		S2-740622139,S3-700964850
S1-654210085	US	D 3 X Winvest LLC	1836 Stapley Drive, Unit 115, Mesa, AZ	S2-279404734,S3-201309391,S3-28806687,S3-345650534		S2-279404734,S3-201309391,S3-28806687,S3-345650534
S1-654463210	US	Platinum Medical Ventures	69 Austin Avenue, Greenville, RI	S2-131678669,S2-844547868,S3-833452894	S2-131678669	S2-844547868,S3-833452894
S1-654736755	US	9-Corners	825 Cameron Court, Vacaville, CA	S2-932214313,S2-948041964,S3-378772443	S2-948041964	S2-932214313,S3-378772443
S1-654760748	India	Tirupati Seva Samiti	1522-1523, 15Th Floor, Sector-83, Svh Metro Street, Narsinghpur, Gurgaon, Haryana	S2-287310013,S2-344281994,S2-782421053,S3-165457416		S2-287310013,S2-344281994,S2-782421053,S3-165457416
S1-654791066	US	Anabel's Highland Medical	254 Torino Drive, Cary, IL	S2-188988763,S2-201184351,S2-393298850,S3-539020847	S2-201184351	S2-188988763,S2-393298850,S3-539020847
S1-655038552	US	A Signature Pembina LLC	1954 Artesia Drive, St George City, UT	S2-615568202,S2-746502445,S2-820345883,S2-948196535,S3-719164669	S2-615568202,S3-719164669	S2-746502445,S2-820345883,S2-948196535
S1-655054117	US	George Health Center	834 New Kent Place, Cary, NC	S2-709995888,S3-157798781	S2-709995888	S3-157798781
S1-655517918	US	Nydia Odom, D.C., P.C.	710 Odessa Court, Houston, TX	S2-112410834,S2-372518071,S2-493789258,S2-965348460,S3-147318979,S3-35369390,S3-989195072	S2-493789258,S2-848405389,S2-965348460,S3-869573918	S2-112410834,S3-147318979,S3-35369390,S3-989195072
S1-655576600	US	Harrison & Morison	10 H Hidden Way, Bourne, MA	S3-314563644		S3-314563644
S1-656561258	US	Martin Summit of Gilbert LLC	4101 Baseline Road, Unit 523, Gilbert, AZ	S2-170262672,S2-312404939,S3-139800800,S3-200077337		S2-170262672,S2-312404939,S3-139800800,S3-200077337
S1-656845269	US	Wilie Rios Energy LLC	Romeoville, IL, 2047 Sutcliffe Drive	S3-294154852,S3-299719026,S3-348971665,S3-526643580	S3-294154852	S3-299719026,S3-348971665,S3-526643580
S1-656984722	US	Monteon Spade, Inc.	2009 Carrollton Avenue, Indianapolis, IN	S2-801819255,S2-929972030,S3-740349363,S3-939898591	S2-801819255,S3-740349363	S2-929972030,S3-939898591
S1-657566379	India	JLS Pharmaceuticals Private Limited	Apt No. 565-1A Munnar Block, Nizampeth Village Road, Qutubullapur, K.V.Rangareddy, Telangana	S2-222749321,S2-473444214,S3-439087758	S3-439087758	S2-222749321,S2-473444214
S1-657566381	India	Technology Blue Agro Partners	Meera Apartments, Bhusari Colony Kothrud, Pune, Flat No. 1, Maharashtra, Pune	S2-268279256,S2-441538637,S3-458160968,S3-47026821		S2-268279256,S2-441538637,S3-458160968,S3-47026821
S1-65764789	India	Jaya Coast Private Limited	31/A, 4Th Street, Balagurugarden, Coimbatore South, Coimbatore, Tamil Nadu	S2-123469014,S2-178281923,S2-768242538,S3-404390836,S3-990370289	S2-123469014,S3-404390836	S2-178281923,S2-768242538,S3-990370289
S1-658157706	US	Pantoja Smart Andretti	6301 115, Brownwood, TX	S2-630798487,S2-695331366,S2-969287651,S3-590142176		S2-630798487,S2-695331366,S2-969287651,S3-590142176
S1-658569060	US	Physical Therapy Pioneer Care Inc	117 Broad Street, MT, Butte-silver Bow	S2-300585674,S3-339231065		S2-300585674,S3-339231065
S1-659301889	US	Freda's Metropolitan Chemical	1689 Main Street, Unit 19, Mount Pleasant, TN	S2-142845902,S2-211853509,S3-530359792,S3-600409802,S3-899457585	S2-142845902,S2-25586682	S2-211853509,S3-530359792,S3-600409802,S3-899457585
S1-659413405	US	Gillian Monroy Arts, Inc	Quincy, IL, 3526 Colonial Court, Unit 1	S2-557283049,S2-90211767,S3-303986132,S3-490340320,S3-75912957	S2-557283049	S2-90211767,S3-303986132,S3-490340320,S3-75912957
S1-659439779	India	Ras India (India) Private Limited	F-288/B, Fifth Floor, Left Side, Abul Fazal Enclave Part-2 Shaheen Bagh, New Delhi, South Delhi, Delhi	S2-801106998,S3-218025414,S3-733709069	S2-801106998	S3-218025414,S3-733709069
S1-659509457	India	Silver Power Private Limited	3/12 Podar Building No 2Dr Maisuri Road Samdalar Street Road, Mumbai, Mumbai City, Maharashtra	S2-223943562,S2-260448696,S2-449667996,S3-156337433,S3-782144263		S2-223943562,S2-260448696,S2-449667996,S3-156337433,S3-782144263
S1-660083853	India	Scon Softwares Pvt. Ltd.	G-52/51-B, Laxmi Nagar, East Delhi, Delhi	S2-400930560,S2-477197437,S3-367931505,S3-969950167	S2-400930560,S2-477197437	S3-367931505,S3-969950167
S1-660112914	US	Balova All Arrived Inc	201 Burton Drive, Unit 37, Cadiz, OH	S2-392706056,S2-402010719,S2-491285946,S3-42290517,S3-658264575,S3-838395411	S2-392706056	S2-402010719,S2-491285946,S3-42290517,S3-658264575,S3-838395411
S1-660146106	US	Jennica's Integrated Fitness	424 Collins Avenue, Bldg 2645, Marysville, OH	S2-406636012,S2-960995697,S3-105295319,S3-213664417,S3-586303855,S3-784230762	S2-406636012	S2-960995697,S3-105295319,S3-213664417,S3-586303855,S3-784230762
S1-66018951	India	Kalpana Housing Limited	New Patel Nagar, Distt. Kapurthala, Phagwara, Kapurthala, Punjab	S2-604641661,S3-648325757		S2-604641661,S3-648325757
S1-660287963	India	Phillips Venture Associates	701, 7Th Flr, Metro Towers, Nr.Kinnary Cinema, Ring Rd, Surat City, Surat, Gujarat	S2-13138860,S2-144507410,S3-873439834		S2-13138860,S2-144507410,S3-873439834
S1-660338966	US	Elissa Mirra American Abacus-Chicago	2468 Estes Avenue, Chicago, IL	S2-787702850		S2-787702850
S1-660527982	US	Integrated Payment Enterprises PC	10322 Elk Run Road, Fauquier County, VA	S2-239537703,S3-36403639	S2-239537703	S3-36403639
S1-660814730	India	Gujarat Consultants Private Limited	J-12/76 Rajouri Garden, New Delhi, West Delhi, Delhi		S3-18643007	
S1-661380658	India	Flow Infra (India) Private Limited	H.No. 10-3-909, B-39, F-5 Vijay Nagar Colony, Hyderabad, Telangana	S2-752299869,S2-90238901		S2-752299869,S2-90238901
S1-662228352	US	Mount Catholic Church	6845 Broadway, Edmond, OK	S2-121616275,S2-401424867,S3-322419362	S2-121616275,S2-401424867	S3-322419362
S1-662416883	US	Womens Health Physicians Inc	49202 24th Avenue, New River, AZ	S2-308899580	S2-89444393,S3-9321331	S2-308899580
S1-663084480	US	Womens Health Clear Specialists Inc	1254 Green Creek Road, Bakersville, NC	S2-223554135,S2-739447143,S3-578711765,S3-602083435		S2-223554135,S2-739447143,S3-578711765,S3-602083435
S1-663424020	US	Orthopedic Clinic	7066 Kennebec Road, Willow Spring, NC	S2-205254349,S3-705582291,S3-978585812	S2-666082738	S2-205254349,S3-705582291,S3-978585812
S1-663588938	US	Buum LLC	310 Nottingham Drive, Poteet, TX	S2-443208568,S2-985823987	S2-443208568	S2-985823987
S1-664866665	US	663-664 North Owners Corp	13523 111th Avenue Court, Puyallup, WA	S2-59018215,S3-228795325,S3-404560978,S3-576975057		S2-59018215,S3-228795325,S3-404560978,S3-576975057
S1-665676891	India	Smart Great Consultants Private Limited	Ranganatha Complex, 1St Main, Vinayakanagar, Tumkur, Karnataka	S2-101431494,S3-284235212,S3-724555222		S3-284235212
S1-665750588	US	Kim International	Texarkana, 4115 Spring Lake Park Road, TX	S2-326436764,S2-34285560,S3-501382126,S3-838080323	S2-34285560,S3-838080323	S2-326436764,S3-501382126
S1-665974189	US	Cardiology Piedmont Physicians LLC	106 Forest Ridge Drive, Elgin, TX	S3-795633472		S3-795633472
S1-666410095	US	Veque Partners	1700 Longview Street, Kingsport, TN	S3-569696451,S3-731036629	S3-444540469,S3-731036629	S3-569696451
S1-666434323	US	Corner Seafood! PLLC	9606 Loblolly Lane, Charlotte, NC	S2-513321794,S3-847221968		S2-513321794,S3-847221968
S1-666605048	US	Custom Systems	1299 County Road 33010, Brookston, TX	S2-933515246,S3-246372880,S3-553652530,S3-644627593,S3-658560564,S3-915483523		S2-933515246,S3-246372880,S3-553652530,S3-644627593,S3-658560564,S3-915483523
S1-666631056	India	Bombay Power Private Limited	C/O Shri Jang Br. Mishra, Khemi Ka Purwakatsari, Kadipur, Sultanpur, Uttar Pradesh	S2-554702139,S3-377796205,S3-869316720	S3-869316720	S2-554702139,S3-377796205
S1-666746583	US	Woodward Gesher Inc.	2328 Nightjar Song Drive, Leander, TX	S2-65122497,S2-823401463,S3-168799844,S3-443463931		S2-65122497,S3-168799844,S3-443463931
S1-667251598	US	Historical Guild	1801 Beechwood Avenue, New Albany, IN	S2-880847036,S3-466603015,S3-783597313	S2-880847036	S3-466603015,S3-783597313
S1-667634331	India	JGL Fibres Private Limited	H. No. 2189, Sector-55, Faridabad, Haryana	S2-489273555,S2-684783219,S3-217031006,S3-663955318,S3-910743065	S3-910743065	S2-489273555,S2-684783219,S3-217031006,S3-663955318
S1-667889249	US	Vanguard House Corporation	421 College Street, Canonsburg Borough, PA	S2-682294953,S3-523103417,S3-570501226,S3-57585663,S3-790571224	S3-523103417,S3-57585663	S2-682294953,S3-570501226,S3-790571224
S1-668864363	US	Metropolitan Processing Inc	6448 Sugar Pine Trail, Marana, AZ	S2-283018429,S2-765166524,S3-133397423,S3-3570874	S2-283018429	S2-765166524,S3-133397423,S3-3570874
S1-669353898	US	LRV Direct Iron	33549 Sr 733, Pomeroy, OH	S2-803120239,S3-798268344		S2-803120239,S3-798268344
S1-66969626	US	Camarillo Prairie Electrical P.C.	1241 Marlboro Road, Ava, IL	S2-118076409,S2-496442997,S2-74384821,S3-407213175	S2-118076409	S2-496442997,S2-74384821,S3-407213175
S1-66979141	US	Franco, Yee & Durgin Deutsche Inc	1428 Gary Avenue, Tulsa, OK	S2-4951767,S2-756237400,S2-817173248		S2-4951767,S2-756237400,S2-817173248
S1-670152	US	Amalea Maya Webster	1317 2nd Street, Duluth, MN	S2-112262963,S2-587157131,S3-625756626	S2-112262963,S2-587157131,S3-802943314	S3-625756626
S1-670596861	US	Pediatric Empire Associates Inc	5734 89th Street, Lubbock, TX	S2-443488024,S2-595193806,S3-346857762,S3-631495881	S3-346857762	S2-443488024,S2-595193806,S3-631495881
S1-670760748	US	Anguiano Inflection LLC	502 London Square Drive, Clifton Park, NY	S2-465356447,S3-171440948,S3-392260025	S3-171440948	S3-392260025
S1-672381509	India	Zigma & Co	No.4 & 4A, 1St Floor, Katha No. 26, 2Nd Phase, Doddannekundi Industrial Area, Hoodi, Bangalore, Karnataka	S2-261819060,S2-355004490,S2-687466112,S2-82253184,S3-164601364,S3-530997293	S2-355004490,S2-82253184,S3-164601364	S2-261819060,S2-687466112,S3-530997293
S1-673273132	India	Prime East Tech Private Limited	D.No.32-8-3/11, Sf-301, 3Rd Floor, Sri Kamakshi Residency, H J Palem, Pendurthi, Visakhapatnam, Vishakhapatnam, Andhra Pradesh	S2-630682208,S2-695423409,S3-253186925,S3-670673498,S3-890709913	S2-630682208,S3-890709913	S2-695423409,S3-253186925,S3-670673498
S1-673464435	US	Quirk Holdings	2103 Main Street, Humboldt, TN	S2-503435797		S2-503435797
S1-673627043	US	Lott, Donald and Fajardo LLC	901 Virginia Avenue, East Gadsden, AL	S2-753748120,S3-324106898,S3-825574145	S2-753748120	S3-324106898,S3-825574145
S1-674296226	US	Prime Global Amplify LLC	143 Nicholas Way, Fl 0, Decatur, TX	S2-482422677,S3-131697097,S3-407106592,S3-889278565	S3-889278565	S2-482422677,S3-407106592
S1-675704359	India	Builders Silverlight Electronics LLP	28/6 & 7, Tollygunge Circular Road, Kolkata, Kolkata, Howrah, West Bengal	S2-317818188		S2-317818188
S1-676304984	India	Indrva Risk Private Limited	14/1B Ezra Street 9Th Floor, Kolkata, Calcutta, West Bengal	S2-122089085,S2-627306091,S2-909084208,S3-405686968,S3-662475734		S2-122089085,S2-627306091,S2-909084208,S3-405686968,S3-662475734
S1-676540218	US	Safe Amc LLC	4675 Dallas Place, Unit T1, Temple Hills, MD	S2-399517724,S2-607974817,S3-14515885,S3-457715101,S3-562007844,S3-770233904	S3-14515885	S2-399517724,S2-607974817,S3-562007844,S3-770233904
S1-676568001	US	Bright Pizza! Inc	6096 Nicholas Glen, Columbus, OH	S2-399910047,S2-757197695,S2-98171065,S3-501252398,S3-882132481	S2-98171065,S3-882132481	S2-399910047,S2-757197695,S3-501252398
S1-676693123	US	Eda's Seafood	5717 Fern Cove Terrace, Tyler, TX	S2-564676612,S2-681996988,S3-787132732		S2-564676612,S2-681996988,S3-787132732
S1-677220025	US	Interfaith Institute	65 Bombay Street, Staten Island, NY	S2-692145994,S3-51929912	S2-249401104,S2-462876824,S2-692145994,S2-976058555,S3-307379948	S3-51929912
S1-677250947	US	Peak Spac LLC	4601 Idlewilde Lane, Albuquerque, NM	S2-506279611,S2-715815054,S3-387745886,S3-44892474,S3-599962116,S3-611138144	S2-506279611,S2-715815054,S3-611138144	S3-387745886,S3-44892474,S3-599962116
S1-677668872	US	Cassell & Curran Care	65 Rose Hill Road, Branford, CT	S2-370833408,S2-578551154,S2-698547465,S3-156075115,S3-264785609	S2-578551154,S3-156075115	S2-370833408,S2-698547465,S3-264785609
S1-678409805	India	Eastern Estate Private Limited	Flat No F-2/212, Jumbo Darshan Chs Ltd, Koldongri, Nr Regency Hotel Andheri East, Mumbai, Mumbai City, Maharashtra	S2-591606042,S2-910168795,S3-16636211		S2-591606042,S3-16636211
S1-678813649	India	Devavi Constructions Private Limited	Haryana, 1460 A, Yamuna Nagar, Jagadhri, Mangatpura, Behind Balmiki Mandir	S2-975648991,S3-404140721,S3-565813422		S2-975648991,S3-404140721,S3-565813422
S1-680655090	US	Horizon Automation Associates LLC	3313 Claydor Drive, Beavercreek, OH	S2-808863973,S3-979792519	S2-808863973	S3-979792519
S1-680906441	US	Nascimento Clough	406 Evening Primrose Circle, Payson, AZ	S2-662405282,S3-761802634,S3-888846884	S3-761802634	S2-662405282
S1-681302889	India	Jai Infrastructure Private Limited	Krishna, Plot No.122, Vijayawada, Andhra Pradesh, Veterinary Colony, Road No.5, Vasundhara Enclave	S2-203763867,S2-331516412,S3-114987828,S3-439051772		S2-203763867,S2-331516412,S3-114987828,S3-439051772
S1-681451045	US	Jasper Corporation	5200 Sylvan Road, Richmond City, VA	S2-214436701,S2-873776770,S3-226269282	S2-214436701,S2-873776770	S3-226269282
S1-682462958	US	Premier Financial Global	OH, 4960 86th Street, Garfield Heights	S2-559954501,S2-597495585,S3-665750841,S3-742434480		S2-559954501,S2-597495585,S3-665750841,S3-742434480
S1-682469850	India	Kidwaipuri Developers Private Limited	29, First Floor, Kidwaipuri, Patna, Bihar	S3-791947721		S3-791947721
S1-682584746	India	Seven Developers Private Limited	Bangalore, Bull Temple Road Chamrajpet, Karnataka, 3/6, Hari Mansion, Opp.Umatalkies	S2-363171753,S2-456059490,S2-715049768,S2-95939146,S2-991545844	S2-991545844	S2-363171753,S2-456059490,S2-715049768,S2-95939146
S1-683299058	India	Ma Windfarm (India) Private Limited	Office No 1208 To1211, Ganesh Glory Nr. Bsnloffice, Jagatpur Ahmedabad, Ahmadabad City, Ahmedabad, Gujarat	S3-490173470		S3-490173470
S1-684278658	US	Blue Deli	2617 Sorbus Circle, Anchorage, AK	S2-318757507,S2-642807852,S3-152486586,S3-396535103	S2-318757507,S2-552618627,S3-396535103	S2-642807852,S3-152486586
S1-684843840	US	Clean Global Plus	435 Dundee Road, Glencoe, IL	S2-791740664,S3-409397723	S2-791740664	S3-409397723
S1-685527276	India	Patpar Ganj Village Lion Private Limited	Delhi, 102 Floor, Patpar Ganj Village	S2-27841302,S2-92119966,S3-167106694,S3-281200902	S2-27841302	S2-92119966,S3-167106694,S3-281200902
S1-686431387	India	Jm Services Private Limited	Kandivali East, Maharashtra, Mumbai, 603A5 Saraf Choudhari Nagar, Thakur Complex, Poisar	S2-50021818,S3-426079411,S3-943182914	S3-426079411	S2-50021818
S1-687003711	India	Nature Drilling Private Limited	1, S.P.F. Mill Estate, Guj. Botaling Road, Nr.Keval Kanta, Rakhilal, Ahmedabad, Gujarat	S2-11480650,S2-43312311,S2-673238225,S2-724587336,S3-145115528,S3-298507207	S2-11480650,S2-724587336	S2-43312311,S2-673238225
S1-687263015	US	Metropolitan Association PC	LA, 10212 Oliphant Road, St. George City	S2-147245575,S3-857654992		S2-147245575,S3-857654992
S1-687722802	US	Surgical Value Clinic Inc.	4920 Montrose Drive, Fort Worth, TX	S2-662760558,S3-256643396	S2-662760558	S3-256643396
S1-687800556	US	Painters Local Union 983	5145 Holly Hock Lane, Keller, TX	S2-212241214,S2-221687979,S2-375279095,S3-162502235,S3-562329062	S2-212241214	S2-221687979,S2-375279095,S3-162502235,S3-562329062
S1-68807091	US	Didyno Inc	5820 Chestnut Oak Drive, Morristown, TN	S2-525709175,S2-944105314,S3-109635743,S3-474377252,S3-778257773	S2-525709175,S2-944105314,S3-474377252	S3-109635743,S3-778257773
S1-688330767	India	Krishi Media Limited	Howrah, West Bengal, Kolkata, Poddar Point North Block, 5Th Floor, Room No.205, 113 Park Street	S2-928383994,S3-126233917,S3-199984018,S3-543953523		S2-928383994,S3-126233917,S3-199984018,S3-543953523
S1-689378254	India	Space Integrated Pvt. Ltd.	103 Sanjay Mittal Estate, Build No2 M V Rd Andheri, Mumbai, Maharashtra	S2-564485433,S3-192080104,S3-291651068,S3-986427167		S2-564485433,S3-192080104,S3-291651068,S3-986427167
S1-689485346	US	Givens West L.L.C.	108 Hill Court, Lavergne, TN	S2-40393633,S3-781524963	S3-781524963	S2-40393633
S1-690257159	US	Golden Bistro PC	1861 175th Lane, Ham Lake, MN	S2-17681078,S3-949585615		S2-17681078,S3-949585615
S1-691746307	US	Rocky Institute	Fl 1, Scottsdale, AZ, 3019 Hayden Road	S2-697698283,S2-875753902,S3-449085857,S3-582843175	S2-875753902	S2-697698283,S3-449085857,S3-582843175
S1-692700095	India	Sector E Sanwer Road Centre Private Limited	Sector E Sanwer Road, Indore, Madhya Pradesh, A-4/B	S3-100900329,S3-337039266	S3-100900329	S3-337039266
S1-693658125	US	Moina Norris Atlantic Entertainment P.C.	3240 Pilgrim Lane, Plymouth, MN	S2-185499670,S2-475189529,S2-609841831,S3-688103291,S3-732955955,S3-981878127	S3-981878127	S2-185499670,S2-475189529,S2-609841831,S3-688103291,S3-732955955
S1-693692987	US	Jones Safe Aspac LLC	3511 14th Avenue Drive, Long View, NC	S2-217488938,S2-538470639,S3-370812408	S2-217488938,S2-538470639	S3-370812408
S1-694411237	US	Foot & Ankle Total Care Associates Inc.	2615 Travis Road, Unit D, Columbus, OH	S2-254144407,S2-904465166,S3-109205279,S3-532328355,S3-645528061,S3-788012641	S3-109205279,S3-532328355,S3-645528061,S3-788012641	S2-254144407,S2-904465166
S1-695319622	US	Glynis Place Regional Saul	305 Apache Drive, Paint Lick, KY	S2-28971812,S2-494204977	S2-494204977	S2-28971812
S1-695651172	US	Bay Regional Microelectronics, Inc.	9978 Albury Road, Sandy City, UT	S2-206578875,S2-680017034,S3-154273357	S2-206578875,S3-154273357	S2-680017034
S1-69569667	India	Digital Marketing Pvt Ltd	A-1/288, F/F, Safdarjung Enclave, New Delhi, South West Delhi, Delhi	S2-752695147,S3-724478980,S3-948312738		S2-752695147,S3-724478980,S3-948312738
S1-695725196	US	Anchor Cloud Dynamics Inc	113 80th Avenue, Portland, OR	S2-163994819,S3-552870336	S3-552870336	S2-163994819
S1-697986632	India	Nagercoil Impex Pvt Ltd	Tamil Nadu, P.R.K. Square, Nagercoil, Kanyakumari, No: 19, 1St Floor Alexchandra Press Road	S2-632755062,S2-978407063,S3-187034566,S3-302920532		S2-632755062,S2-978407063,S3-187034566,S3-302920532
S1-698859027	US	Cozy Bakery	3000 Frederica Street, Unit 118, Owensboro, KY	S2-144184904,S2-658903131,S2-971577716,S3-87881314	S2-419631810,S2-658903131,S3-87881314	S2-144184904,S2-971577716
S1-699591002	US	UO Fund Inc.	661 Grandview Road, Daniels, WV	S2-165073669,S3-545732877,S3-948780167	S2-165073669	S3-545732877,S3-948780167
S1-699893948	US	Interstate Interests LLC	2520 LOT 66 New Era Road, Carbondale, IL	S2-685045744,S3-212370795,S3-272863802		S2-685045744,S3-212370795,S3-272863802
S1-699947032	US	Ellensburg Petroleum	905 Dean Nicholson Boulevard, Unit A331, Ellensburg, WA	S2-732759810,S3-176159231,S3-300296943,S3-534323853,S3-770598024,S3-813783889,S3-870809607	S2-732759810,S3-300296943	S3-176159231,S3-534323853,S3-813783889,S3-870809607
S1-699947062	India	Life Infra Private Limited	Degaul Avenue, Bardhaman, Plot No - 21, Durgapur, West Bengal	S2-822129621,S3-14319288,S3-160818822,S3-665697726,S3-725496008,S3-801345550		S2-822129621,S3-14319288,S3-160818822,S3-665697726,S3-725496008,S3-801345550
S1-700600281	US	Smith and Martin LLC	4 Peter Scott Drive, Cornwall, NY	S2-256749526,S2-527617444,S2-830786345,S3-133938298,S3-562636082	S3-562636082	S2-256749526,S2-527617444,S2-830786345
S1-701366717	US	Manis, Love and Cordero LLC	394 Eastwood Avenue, Delaware, OH	S2-429721688,S2-712919278,S2-727631103,S3-304714096,S3-407183335,S3-737547857	S2-429721688,S2-712919278,S2-727631103	S3-304714096,S3-407183335,S3-737547857
S1-701755240	US	Bright Tavern!, LLC	767 Plum View Lane, Town Of Liberty Grove, WI	S2-964737237	S2-858353291	
S1-703143057	US	Heritage Program	100 Michigan Street, Plymouth, IN	S2-155757613,S2-42720228,S2-534907861,S2-788206860,S3-669432286	S2-411351844,S2-534907861,S2-784344359,S3-669432286,S3-848663829	S2-155757613,S2-42720228,S2-788206860
S1-703235335	US	Standard Textile Union	3803 Auburn Hills Drive, Greensboro, NC	S2-524376021,S3-204548929,S3-310303403,S3-800323384	S2-524376021,S3-800323384	S3-204548929,S3-310303403
S1-703710363	US	Schultz System LLC	1105 8th Street, Moorhead, MN	S2-984878102,S3-512652601		S2-984878102,S3-512652601
S1-705504200	US	Dental Ridge Care	10890 Main Street, Bloomfield, IN	S2-364387317,S3-591951404		S2-364387317,S3-591951404
S1-705775188	India	Shivam Finance Private Limited	No. 64/44, 53Rd Street, Chennai City Corporation, Chennai, Tamil Nadu	S2-190628528,S3-408862502		S2-190628528,S3-408862502
S1-70625073	US	Madison Inc	3639 Tegart Lane, Gresham, OR	S2-488528889,S2-921112743,S3-678572443	S2-488528889,S2-921112743	S3-678572443
S1-706623420	US	Bureau of Housing	4105 Randleman Road, NC, Greensboro	S2-130568982,S2-575243800,S2-695977790,S2-9081758,S3-207922977,S3-250320474	S3-250320474	S2-130568982,S2-575243800,S2-695977790,S2-9081758,S3-207922977
S1-707161963	US	Glyphara Mines LLC	7916 Cider Street, Whitestown, NY	S2-661011852,S3-785645977,S3-972647779	S2-661011852	S3-785645977,S3-972647779
S1-707593802	US	Clyola Horse Inc	731 Greenmeadows Drive, Knoxville, TN	S2-337396651,S3-547379486	S2-337396651	S3-547379486
S1-707759130	US	A Cure 6 You Partners	201 Queens Avenue, Oyster Bay, NY	S2-857229330,S2-965564229,S2-995281239,S3-948800788		S2-857229330,S2-965564229,S2-995281239
S1-708615406	US	Mayorga Partners	1600 Porter Road, Nashville, TN	S2-281307228,S2-500593892,S3-441288004,S3-864694681	S2-281307228,S2-500593892	S3-441288004,S3-864694681
S1-709302667	US	Better Avalanche LLC	Redmond, WA, 21412 60th Place	S2-177388786,S3-963750827		S2-177388786,S3-963750827
S1-709408567	US	Sapphire, Inc	509 Whitney Avenue, Unit 2B, Holyoke, MA	S2-63187664,S2-904781592,S3-678643207,S3-721200391	S3-417864021	S2-63187664,S2-904781592,S3-678643207,S3-721200391
S1-709442101	US	Garza Montessori School	Unit C, TX, Hsb Llano Co, 701 Hi Circle N	S3-324674545,S3-46276422,S3-596312374,S3-795647527		S3-324674545,S3-46276422,S3-596312374,S3-795647527
S1-71013525	India	Density (India) Financial Limited	2 Floor, Sadvichar Build., Upasna School, Gunjan, Pardi, Valsad, Gujarat	S2-349479833,S2-827548113,S3-150160545,S3-676371370		S2-349479833,S2-827548113,S3-150160545,S3-676371370
S1-71016201	US	The Dent Seafood	6618 Sheffield Lane, Willowbrook, IL	S2-245299896,S3-271122752	S3-271122752	S2-245299896
S1-710630606	US	Berry Vista	North Beach, MD, 9141 Atlantic Avenue	S2-355035853,S3-409306093,S3-685103015	S3-409306093	S2-355035853,S3-685103015
S1-71126075	India	Bangalore Development Private Limited	No. 11, Kh. No. 3932, Bohara Lyt, Gottigere, Bangalore, Karnataka		S2-181036684	
S1-711610741	US	Washington, Castro & Sheikh, LLC	MD, 7609 Meadow Way, Dundalk	S2-464178168,S2-711599038,S2-775165101,S2-777121978,S3-115734323	S2-464178168,S2-775165101	S2-711599038,S2-777121978,S3-115734323
S1-712160441	US	Z F & S Guaranty	2017 Waterbrook Lane, Columbus, OH	S2-429998469,S3-171656870,S3-251420738,S3-659274421,S3-67870812	S2-429998469,S3-251420738	S3-171656870,S3-659274421,S3-67870812
S1-712994607	India	Kerala Consultants Private Limited	Uttar Pradesh, Naini Allahabad Allahabad, Uttar Pradesh	S2-499950974,S3-46420279,S3-501041582,S3-771542569	S3-501041582	S2-499950974,S3-46420279,S3-771542569
S1-712995095	US	Keify Kochav Inc	13153 Old Hickory Boulevard, Unit 618, Nashville, TN	S2-936407429,S3-53143702		S2-936407429,S3-53143702
S1-71300369	US	1873 First Plaza Owners Corp	69 Columbus Avenue, Waterford, NY	S2-154580468,S2-498997942,S3-182936847,S3-223159702,S3-234906902,S3-398136742	S2-154580468,S2-498997942	S3-182936847,S3-223159702,S3-234906902,S3-398136742
S1-713195888	US	Health Association Inc.	CA, Unit UNIT 286, 1855 Riverside Drive, Ontario	S2-964048680,S2-966316031,S3-35569252		S2-964048680,S2-966316031,S3-35569252
S1-713906732	US	Bureau of Health	3001 32nd Street, Unit 210, Phoenix, AZ	S2-148545515,S3-912855815	S2-544743970,S3-713252349,S3-912855815	S2-148545515
S1-713916650	India	New Delhi India Limited	10 Southern Avenue First Floor, South Delhi, Delhi, New Delhi, Maharani Bagh	S2-632161218,S3-135997424,S3-977139719		S2-632161218,S3-135997424,S3-977139719
S1-713962784	US	Superior Prairie Corporate P.C.	OR, Beaverton, 16232 Bridle Hills Drive	S2-240622005,S2-474721364,S2-626405743,S3-828139187	S2-240622005	S2-474721364,S2-626405743,S3-828139187
S1-714137215	US	Allen, Snyder & Barnes LLC	2435 Ecole Avenue, Unit #57, Beaverton, OR	S3-364223348,S3-783010905		S3-364223348,S3-783010905
S1-715086812	India	Classic Infrastructure Private Limited	114, A.P.C. Road, Kolkata, Kolkata, Howrah, West Bengal	S2-314052580,S2-472796556,S3-418753022,S3-51636966,S3-741221374		S2-314052580,S2-472796556,S3-418753022,S3-51636966,S3-741221374
S1-715305342	US	Trinity Emanuel	El Dorado, 607 Bradley Avenue, AR	S2-104701264,S2-227112301,S3-111432913,S3-382723636		S2-227112301,S3-382723636
S1-717203791	India	Matchless Outsourcing Pvt Ltd	Delhi, Plot No 83 2Nd Floor Model Town Landmark, Delhi, North West	S2-460573399,S2-665240628,S3-832858085		S2-460573399,S2-665240628,S3-832858085
S1-717511993	US	Stoffel Pembina	516 Kerri Cove Way, Unit APT 304, Chesterfield County, VA	S2-142425666,S2-399875951,S3-14814446,S3-194215881	S3-194215881	S2-142425666
S1-718048432	US	Paxton College	736 Cinnamon Teal Court, Hobart, IN	S2-232736233,S2-891922417,S3-324032089,S3-447923792,S3-597262257,S3-863074155	S2-232736233,S3-863074155	S2-891922417,S3-324032089,S3-447923792,S3-597262257
S1-718371761	US	Hanna Smart Dome	3413 Walden Way, Phoenix, AZ	S2-248965253,S2-859120207,S2-931762827	S2-859120207,S2-931762827	S2-248965253
S1-71903391	US	Physical Therapy Certified Specialists of Falmouth Inc	587 Gifford Street, Unit 8C, Falmouth, MA	S2-466660035,S2-837756688,S3-229810382,S3-263208334,S3-336425123,S3-477780487		S2-466660035,S2-837756688,S3-229810382,S3-263208334,S3-336425123,S3-477780487
S1-719195132	US	Heart Trust	69317 Vine Maple Drive, Welches, OR	S2-706284808,S2-732499355,S3-416982063,S3-481749125	S2-419035888,S2-706284808,S2-732499355,S2-952117482,S3-416982063,S3-481749125	
S1-719342449	India	Saboo Vision Limited	Sathe Baug Behindpradhan Park M G Road, Nashik, Maharashtra	S2-912981069,S3-380750192		S2-912981069,S3-380750192
S1-719754850	US	Carothers Innovative Therapeutics Inc	366 Houston Street, Washington City, PA	S2-159069006,S2-453832706,S3-247568864,S3-376612902,S3-487652472,S3-571825329		S2-159069006,S2-453832706,S3-247568864,S3-376612902,S3-487652472,S3-571825329
S1-720134030	US	Manuel Bancshares Inc	7086 Crown Lake Drive, Unit 106, Columbus, OH	S2-320472594		S2-320472594
S1-722264516	US	Coulter Pacific Exchange LLC	6816 Ashfield Way, Fair Oaks, CA	S2-330037921,S2-577494462,S3-337013378,S3-614039471,S3-623669978	S2-330037921,S3-337013378	S2-577494462,S3-614039471,S3-623669978
S1-722352006	India	Super Infra LLP	Pratapgarh, Uttar Pradesh, Ajeet Nagar Paik Road, Near Kishori Sadan, Pratapgarh, 131	S2-67089845,S3-417784911,S3-882359629		S2-67089845,S3-417784911,S3-882359629
S1-722783518	US	Keston Spruce LLC	502 Constance Woods Drive, Suffolk City, VA	S2-241591282,S2-563046795,S3-133880724,S3-533933982,S3-947585159,S3-958994278,S3-967016348	S3-958994278,S3-967016348	S2-241591282,S2-563046795,S3-133880724,S3-947585159
S1-723003426	India	Rock Group	Shop No 98 2Nd Floor Cotton Exchange Bld Opp Cotton Green Rly, Cotton Green E, Mumbai, Mumbai City, Maharashtra	S2-257983968,S3-293103636,S3-709463139,S3-919235394		S2-257983968,S3-293103636,S3-709463139,S3-919235394
S1-723502421	India	Candid Housing Private Limited	137 Udyog Bhavan Cabin D, Sonawala Lane Goregaon E Near Goregaon Station, Goregaon East, Mumbai, Maharashtra	S2-117069966,S2-303138771,S3-366625469,S3-390030215,S3-963282836	S2-303138771	S2-117069966,S3-366625469,S3-390030215,S3-963282836
S1-723603814	US	Tranet Futurecrest LLC	1622 Bruner Street, Rockford, IL	S2-53654705,S2-953293239		S2-53654705,S2-953293239
S1-724188241	US	Jilli Burkey, Ph.D.	2331 Cathedral Avenue, Unit 503, Washington, DC	S2-142976609		S2-142976609
S1-724478639	US	Deirdre's Bakery	6025 Delta Landing Road, Unit 203, Charlotte, NC	S2-162344054,S2-769697119,S3-787409856	S2-769697119,S3-787409856	S2-162344054
S1-724875716	India	Shakti Properties Private Limited	30B W C Banerjee Street, Kolkata, Howrah, West Bengal	S2-729406,S3-107891033,S3-498880298	S2-836581934,S3-519745385	S2-729406,S3-107891033,S3-498880298
S1-725355639	US	Physical Therapy Great Medicine Care	705 Gardner Drive, Unit Unit GSE, Jacksonville, AL	S2-126602112,S2-547729335,S3-376749670,S3-396219399		S2-126602112,S2-547729335,S3-376749670
S1-726346777	India	Cosmos Sangh	Wing F, Kanakia Paris, F Block Opp. Ascend International School, Bkc, B, Andra (E), Mumbai, Maharashtra, F/1903, Mumbai City	S2-154066185,S2-313837123,S3-317316577,S3-612919663,S3-892247986,S3-972345249	S2-154066185	S3-317316577,S3-612919663,S3-892247986,S3-972345249
S1-726921430	US	H 2 U Xii Inc	442 Tennyson Road, IN, Boonville	S2-628986134,S2-674152030,S2-828702911,S3-228291519,S3-33785993,S3-3439285	S2-828702911,S3-3439285	S2-628986134,S2-674152030,S3-228291519,S3-33785993
S1-727220840	US	Quality Blue Alpex Inc	67 Seneca Manor Drive, Unit Unit D, Rochester, NY	S2-70150531,S2-840057416,S2-933318055,S3-33204462,S3-394615935	S2-933318055	S2-70150531,S2-840057416,S3-33204462,S3-394615935
S1-727714781	US	Urgent Care Silver Health Inc	Boston, MA, 182 Georgetowne Drive	S2-451445819,S2-770200102,S2-9259974	S2-9259974	S2-451445819,S2-770200102
S1-728932687	US	WAJ Northwest Corp	1600 Squire's Landing, Rochelle, IL	S3-276994752,S3-416691877,S3-669573838,S3-718573382,S3-951954081		S3-276994752,S3-416691877,S3-669573838,S3-718573382,S3-951954081
S1-730056840	US	NA Commercial	14 Mountainbrook Road, Asheville, NC	S2-318830668,S2-537697602,S2-859692556,S3-845983170	S2-318830668,S2-859692556	
S1-731725129	India	Star Marketing Private Limited	Wz-241/B, Ground Floor Inderpuri, New Delhi, Delhi	S2-16953400,S2-439873208,S3-383105018,S3-855990456,S3-902303001		S2-16953400,S2-439873208,S3-383105018,S3-855990456,S3-902303001
S1-732003067	US	Safe Materials Ventures	142 Pliska Street, Fairhope, AL	S2-431829277,S2-952904383,S2-959516153,S2-960884573,S3-431138651	S3-431138651	S2-431829277,S2-952904383,S2-959516153,S2-960884573
S1-73235702	India	Alpha Infrastructure Limited	Y-40-A, Y Block Internal Road, Hauz Khas, New Delhi, South West Delhi, Delhi	S2-375108680,S3-345201227		S2-375108680,S3-345201227
S1-733682413	US	Kary's Therapy	1200 Saint Gabriel Way, Village Of Richfield, WI	S2-106127233,S2-492498887,S2-562471134,S3-750299902,S3-777920818	S2-106127233,S2-492498887,S2-562471134	S3-750299902,S3-777920818
S1-733972112	India	Ibex Intimate	East Delhi, Delhi, Savarkar Block Shakarpur, Plot 4 & 5, Delhi	S2-509742459,S2-556489211,S2-669864868,S2-717474455,S3-894397165	S2-509742459,S2-556489211,S2-717474455,S3-894397165	S2-669864868
S1-734072360	US	Heartland Foundation	209 Summit Oaks Place, Nashville, TN	S2-74981612		S2-74981612
S1-734812978	US	Ethridge Brokerage	Newark, OH, 670 Russell Avenue	S2-698924931,S2-795875737,S3-387700179,S3-830391181	S3-387700179	S2-698924931,S2-795875737,S3-830391181
S1-735471296	US	Carri L. Gonzalez, CPA	1018 Boyd Street, Watertown, NY	S2-47010831,S2-616764086,S3-129649949,S3-638440606,S3-984015674	S3-984015674	S2-47010831,S2-616764086,S3-129649949,S3-638440606
S1-736090152	US	Painters Local 118	31 Winter Street, Delaware, OH	S2-377125528,S2-912798090,S3-653351403,S3-672927008,S3-818412908	S2-377125528	S2-912798090,S3-653351403,S3-672927008,S3-818412908
S1-736669879	India	Vijay Foods Private Limited	House No 82, Mohalla Kalepur Tehsil-Sardar, Janpad Gorakhpur, Gorakhpur, Uttar Pradesh	S2-35633424,S2-89950493,S3-4675222,S3-467725270,S3-542807576		S2-89950493,S3-4675222,S3-467725270,S3-542807576
S1-737903412	US	Lawrence Institute of Technology LLC	11410 Budds Creek Road, Charlotte Hall, MD	S2-376793461,S3-679935192	S2-376793461	S3-679935192
S1-73901828	US	Halette Cosgrove Eye Care LLC	Beaverton, OR, 16833 Lorikeet Lane, Fl 0	S2-713740571,S2-977828308,S3-304031242,S3-682697887	S2-977828308	S2-713740571,S3-304031242,S3-682697887
S1-740805840	US	Platinum Diagnostic Global, LLC	15128 198th Street, Taylor Ridge, IL	S2-790090700,S3-752800517,S3-917761,S3-991011815	S2-790090700,S3-752800517	S3-917761,S3-991011815
S1-740823547	India	Sap Consultants Private Limited	3E/1, North Street, High Ground Road Palayamkottai Post, Tirunelveli, Tamil Nadu	S2-224984553,S2-555015151,S2-69126998,S2-994257418,S3-931285958		S2-224984553,S2-555015151,S2-69126998,S2-994257418,S3-931285958
S1-741403985	US	Dermatology Smart Associates Inc	6650 Kirby Trace Cove, Memphis, TN	S2-223169051,S2-581945421,S2-734862933,S3-721198683	S3-721198683	S2-223169051,S2-581945421,S2-734862933
S1-741503407	US	Horvat, Hoff & Wallace Fargo LLC	208 Cedarvale Road, Bay City, TX	S2-265038140,S3-897007521	S2-265038140	S3-897007521
S1-74213050	India	Jai Solutions Private Limited	No. 110, Saptagiri Apartments, 1St A Main, St Bed, Koramangala., Bangalore, Karnataka	S2-149741884,S2-961883219	S2-622219152	S2-149741884,S2-961883219
S1-742555128	India	Essen Law Chambers Private Limited	Village And P.O. Haryal Pathankot, Pathankot, Gurdaspur, Punjab	S2-407089656,S3-2111822		S2-407089656,S3-2111822
S1-743181336	US	Jacquenette B. Mcgrady, L.C.S.W., DDS PC	10567 Lees Mill Road, Fauquier County, VA	S2-438676935,S2-748837818,S2-813644040	S2-748837818,S2-813644040	S2-438676935
S1-744634345	US	Certified Innovative Cola, Inc	7015 Wyoming Street, WA, Port Orchard	S2-153992029,S2-459776956,S3-251625271,S3-57368738,S3-634929315,S3-830830806	S2-459776956	S2-153992029,S3-251625271,S3-57368738,S3-634929315,S3-830830806
S1-745045841	India	Ventures Shradha Solutions Private Limited	Flat No-C/102, Indraprasth-8, Frangipani B/H Auda Sports Complex, Near Tulip, Ahmedabad, Gujarat	S2-60988953,S3-857029154,S3-869324800	S2-60988953	S3-857029154,S3-869324800
S1-745135445	US	Premier Continental Eqv LLC	2601 Woodley Place, Unit 303, Washington, DC	S2-534963369,S2-690871239,S2-750545378,S3-738758148	S2-534963369,S3-738758148	S2-690871239,S2-750545378
S1-745238561	US	Jorey Safi Network	270 County Rd 213, Unit 1109, Athens, TN	S2-962240120,S3-104771588		S2-962240120,S3-104771588
S1-746911939	US	Jonell Costanza, L.C.S.W.	6861 Piershill Lane, Cary, NC	S2-608785825,S2-750163850,S3-472453568,S3-56120104	S2-750163850,S3-472453568	S2-608785825,S3-56120104
S1-7477166	US	Pelletier Rexford LLC	749 Cora Ruecker Street, Horizon City, TX	S2-473137521,S2-556517231,S3-492237342,S3-847518233,S3-863654859,S3-963839088	S3-847518233	S2-473137521,S2-556517231,S3-492237342,S3-863654859,S3-963839088
S1-747814694	India	IA Solutions	H N0. 8-2-332/1/A/2, Flat No. 206 Road No.3, Vishnu Blue Lotus, Banjarahills, Khairatabad, Hyderabad, Telangana	S2-50725349,S2-722282355		S2-50725349,S2-722282355
S1-74803087	India	Green Enterprises Private Limited	New Delhi, K/8/1-A Lane W-12/15, Western Avenue Sainikfarm, South Delhi, Delhi	S2-772071695,S3-14027418,S3-334540349		S2-772071695,S3-14027418,S3-334540349
S1-748572538	India	Silver Global Private Limited	Flat No. C3, Second Floor, Prop. No. 895-C/19, Ward, New Delhi, South West Delhi, Delhi	S2-141968328,S2-158757435,S2-645344329,S3-375416359,S3-625379144,S3-971011185		S2-141968328,S2-158757435,S2-645344329,S3-375416359,S3-625379144,S3-971011185
S1-749004744	US	Allied League II	5125 Bowenworth Street, Bldg 7, Hilliard, OH	S2-177387789,S2-32666788,S2-391455683,S2-680706015,S3-654424638,S3-812752417	S2-32666788	S2-177387789,S2-391455683,S2-680706015,S3-654424638,S3-812752417
S1-749055791	US	Ridge Desert Johnson Center	9300 Mccabe Drive, City Of El Paso, TX	S2-191962968,S3-811794788	S2-191962968	S3-811794788
S1-749209094	US	Wilson Tribeca, Inc	7816 Vineyard Court, North Richland Hills, TX	S2-960761205,S3-688057397		S2-960761205
S1-749483456	US	Sturtz Bright Medical LLC	1330 Kloppman Street, Village Of Crivitz, WI	S2-478623828,S3-49696725,S3-865333968		S2-478623828,S3-49696725,S3-865333968
S1-750111911	India	Kherapati & Brothers Private Limited	Plot No 293 & 294 Ff, Shiv Vihar, New Delhi, West Delhi, Delhi	S2-642308890,S3-542784792	S3-542784792	S2-642308890
S1-750302288	US	Wadley & Arthur LLC	1101 Knox Street, Ogdensburg, NY	S2-735312,S2-852595333,S3-452603356,S3-891374769	S3-891374769	S2-735312,S2-852595333,S3-452603356
S1-750870232	US	Calabrese Box	2939 Parkwest Drive, Albemarle, NC	S2-434953494,S2-566748364,S2-933271069,S3-786396992,S3-952660344	S2-434953494,S2-566748364	S2-933271069,S3-786396992,S3-952660344
S1-752132338	India	Jay Power	J-18 A, Shekhawati Nagar, Sikar Road, Jaipur, Rajasthan	S2-390370585,S2-583450730,S2-978906666,S3-319604885,S3-567560904	S2-390370585,S3-567560904	S2-583450730,S3-319604885
S1-752155168	India	Fastrack Tech Private Limited	C/O Rekha Yadav, Fazilpur, Gurugram, Badshahpur, Gurgaon, Haryana	S2-232547260,S2-305715857,S2-483495088,S2-753973423,S3-226104654,S3-592094621	S2-305715857	S2-232547260,S2-483495088,S2-753973423,S3-226104654,S3-592094621
S1-752182759	India	Vistar Beverages Private Limited	Site Nos1197 Bharatnagar Stageii Herohalli Village, Off Magadi Rd Yeswanthpur Hobli Bangalore North Tq, Bangalore, Karnataka	S2-408455375,S2-528062813,S3-940710439,S3-96249113	S2-408455375	S2-528062813,S3-940710439,S3-96249113
S1-752864134	US	Diamond Hospitality Collective	1348 Mccormicks Circle, Danville, IN	S2-382183007,S2-481652841,S3-14851309		S2-382183007,S2-481652841
S1-752957177	India	Balaji Industries	H No 71/1, Bhawani Nagar, Meerut, Uttar Pradesh	S2-506599495,S2-807763643,S3-45680889,S3-864170524,S3-950266687		S2-506599495,S2-807763643,S3-45680889,S3-864170524,S3-950266687
S1-753962305	US	Diane-Marie Spagnuolo Smart Aldel LLC	Toppenish, 105 Van Avenue, WA	S2-714980689,S3-792546245	S2-714980689	S3-792546245
S1-75403822	US	2356 Highland Drive Partners P.C.	White Hall, 620 Bridgeport Street, IL	S2-456531899,S2-976562592,S3-582862566,S3-657000148,S3-991336345	S2-456531899,S3-582862566,S3-657000148	S2-976562592,S3-991336345
S1-754611464	India	Jeet Technologies Pvt Ltd	D.No.183. Evn. Road, Saravana Buildings, Erode, Tamil Nadu	S2-311827232,S3-570748786,S3-821931180	S3-821931180	S2-311827232
S1-754727388	US	Pabst Galaxyedge	137 Newington Drive, Unit APT C, Amherst Town, VA	S2-130237519,S2-267049978,S2-513786230,S3-23681690,S3-849501132	S2-267049978,S2-924678612	S2-513786230,S3-23681690,S3-849501132
S1-755090967	US	Florenza Wegner, O.D., M.D., P.C.	TX, Liberty Hill, 509 Continental Avenue	S3-112730816,S3-287979198,S3-996841533		S3-112730816,S3-287979198,S3-996841533
S1-755897553	US	Nicol Clair, Esq.	8 Myrtle Avenue, Unit Apartment 2, Johnson City, NY	S2-63178862,S3-925644138		S2-63178862,S3-925644138
S1-756423038	US	Breneman Total Greenland	25 Suffolk Street, Unit Apt 4, Rockland, ME	S2-846638935,S3-119819146,S3-262955908,S3-433533188	S3-119819146	S2-846638935,S3-262955908,S3-433533188
S1-756750743	US	Studio 43 Hypnosis	147 Market Street, Santa Cruz, CA	S2-2547368,S2-455732080,S3-382552964,S3-514395729,S3-62388119,S3-901781286,S3-930271201	S2-2547368,S3-382552964,S3-514395729	S2-455732080,S3-62388119,S3-901781286,S3-930271201
S1-756779642	India	Jai Solutions Private Limited	#506, Amu, 11Th Cross, 4Th Main Road, West Of Chord Road 2Nd Stage, Mahalakshm, Ipuram, Bangalore, Karnataka	S2-231169186,S2-295829107,S2-893002798,S3-921955265,S3-926247659		S2-231169186,S2-295829107,S2-893002798,S3-921955265,S3-926247659
S1-756784423	India	Ahmadabad City Rice Private Limited	Plot No. 140/1, Saijpur, Gopalpur, Pirana Road, Ahmadabad City, Ahmedabad, Gujarat	S2-325500713,S3-337243227,S3-668102406,S3-686957116,S3-860968740	S2-325500713,S3-668102406,S3-686957116	S3-337243227
S1-756955279	US	FQ Harbor Line, Inc	35436 Widener Valley Road, Washington County, VA	S2-271148930,S2-398027783,S3-132087312,S3-204714093,S3-535361787,S3-903538925		S2-271148930,S2-398027783,S3-132087312,S3-204714093,S3-535361787,S3-903538925
S1-757177666	India	Ib Solutions Private Limited	Mauli Niwas, Shivaji Chowk, Naigaon, Dist. Nanded, Naigaon, Nanded, Maharashtra	S2-338614783,S3-479520808,S3-618749944		S2-338614783,S3-479520808,S3-618749944
S1-757694703	US	Southern Barings Co	105 Essex Court, Frederick County, VA	S2-194056130,S2-266953432,S3-282396997,S3-342631089	S2-266953432,S3-282396997,S3-342631089	
S1-757920854	US	F 6 Strategic Flex PLLC	429 Bayshore Drive, Unit 106, Ocean City, MD	S2-322254761,S2-779127419,S3-128474899		S2-322254761,S2-779127419,S3-128474899
S1-758487505	India	Jaipur Lands Private Limited	Prem Nath Motors Private Limited Sarraf M I Road, Jaipur, Rajasthan	S2-285285011,S2-511075621,S2-741172776,S2-978880875,S3-431982241,S3-516722928	S2-978880875	S2-511075621,S2-741172776,S3-431982241,S3-516722928
S1-758602021	India	Rca Consultancy Public Limited	Flat No. P/07/04, Celebrity Meadows, Sushant Golf City, Sultanpur Road, Lucknow, Uttar Pradesh	S2-126598472,S2-315236768,S2-315429950,S3-215025028	S2-126598472,S2-315236768,S2-315429950	S3-215025028
S1-759248352	US	Watson Liberty Technologies Partners	13114 Old Highway 20, TX, Manor	S2-486287734,S3-261383481,S3-34782491		S2-486287734,S3-261383481,S3-34782491
S1-759563975	US	Siobhan Rincones, D.D.S.	2102 St Johns Avenue, Highland Park, IL	S2-36772526,S3-46918742,S3-611446812,S3-758030924	S3-46918742,S3-611446812	S2-36772526,S3-758030924
S1-760513302	India	Prochem Foods Private Limited	806, 8Th Floor, Eros Apartment 56, Nehru Place, New Delhi, Delhi	S2-451893756,S2-867788327,S3-774622868		S2-451893756,S2-867788327,S3-774622868
S1-76072563	India	Silver Trading Pvt Ltd	House No 1, Block 2 Eros Garden, Faridabad, Haryana	S2-781458737,S3-510112620		S3-510112620
S1-761108061	US	Custom Keystone Guardian	200 English Road, Greece, NY	S2-108723096,S2-539036283,S2-996569385,S3-738136110	S2-539036283	S2-108723096,S2-996569385,S3-738136110
S1-762142980	US	Blanton Biotechnologies	Salt Lake City, Unit F426, UT, 1925 N Temple Street	S3-372232995,S3-698484303		S3-372232995,S3-698484303
S1-763030619	India	Patliputra Trading Private Limited	C 19, E Park, Mahanagar Extension, Lucknow, Uttar Pradesh	S2-446457437,S2-536870768,S2-554711856,S2-607520756	S2-536870768	S2-446457437,S2-554711856,S2-607520756
S1-763695016	US	Orthopedic Center PLLC	70 Camelot Drive, Unit 81, Worcester, MA	S2-335583375,S2-57704328,S2-738279843,S3-834034609	S3-834034609	S2-335583375,S2-57704328,S2-738279843
S1-764997118	US	Christiane Brown, D.O.	6423 189th Lane, Waddell, AZ	S2-284311512,S3-152949453,S3-309875538	S3-152949453	S2-284311512,S3-309875538
S1-765263933	India	Shiva Consulting	1226/3, 3Rd Cross, 1St Main Road, L.N. Colony, Yeswanthpura, Bangalore, Karnataka	S2-782477567,S3-963163941		S2-782477567,S3-963163941
S1-765605072	India	Best Tech Private Limited	1401, Adonis Raheja Acropolis Ii, V. N. Purav Marg, Deonar, Mumbai, Mumbai City, Maharashtra	S2-736117033,S3-359102962		S2-736117033
S1-766367606	US	Phillips Centurion LLC	3000 Tanglewood Park, Fort Worth, TX	S2-371528260,S2-547098318,S3-642910273	S2-371528260,S2-547098318	S3-642910273
S1-766411559	US	Breaux and Sloan LLC	2024 Main Street, Fort Worth, TX	S2-573348799,S3-90523694,S3-95421073	S3-90523694	S2-573348799,S3-95421073
S1-766501892	US	504-505 East Owners Corp	City Of La Crosse, 2214 Winnebago Street, WI	S2-390514090,S2-741374376,S2-860978054,S3-480283514,S3-760153579		S2-390514090,S2-741374376,S2-860978054,S3-480283514,S3-760153579
S1-767938186	India	Industries Omshanti Agro	9-D/2, Basant Park Chsl, R C Marg, Opp. Chembur Police Station, Chembur, Mumbai, Mumbai City, Maharashtra	S2-251870206,S2-525829960,S2-836648385,S3-270001566,S3-370815674,S3-440373518		S2-251870206,S2-525829960,S2-836648385,S3-270001566,S3-440373518
S1-768286616	India	Reef Living Private Limited	At 48-1/1, Shams Building, Family Lane, Family Mal, Dapoli, Ratnagiri, Maharashtra	S2-844666672,S3-450043291,S3-791037482,S3-874611649	S3-791037482	S2-844666672,S3-450043291,S3-874611649
S1-769908925	India	Al Vijay Finance Private Limited	Katewa Nagar, New Sanganer Road, Jaipur, Rajasthan, 31, Jaipur	S2-252381704,S2-654804494,S2-808489270,S3-765278959		S2-252381704,S2-654804494,S2-808489270,S3-765278959
S1-770287884	US	Granado Horizon Inc	5415 Harshmanville Road, Huber Heights, OH	S2-649114839,S3-895528007		S2-649114839,S3-895528007
S1-770502399	India	Laxmi Hospitality Private Limited	1St Floor, Mangalmurti Complex Nr. Mahagujarat Hospital, Nadiad, Kheda, Gujarat	S2-304757850,S2-716364626,S2-912281243,S3-396192690		S2-304757850,S2-716364626,S2-912281243,S3-396192690
S1-771195650	India	Krish Educational Society	Uttar Pradesh, Gautam Buddha Nagar, A 34, Sector 48, Noida	S2-643712645,S3-579280878		S3-579280878
S1-772020243	India	Mrinal India	424/1 S/F Sant Nagar, New Delhi, South Delhi, Delhi	S2-520653438,S3-163427975,S3-277490893,S3-333184300,S3-965714193		S2-520653438,S3-163427975,S3-277490893,S3-333184300,S3-965714193
S1-772573378	US	Southern Machine Works LLC	13125 Scipio Road, Harlan, IN	S2-474909832,S3-873355578	S2-474909832	S3-873355578
S1-773090643	US	Internal Medicine Supreme Associates	1143 7 Street, Brooklyn, NY	S2-170520631,S2-353891402,S2-741377414,S3-743349425	S2-741377414	S2-170520631,S2-353891402,S3-743349425
S1-774284328	US	Merrielle Mcclelland Coastal Nova	310 Woolworth Avenue, Omaha, NE	S2-107141143,S2-902886768,S3-841482368	S2-902886768,S3-841482368	S2-107141143
S1-775062827	US	Valeria Dyer Logistics LLC	2553 Idlewild Boulevard, Roanoke City, VA	S2-140854113,S3-124890831,S3-49657903,S3-51277728,S3-920282605	S2-140854113,S3-51277728	S3-124890831,S3-49657903,S3-920282605
S1-775263147	US	Harbor Cyber LP	1105 Oak Arbor Trail, Buda, TX	S2-311530306,S2-86336067,S3-16298084,S3-422335583,S3-523650962,S3-968524481	S2-311530306,S2-86336067,S3-523650962	S3-16298084,S3-422335583,S3-968524481
S1-776346461	India	Hotel Power Pvt Ltd	Plot No. 165, Kh. No. 44, Ground Floor Nai Basti, Block-A, Village Bankner, Delhi, North West, Delhi	S2-188485935,S3-199950006		S2-188485935,S3-199950006
S1-776470430	US	Mckeever Diversified	718 Landau Avenue, Unit 2, Joliet, IL	S2-396256143,S2-428671378,S2-56736982,S2-753159589,S3-220800162,S3-911817821,S3-92322001	S2-396256143,S2-428671378	S2-56736982,S2-753159589,S3-220800162,S3-911817821,S3-92322001
S1-77756010	India	Wonderful Innovations	2752, Mohalla Niyarain G B Road, New Delhi, North Delhi, Delhi	S2-522740124,S3-25923412,S3-457949383	S2-522740124,S3-25923412	S3-457949383
S1-7777152	US	Historical Association	618 Lovers Lane, Unit 111, Bowling Green, KY	S2-60890911,S3-553578423,S3-972091133	S3-553578423	S2-60890911,S3-972091133
S1-777771519	US	Harbor Affiliated, Inc	470 County Road 155, Unit 470, Morton, TX	S2-512689090,S2-873244712,S3-275651636,S3-689350855,S3-697891645	S3-689350855	S2-512689090,S2-873244712,S3-275651636,S3-697891645
S1-778163652	US	Internal Medicine Choice Associates Omaha	1914 37th Street, Omaha, NE	S2-164971319,S2-568889724,S3-867324611,S3-97164249	S3-867324611,S3-97164249	S2-164971319,S2-568889724
S1-778565345	US	Delta Better Origin Group	2 Apple Hill Drive, Springfield, OH	S2-477789941,S2-655932533,S3-486667241,S3-85532582	S2-477789941	S2-655932533,S3-486667241,S3-85532582
S1-778684694	US	Cascade Hennessy	10300 Gary Road, Potomac, MD	S2-176542049,S3-487118476,S3-72094570	S2-176542049,S3-487118476	S3-72094570
S1-77884679	US	Fernandez Liberty Seafood Inc	312 King Street, Pottstown Borough, PA	S2-334424037,S2-991701393,S3-36591251,S3-813164985,S3-975242034	S2-991701393	S2-334424037,S3-36591251,S3-813164985,S3-975242034
S1-778987851	US	Kaylee Kane Patriot Globa Inc	Rogers, 1612 Beth Drive, AR	S2-439573239,S2-499569374,S2-803133113,S3-506796064,S3-526877884,S3-8415483		S2-439573239,S2-499569374,S2-803133113,S3-506796064,S3-526877884,S3-8415483
S1-78024619	US	Valley Metropolitan Air	37 Roxbury Park, Goshen, IN	S2-57491007,S2-75250200,S2-902000327		S2-57491007,S2-75250200
S1-780433343	US	Keystone Advantage LLC	1407 Huntington Drive, Findlay, OH	S2-206167836,S3-439268320		S2-206167836,S3-439268320
S1-78084	India	Raviendra Prabhu Private Limited	11/2A, Pusa Road, New Delhi, Delhi	S2-429222834,S3-186811618,S3-837955092,S3-999637114	S3-837955092	S2-429222834,S3-186811618
S1-780908955	India	Golden Marketing Limited	Sikarwar House No. 17, Gwalior, City Gwalior, Airport Road, Aditypuram, Tahsil, Gwalior, Madhya Pradesh	S2-60580277,S2-993532947,S3-586894382,S3-603488731,S3-751136996		S2-60580277,S2-993532947,S3-586894382,S3-603488731,S3-751136996
S1-7817632	India	Ram Constructions Pvt Ltd	Booth No. 64/11D, Faridabad, Haryana	S2-270813199,S2-682500216,S2-837601910,S3-639421468		S2-270813199,S2-682500216,S2-837601910,S3-639421468
S1-782053279	India	Galaxy Infrastructure Pvt Ltd	G40, East Of Kailash, Second Floor, New Delhi, Delhi	S2-360297886,S3-850873851		S2-360297886,S3-850873851
S1-783254249	US	Horizon Flagstar LLC	9900 Lake Wheeler Road, Fuquay Varina, NC	S2-28029238,S2-319265531,S3-526812791,S3-639462781,S3-967645047	S2-319265531	S2-28029238,S3-526812791,S3-639462781,S3-967645047
S1-783369876	US	Interstate Ministries	5521 30, Hartford, NY	S2-235565448,S2-987878650,S3-262911035	S2-987878650	S2-235565448,S3-262911035
S1-78408919	US	Garden City Value Braves P.C.	2209 Us Highway 50, Garden City, KS	S2-950063376,S3-801520566,S3-937254258	S3-937254258	S2-950063376,S3-801520566
S1-784828692	US	Elite Clean Deutsche	511 Park Avenue, Rocky Mount, NC	S2-666122654,S3-701758103	S3-419720089	S2-666122654,S3-701758103
S1-784903852	India	Gold Indian Systems Pvt Ltd	Flat No-304/B, 3Rd Floor, Life Style Property, Bhubaneswar, Khordha, Orissa	S2-212094245,S3-452360809,S3-589036087		S2-212094245,S3-452360809,S3-589036087
S1-785304160	India	Neeru Consultants	6Th Floor, Flat No 607/19, Surya Kiran Building, K G Marg, New Delhi, Central Delhi, Delhi	S2-232746468,S2-381555499,S2-780389715,S3-385385634,S3-883824173		S2-232746468,S2-381555499,S2-780389715,S3-385385634,S3-883824173
S1-785501976	India	Anand Logistics Private Limited	5/38 J In Ward-5, Kandirikal Building, Thodupuzha, Idukki, Kerala	S3-395506274,S3-417884929		S3-417884929
S1-785823587	US	Dagostino Xrp Inc	4397 Snow Heights Circle, Rio Rancho, NM	S2-153903753,S3-667076787,S3-764417143	S3-764417143	S2-153903753,S3-667076787
S1-786263267	India	Alliance Traders LLP	House No. 6581/64, Lodhi Layout, Gajanan Nagar, Nagpur, Maharashtra	S2-331936533,S2-331978861,S2-37783980,S2-632216929,S2-922213783		S2-331936533,S2-331978861,S2-632216929,S2-922213783
S1-786825223	US	Happy Tavern	10127 Sea Candles Way, Unit 207, Knoxville, TN	S2-785247211,S3-376372839,S3-874714073	S2-785247211,S3-874714073	S3-376372839
S1-787017396	US	Elite Kodiak, LLC	3732 Military Highway, Unit 48, Chesapeake City, VA	S2-913736381,S2-98980397,S3-165619433,S3-329623732,S3-455545401	S3-165619433,S3-455545401	S2-913736381,S2-98980397,S3-329623732
S1-787019562	US	Global Federation	OH, 250 Eighth Avenue, Galion	S2-545883904,S2-948103044,S3-790471356	S2-647500736	S2-545883904,S2-948103044,S3-790471356
S1-787130762	India	Vaishnavi Sagar Private Limited	Ee-189/3 Sec-Ii, Salt Lake, Saltlake, North 24 Parganas, West Bengal	S2-5260054,S3-285448268,S3-316982664,S3-547076717,S3-711808490	S2-5260054	S3-285448268,S3-316982664,S3-547076717,S3-711808490
S1-787171580	US	Salls's Properties	205 Lychee Lane, Garden City, UT	S2-390607897,S3-323641090	S3-323641090	S2-390607897
S1-787238447	India	Global Finance Pvt Ltd	C/O- Mihir Kumar Mandal, Plot No 1264, Basingi, Bahalda, Mayurbhanj, Orissa	S2-11949204,S2-465749996,S2-989597010,S3-225873332,S3-737062568,S3-896450		S2-11949204,S2-465749996,S2-989597010,S3-225873332,S3-737062568,S3-896450
S1-787999465	US	Shaffer Long, LLC	4646 Portland Road, Unit 125, Salem, OR	S3-124704075,S3-304921543		S3-124704075,S3-304921543
S1-788706531	US	Capital Foundation	Unit 438, 5201 Western Avenue, Knoxville, TN	S3-153206119,S3-646307020,S3-736172115,S3-992630378		S3-153206119,S3-646307020,S3-736172115,S3-992630378
S1-789532113	India	TJA Road Private Limited	85A/1 Ibrahimpura Rd, Kolkata, Calcutta, West Bengal	S2-216167651,S2-797083241,S3-124003032,S3-469250371,S3-511215737,S3-750681923,S3-758115343	S2-797083241,S3-758115343	S2-216167651,S3-124003032,S3-469250371,S3-511215737
S1-790038487	India	Kunal Edu Private Limited	Ground Floor, Block -B, Asian Suncity, Telangana, Unit No.005, Serilingampally, Hyderabad	S2-750858704,S2-941293807,S3-52113469,S3-676826369	S2-750858704,S2-941293807	S3-52113469,S3-676826369
S1-790532045	US	Blue Empire Premium Inc	128 Governors Avenue, Medford, MA	S2-382821485,S3-123124682,S3-135634339,S3-581257769,S3-682570715,S3-740617091	S2-382821485,S3-740617091	S3-123124682,S3-135634339,S3-581257769,S3-682570715
S1-790568923	US	Vanguard Ithax Care	6702 Detroit Avenue, OH, Cleveland	S2-791392058,S3-171042594,S3-385225030	S3-171042594	S2-791392058,S3-385225030
S1-792783154	India	Sangeeta Micro Pvt Ltd	B-1/37, G-3, Dlf, Dilshad Extn-2, Ghaziabad, Uttar Pradesh	S2-157592177,S2-866390839,S3-112004213	S2-157592177,S2-866390839	S3-112004213
S1-793035604	US	Zonda Burke Ace Fuel Inc	201 Hawthorne Lane, Upper Providence Township, PA	S2-176135199,S3-301336837,S3-559162427,S3-822195607	S3-301336837	S2-176135199,S3-559162427,S3-822195607
S1-79315553	US	Palomeque Interests L.L.C.	146 Highland Avenue, Unit 1F, Somerville, MA	S3-246825494,S3-265654041,S3-61853553,S3-67431900,S3-913489084	S3-265654041	S3-246825494,S3-61853553,S3-67431900,S3-913489084
S1-793869847	India	Eastern Builders	C/O Kritiya Nand Pandey, H.No.-71 Village-Rudpai, Block-Shambhuganj, Banka, Bihar	S2-136846433,S3-387952701,S3-875332729,S3-941169403		S2-136846433,S3-387952701,S3-875332729,S3-941169403
S1-794604648	India	KP Pest Pvt. Ltd.	Galla No.3, Vora Ind No-4 Navghar, Vasai Road (East), Vasai, Thane, Maharashtra	S2-131138100,S3-492164779,S3-792783746	S3-792783746	S2-131138100,S3-492164779
S1-795188666	India	Black Enterprises	B-077, Xu1, Greater Noida, Gautam Buddha Nagar, Uttar Pradesh	S2-829890524,S3-160688948,S3-444456383,S3-482510218,S3-525206339,S3-880441912	S3-482510218,S3-525206339,S3-880441912	S2-829890524,S3-160688948,S3-444456383
S1-795400393	US	Great Patriot Airport Inc	13212 Natalie Circle, Unit 6, Newport News City, VA	S2-289734175,S2-817519148,S3-427594737	S2-817519148	S2-289734175,S3-427594737
S1-795968274	India	Global Exports Private Limited	Munim Ji Ki Kothi Patiyali Road Dhumari, Etah, Etwah, Uttar Pradesh	S2-458054239,S2-618723504,S3-304772942,S3-578050920,S3-734596055	S3-734596055	S2-458054239,S2-618723504,S3-304772942,S3-578050920
S1-796505851	US	Georgeanne Owens Aberdeen	1002 Frankford Avenue, Unit BLDG 15, Lubbock, TX	S3-456674188,S3-820185460,S3-828563425		S3-456674188,S3-820185460,S3-828563425
S1-796789728	US	Elite Value Axiom PC	9664 Longmont Drive, Houston, TX	S2-242760139,S2-484854033,S2-742779015,S2-829454378,S3-149288478,S3-305252264,S3-34689065	S3-149288478,S3-34689065	S2-242760139,S2-484854033,S2-742779015,S2-829454378,S3-305252264
S1-798279574	India	Adams & Co Co	Jhandu Ram, House No, Kh No -85/8 Village Baprolla, Newdelhi, South West Delhi, Delhi	S2-385002195,S3-918236839		S2-385002195,S3-918236839
S1-799677237	US	Glyphelle Trinity LLC	TX, 712 W Lake Drive, Fl 0, Weatherford	S2-583597681,S3-341618628,S3-610765247,S3-934795011	S2-583597681,S3-934795011	S3-341618628,S3-610765247
S1-800665718	US	Modern Desert Daedalus Inc	719 300, Unit 2, Provo, UT	S2-550960483,S3-949853698	S3-949853698	S2-550960483
S1-801681301	India	Sky Developers Private Limited	C/O Sat Narain, Shop No 1, Near Quest Int School, Bathinda, Punjab	S2-432606609,S3-882021946		S2-432606609,S3-882021946
S1-802094227	US	Reflois Associates	124 Quail Ridge Lane, Boone, NC	S2-273493195,S2-338976119,S2-983221935,S3-230414624,S3-441804643,S3-498183894	S3-441804643	S2-273493195,S2-338976119,S2-983221935,S3-230414624,S3-498183894
S1-802198072	US	Hull Ridge Doubleline LLC	MA, Westport, 106 Masquesatch Road	S2-49323317,S2-636611913,S2-88093227	S2-49323317,S2-88093227	S2-636611913
S1-803373753	US	Lower Crystal Abacus LLC	6011 Jennagate Lane, Huber Heights, OH	S2-255012407,S2-88274775,S3-591429563,S3-6563668,S3-926970385	S2-255012407,S3-6563668	S2-88274775,S3-591429563,S3-926970385
S1-803664507	US	Ridge Foundation	912 Jones School Road, Mount Sherman, KY	S2-694257578,S2-760570864,S3-59541729,S3-8910412	S2-760570864,S3-59541729	S2-694257578,S3-8910412
S1-805081319	India	Kolkata Mercantile Pvt Ltd	P S Magnum Block Vi, 5Th Floor, Flat 5B, Kolkata, Kolkata, Howrah, West Bengal	S2-15664991,S2-642258275,S3-259307219		S2-15664991,S2-642258275,S3-259307219
S1-805446648	US	Page Ramos Biopharma Inc.	26 Main Street, Ballston, NY	S2-621444660		S2-621444660
S1-807298456	US	Ginnie Shaffer Summit Hall	983 Park Avenue, New York, NY	S2-155503973,S2-327642546,S2-514175184,S3-754463297,S3-942785399	S2-155503973,S2-514175184	S2-327642546,S3-754463297,S3-942785399
S1-80753984	US	Urology Specialists	3001 Veazey Terrace, Unit 1319, Washington, DC		S3-630743019,S3-880495677	
S1-808793358	India	Friends Nursing Home Co	Room No 36(A), Ground Floor, Neospace Building, Kinfra Techno Ndustrial Park, Calicut Uni, Versity Po, Kakkanchery, Malappuram, Malapuram, Kerala	S2-344295172,S2-663089469,S3-132523079	S2-663089469,S3-132523079	S2-344295172
S1-810053121	US	Candace Sims, D.O. Clinic	Edmeston, 10 High Street, NY	S2-123837069,S2-189091170,S2-745336079,S3-422697560,S3-619968618,S3-938070208	S3-619968618	S2-123837069,S2-189091170,S2-745336079,S3-422697560,S3-938070208
S1-810869258	US	Rudolph Dental Associates	381 Arcadia Drive, Islip, NY	S2-118680452,S2-397251323,S2-931550022,S3-545245243,S3-588387144,S3-747622023	S2-118680452,S2-397251323	S2-931550022,S3-545245243,S3-588387144,S3-747622023
S1-811167778	India	Sim Foundation Private Limited	18, Ancheril House, Central Excise Colony, P.N Pudur, Coimbatore, Chennai, Tamil Nadu	S2-557102314,S3-27150773		S2-557102314,S3-27150773
S1-811454466	US	Ear Nose & Throat Associates, LLC	423 Wheeling Avenue, Kansas City, MO	S2-958142356,S3-857900352,S3-974282080	S2-349535983,S2-555596157,S3-50004245	S2-958142356,S3-857900352,S3-974282080
S1-81181822	US	Sabine Phommachanh, DPM, PC	4175 1200, Flora, IN	S2-198684250,S2-527464989,S2-841758109	S2-527464989	S2-198684250,S2-841758109
S1-812691655	US	Creative Ready LLC	10409 Esthner Circle, Fl 0, Wichita, KS	S2-644213659,S2-698840720,S3-457412801	S2-644213659,S3-457412801	S2-698840720
S1-813669860	India	Ziravi Mall Private Limited	B-65A, Shyam Nagar, Vishnu Garden, Delhi, New Delhi, Delhi	S2-435949315,S3-142954648,S3-285474203,S3-42927168,S3-473074828		S2-435949315,S3-142954648,S3-285474203,S3-42927168,S3-473074828
S1-814613207	US	Spiegel Eco LLC	314 Northwood Avenue, Abington Township, PA	S2-912875164,S3-280676476		S2-912875164,S3-280676476
S1-814629422	US	Reynolds Alpine	199 Buena Vista Court, Rio Rancho, NM	S2-576353665,S2-800194809	S2-576353665	S2-800194809
S1-814825836	US	Colonial Guardian Inc	12132 Bayside Campground Lane, Unit 15, Berlin, MD	S2-321121790,S3-433217623,S3-7433691,S3-914967120	S3-7433691	S2-321121790,S3-433217623,S3-914967120
S1-816277720	US	I P & P Cambridge LP	366 500, American Fork, UT	S2-178509497,S2-392607851,S2-750545764,S3-307518737,S3-69112625		S2-178509497,S2-392607851,S2-750545764,S3-307518737,S3-69112625
S1-816352211	US	Wildlife Trust Group	5641 20th Avenue, Minneapolis, MN	S2-109463738,S3-368075428,S3-442851122	S3-442851122	S2-109463738,S3-368075428
S1-816716359	India	Nagda Traders Pvt Ltd	527, Lucknow, Hind Nagar, Kanpur Road, Uttar Pradesh	S2-355278856,S2-892125888,S2-902969895,S3-454126215		S2-355278856,S2-892125888,S2-902969895
S1-817556882	India	Diwan Wheels Private Limited	Calcutta, West Bengal, 161/1 Mg Road, Kolkata	S2-669254360,S2-780634883,S2-865797705	S2-865797705	S2-669254360,S2-780634883
S1-817567048	US	Jarlon Culture Inc.	342 Main Street, Mechanic Falls, ME	S2-605018154,S2-636828690,S3-108942604,S3-860704708,S3-956578442	S3-860704708,S3-956578442	S2-605018154,S2-636828690,S3-108942604
S1-817607219	India	Auram Holdings	004/005, Sudarshan Apartment, Plot No. 42, Vivek Nagar, Akurdi, Pune, Maharashtra	S2-467624484,S3-14701877	S2-467624484	S3-14701877
S1-817907682	India	Solutions Steel Finvest Ltd	Gujarat, Vardhman Nagar, Mundra, Mundra, Plot No 275 Rs No 102, Kachchh	S2-702307929,S3-287106284,S3-652968023		S2-702307929,S3-287106284,S3-652968023
S1-818832590	US	St. Church	509 Walnut Street, Fulton, KY	S2-382502447,S2-498262881,S3-307066997,S3-389193584,S3-413782474	S2-498262881,S3-389193584	S2-382502447,S3-307066997
S1-818857774	India	Marc Trading-New Delhi	G/F H/No-60 H/Near Pole, No-26 Vill Deendarpur, New Delhi, South West Delhi, Delhi	S2-446866537,S3-213928724,S3-312947364,S3-445171855		S2-446866537,S3-213928724,S3-312947364,S3-445171855
S1-818938607	India	Sarasan Financial Private Limited	Flat-A502, Plot-2, Sector-18, Panvel, Raigarh(Mh), Maharashtra	S2-29978942,S2-45916911,S2-783627428,S2-93967747,S3-129711087,S3-618293012,S3-794375495	S3-794375495	S2-29978942,S2-45916911,S2-783627428,S2-93967747,S3-129711087,S3-618293012
S1-819279963	US	Karie's Partners LLC	119 Ragged Lake Road, NY, Bellmont	S2-418345415,S2-434388816,S2-76415993,S2-972453190,S3-198136832,S3-399763723	S2-418345415,S2-972453190,S3-399763723	S2-434388816,S2-76415993,S3-198136832
S1-819898278	India	Blue & Sons Private Limited	Thane West, Wagle Estate, Unit No.: 424, 4Th F Road No. 22, Lodha Supremus Ii, Maharashtra	S2-317660810,S3-767848547,S3-939055777		S2-317660810,S3-939055777
S1-820218260	US	Primary Care Specialists Inc	16 Hill Street, Lake Luzerne, NY	S2-266666724,S2-569920242,S3-190694568,S3-707866200,S3-715189541,S3-922920612	S2-266666724,S2-569920242,S3-190694568,S3-715189541	S3-707866200,S3-922920612
S1-820342384	India	Modern Foods Private Limited	49/50, Rudraksh Complex, Plot No. 1606, Phase Iii, Gidc, Vatva, Ahmedabad, Gujarat	S2-286538067,S2-428086100,S2-825660793,S3-334595832,S3-96198738		S2-286538067,S2-428086100,S3-334595832,S3-96198738
S1-820408089	US	DHA Tribeca LLC	36 Grinnell Street, Greenfield, MA	S2-942942027,S3-15930666,S3-30306349,S3-323170778,S3-55716369,S3-825672729	S2-942942027	S3-15930666,S3-30306349,S3-323170778,S3-55716369,S3-825672729
S1-820539596	US	A Cure 8 You	1430 East Street, Suffield, CT	S2-26496753,S2-937379283,S3-243714984,S3-349615774,S3-607190658,S3-784352958	S2-153688285,S2-937379283	S2-26496753,S3-349615774,S3-607190658,S3-784352958
S1-821739920	US	Motech Inc	4535 Pillsbury Avenue, Minneapolis, MN		S3-474229281,S3-864661905	
S1-823889487	India	Lucky Technologies Pvt. Ltd.	39/56 Ground Floor Backside Wet Punjabi Bagh, Delhi, North West, Delhi	S2-312410155,S2-865599399,S2-999592032,S3-820536959	S3-820536959	S2-312410155,S2-865599399,S2-999592032
S1-825296641	US	Franks, Jackson & Boots Transport LLC	403 Lincoln Drive, Greenup, IL	S2-818697205,S3-699596586	S2-818697205	S3-699596586
S1-825455175	US	A Cure 3 All	27842 Canal Road, Orange Beach, AL	S2-404410757,S3-321989678	S2-317261510,S2-404410757,S3-321989678	
S1-825672347	India	Bhilwara India Private Limited	Tamil Nadu, New No.43, Old No.22 2Nd Floor - Suit No.201, Josier St, Nung, Real Enclave Complex, Chennai, Ambakkam	S3-108429487		S3-108429487
S1-825995093	US	Prime Retail Solutions Inc	505 Lee Drive, Shelby, NC	S3-301471835,S3-861054858		S3-861054858
S1-827087628	India	City Marketing Private Limited	259, Gumasta Nagar, Indore, Madhya Pradesh	S3-3317319,S3-942568958	S3-811351035	S3-3317319,S3-942568958
S1-827740135	US	Guzman Charter School	8 Lakewood Oaks Drive, Lakewood, WA	S2-370504358,S3-159985031,S3-794344697		S2-370504358,S3-159985031,S3-794344697
S1-827860639	US	Teamsters Local 672 Associates	109 Lehigh Avenue, Metaline Falls, WA	S2-234356170,S2-290606110,S3-233591126,S3-351557737	S3-233591126	S2-234356170,S2-290606110,S3-351557737
S1-828868114	India	Lotus Consulting Private Limited	Office No-8, 1St Floor, Atma Ram Mansion (Scindia House) Connaught Circus, New Delhi, Delhi	S3-137231667,S3-321989251,S3-33276807		S3-137231667,S3-321989251,S3-33276807
S1-829025812	US	Vantova Seneca LLC	2300 Crestlawn Avenue, Hyattsville, MD	S2-914386166,S2-969944692,S2-985626236,S3-305084817,S3-68761690	S3-68761690	S2-914386166,S2-969944692,S2-985626236,S3-305084817
S1-829211380	India	Arihant Developers Pvt Ltd	217, Sector - 10 Chiranjiv Vihar, Ghaziabad, Uttar Pradesh	S2-526127157,S3-448433128,S3-831480259,S3-989627436	S3-831480259	S2-526127157,S3-448433128,S3-989627436
S1-829507671	US	Preferred Jackson Inc.	6326 Northlawn Avenue, Youngstown, OH	S2-679197632,S2-787607434,S2-873452174,S3-797589581	S2-873452174	S2-679197632,S2-787607434,S3-797589581
S1-830005275	US	Mirabella Chandler Pioneer Generating Inc	1506 Frontier Drive, Arlington, TX	S2-907650836,S3-212530510,S3-617537448,S3-971075370	S3-212530510	S3-617537448,S3-971075370
S1-830964716	US	Rapid Rocky LLC	9578 24th Bay Street, Norfolk City, VA	S3-846669491,S3-878572418	S3-846669491	S3-878572418
S1-831467005	US	Starr Brighthouse	51 Scribner Road, Stowe, VT	S2-283594293,S2-613921582,S3-181568913,S3-721666004,S3-793257496	S3-793257496	S2-283594293,S2-613921582,S3-181568913,S3-721666004
S1-831706028	India	Galaxy Technologies Limited	No.8, 1St Cross, 5Th A, Main Road, Obalappa, Bangalore South, Bangalore, Karnataka	S2-2358381,S2-825838119,S2-930195540,S3-260608325	S3-260608325	S2-2358381,S2-825838119,S2-930195540
S1-832227178	US	Vanguard, LLC	141-19 85 Road, Jamaica, NY	S2-100577986,S2-772886551,S3-257358847	S2-100577986,S2-772886551,S2-906086096,S2-988205920,S3-143231864,S3-441134347	S3-257358847
S1-832809894	US	Deese Charter LLC	184 Windstone Crossing Trail, Troutman, NC	S2-517737342,S2-822290139,S3-454269972		S2-517737342,S2-822290139,S3-454269972
S1-832967545	India	First Systems Private Limited	Green Square Market, 3Rd Floor Sco 127, Hisar, Haryana, Hissar	S2-17878750,S2-936595109,S2-989993179	S2-17878750	S2-936595109,S2-989993179
S1-833281528	India	Red Brothers	No. 67, 68 Belmar Industrial Estate Chokkasandra, Nagasandra Post, Bangalore, Karnataka	S2-864629569,S3-136259616,S3-474583742,S3-744268780	S2-864629569	S3-136259616,S3-474583742,S3-744268780
S1-833800645	US	Finley Twin Inc	8392 Misty Shore Drive, West Chester, OH	S2-712132623,S2-979250041,S3-824630002	S2-712132623,S3-824630002	S2-979250041
S1-833954615	US	Aurora Sierra LLC	5213 Windward Way, Southport, NC	S2-646700294,S2-771653351,S3-208947435	S2-646700294,S2-771653351	S3-208947435
S1-833967002	US	Ironclad Inc.	54 Welkum Lane, Rossville, IN		S2-216147792,S2-523011221,S2-722987324,S3-299554185,S3-429216230,S3-954565584	
S1-834583428	US	Han, Joly K., P.A.	4319 55th Street, Fort Smith, AR	S2-617052016,S3-548525835		S2-617052016,S3-548525835
S1-834793578	India	Multitech Consultancy	Flat No. A2-1103, Nandan, Prospera S.No. 22, Balewadi, Pune, Maharashtra	S2-15243879,S2-20083436,S2-672480129,S3-375009282,S3-807984379	S2-20083436,S2-672480129	S2-15243879,S3-375009282,S3-807984379
S1-835237688	US	Cothren Templeton	6459 Chiltern Avenue, Canal Fulton, OH	S2-160435839,S2-808339977,S3-1458190,S3-524829945,S3-791998454	S2-160435839,S2-808339977,S3-524829945,S3-791998454	S3-1458190
S1-835292438	US	Southern Value Cea Inc	607 Wesley Drive, Park Ridge, IL	S2-68221768,S2-751951868,S2-834760974,S3-883337377	S2-834760974	S2-751951868,S3-883337377
S1-835420657	US	Reliable Hospitality Associates LP	1026 Hendricks Court, Clarksville, TN	S2-202623302,S3-464424586		S2-202623302,S3-464424586
S1-83558866	US	Ear Nose & Throat Patriot Physicians	13820 44th Street, Unit 1175, Phoenix, AZ	S3-598751562,S3-99432515		S3-598751562,S3-99432515
S1-83582556	India	South Ventures Limited	52/1, 16Th Cross, 8Th Main Malleswaram, Bangalore, Karnataka	S2-614659754,S2-833039567,S3-287946610,S3-465508249,S3-753277538	S3-287946610	S2-833039567,S3-465508249,S3-753277538
S1-83589211	US	Obsidian Synchrony LLC	844 Seymour Avenue, Nashville, TN	S2-250740975,S3-51901556	S2-250740975	S3-51901556
S1-836251558	US	Orbus Precious LLC	1867 Highcrest Drive, St Charles, MO	S2-381816498,S2-615992500,S3-737854447	S2-615992500	S2-381816498,S3-737854447
S1-838079323	US	Atlantic Transport Inc.	309 Arapaho Trail, Springer, NM	S2-387243737,S2-843891272,S3-674050871		S2-387243737,S2-843891272,S3-674050871
S1-839152565	US	Little Pub PC	2501 147 Wabash Avenue, Springfield, IL	S2-453256072,S3-25742346	S2-453256072	S3-25742346
S1-839248962	India	Deco Computer Public Limited	S-183, Baner Flat No.4, Near Petrol Pump Dhanvantari Hospitals., Pune, Maharashtra	S2-879955889,S3-260712521,S3-717355074	S2-879955889	S3-260712521,S3-717355074
S1-839449665	US	Oncology Care Associates	708 State Street, La Belle, MO	S2-152815080,S3-361817017	S2-264867598,S2-843949246,S3-168529117,S3-361817017,S3-737170743,S3-957657396	S2-152815080
S1-839819054	India	Forte Consultancy	No.1589/2, Beml Layout, 4Th & 5Th Stage, Halegevadarahalli (Bda), Bangalore South, Bangalore, Karnataka	S2-29658312,S3-536661162,S3-83588133,S3-849045089	S3-536661162,S3-83588133	S2-29658312,S3-849045089
S1-839883623	India	White Care Private Limited	Modern Agro, S P Colony Pooshgarh Road, Karnal, Haryana	S2-58665303,S3-906237889	S3-906237889	S2-58665303
S1-84056519	US	Serrata & Hunter LLC	1910 Tejon Avenue, Pueblo West, CO	S2-648395338,S2-876488248,S3-166709982,S3-606098964		S2-648395338,S2-876488248,S3-166709982,S3-606098964
S1-840599213	India	Indo Software Private Limited	New Delhi, Delhi, D-29 T/F Paryavaran Complex Saidulajab, Neb S, Arai	S2-634651682,S3-928181799		S2-634651682,S3-928181799
S1-840729286	India	Gurgaon Vidyut Limited	Dx-109 Kendriya Vihar, Sector-56, Gurgaon Sector 56 S.O, Gurgaon, Gurgaon, Haryana	S2-723908440,S3-255131514,S3-275843234,S3-494573642,S3-527008846	S2-723908440,S3-494573642,S3-527008846	S3-255131514,S3-275843234
S1-840839099	US	Stokes Starlink Inc.	29143 Elm Court, Selbyville, DE, Unit 3	S2-371139976,S2-901803118,S3-365441655,S3-747371670	S3-365441655,S3-747371670	S2-371139976,S2-901803118
S1-841241364	US	Classic Quetta LLC	1520 White Spar Road, Unit C3, Prescott, AZ	S2-297859540,S2-767570424,S3-324681329		S2-297859540,S2-767570424,S3-324681329
S1-841350122	India	Bbl Developers (India) Private Limited	11/8B, Allahabad, Hanumant Niketan, Colony Kn Rd, Civil Lines, Uttar Pradesh	S2-525720849,S3-128543504,S3-145783187,S3-258242003		S2-525720849,S3-128543504,S3-145783187,S3-258242003
S1-842614852	India	Ujjaiya Pearl Corp	B-4 Shree Yashwant Society90 Feet Road Ghatkopar East, Mumbai, Maharashtra	S2-621388508,S2-644405989,S2-81283681,S3-760811312,S3-879584860	S2-644405989,S2-81283681,S2-92900333	S2-621388508,S3-760811312,S3-879584860
S1-842630694	US	Ivey, Sawyer & Harris Jonesborough	TN, Jonesborough, 108 Meadow View Farms Drive	S2-933173499,S3-341742681,S3-693991964,S3-764569678,S3-871978958	S3-341742681	S2-933173499,S3-693991964,S3-764569678,S3-871978958
S1-84317499	US	Cascade Program Clinic	21398 116, Tyler, TX	S2-115797506,S3-133288400,S3-472278593,S3-689365656		S2-115797506,S3-133288400,S3-472278593,S3-689365656
S1-843350921	India	Lucky College Pvt Ltd	93, Old Calcutta Road. P.O. Talpukur, Barrackpore, Kolkata, Kolkata, Howrah, West Bengal	S2-427568053,S3-255374051		S2-427568053,S3-255374051
S1-845088647	US	Bostwick Property LLC	1734 Ament Way, Bolivia, NC	S2-604788412,S3-352114670,S3-51970016	S2-604788412	S3-352114670,S3-51970016
S1-845629037	US	Bastion	707 Montgomery Avenue, Litchfield, IL	S3-359970032,S3-581696256	S2-257815596,S3-126817540,S3-162717812,S3-322097527,S3-539943866,S3-581696256	S3-359970032
S1-846815501	US	Summit Family Office LLC	4063 Harlem Road, NY, Amherst	S2-745537027,S3-492630609	S3-492630609	S2-745537027
S1-84720215	India	Sun Technology Pvt Ltd	204, Vasai, Siddhivinayak Niwas, Nr Konkan Niwas, Narangi Road, Virar East, Thane, Maharashtra, Thane	S2-745669839,S3-223797283,S3-293369399,S3-358178664		S2-745669839,S3-223797283,S3-293369399,S3-358178664
S1-847769452	US	Noble Investments Inc	129 Carrera Court, Inwood, WV	S2-121707602,S2-464381024,S2-464774381,S2-522849134,S2-778512256,S3-263172904,S3-90566723	S2-464774381,S2-778512256	S2-121707602,S2-464381024,S2-522849134,S3-263172904,S3-90566723
S1-848623820	US	Cowles Premier Deutsche LLC	641 Third Street, Unit 3, Bowling Green, OH	S2-546968282,S3-155084638,S3-792901556	S2-546968282,S3-792901556	S3-155084638
S1-849280563	US	Secure Intelligence Technologies LLC	246 Fowler Street, Unit Apartment 4, City Of Oconomowoc, WI	S2-712070641,S3-418934879,S3-596251706,S3-992140267		S2-712070641,S3-418934879,S3-596251706,S3-992140267
S1-849522449	India	New Delhi Travel Ltd	G-12, S/F, Pushkar Enclave, Paschim Vihar, Pole No.C01, New Delhi, West Delhi, Delhi	S2-766845127,S2-953618850,S3-431987000,S3-62546897		S2-766845127,S2-953618850,S3-431987000,S3-62546897
S1-849825821	India	Ssdn (India) Marketing Pvt. Ltd.	Delhi, 160 S/F Kailash Hills, New Delhi, South Delhi	S2-501283601,S2-718099931,S3-741824364	S2-501283601	S2-718099931,S3-741824364
S1-849999721	US	Celeva, LLC	210 Piper Hollow Drive, TN, Piperton	S2-151519420,S2-186708472,S2-360350367,S3-707657730,S3-837878416	S2-360350367	S2-151519420,S2-186708472,S3-837878416
S1-850098573	India	Life Services Private Limited	M/S Marane Industries, Gat No.-386 Uarawde, Mulshi, Pune, Maharashtra	S2-888121326,S3-305167640,S3-490887895,S3-986870014		S2-888121326,S3-305167640,S3-490887895,S3-986870014
S1-850844304	US	Foot & Ankle Care	4097 575, Cedar City, UT	S2-274587963,S2-334801102,S3-377009604	S2-203818365,S2-274587963,S2-334801102,S2-374571284,S3-377009604	
S1-851074484	US	Gulf Project	112 Bk 1130 Road, Brooken, OK	S2-691657937,S3-132300844,S3-792926092	S2-691657937	S3-132300844,S3-792926092
S1-851557093	US	Grant Microelectronics, Inc	648 Indian Springs Circle, Manchester, TN	S2-202334941,S3-415338817	S3-415338817	S2-202334941
S1-851608619	US	Montent Staked	15226 Chad Drive, Fl 1, Yelm, WA	S2-124721399,S2-125584359,S2-186102692,S2-789941754,S3-211039019,S3-219913840,S3-466686517	S3-211039019,S3-466686517	S2-124721399,S2-125584359,S2-186102692,S2-789941754,S3-219913840
S1-851824566	US	153 Commerce Place Holdings	MN, 2635 Arthur Street, Minneapolis	S3-769915435,S3-930462771	S3-769915435	S3-930462771
S1-852525273	US	I M Mosley Safety	1987 17, Rockland, NY	S2-697956141,S3-513761927,S3-894708978		S3-513761927,S3-894708978
S1-853277704	US	Gulf Coalition	NC, Charlotte, 8021 Woodscape Drive, Unit A	S2-217297091,S2-418955444,S2-674162921,S3-126733716,S3-349890795,S3-927578970,S3-99918224	S3-927578970	S2-217297091,S2-418955444,S2-674162921,S3-126733716,S3-349890795,S3-99918224
S1-853678792	India	Shiv Healthcare Pvt Ltd	Plot No.27, Vidyaniketan Colony, Aurangabad, Maharashtra	S2-210482564,S2-808180327,S2-812345082,S3-676942655,S3-918001410,S3-991665210,S3-993714513	S3-991665210	S2-210482564,S2-808180327,S2-812345082,S3-676942655,S3-918001410,S3-993714513
S1-854697106	US	Briggs Capital Company	2370 Concord Avenue, Santa Clara City, UT	S2-559047804,S3-448246847,S3-675765994	S2-559047804	S3-448246847,S3-675765994
S1-854820420	US	Young Veterinary Clinic	2038 Bridle Lane, Roanoke County, VA	S2-216870205,S2-806217575,S2-866876050,S3-238168912,S3-816606427,S3-875490713	S2-216870205,S2-806217575,S3-238168912	S2-866876050,S3-816606427,S3-875490713
S1-855022196	India	International Business Private Limited	No.20/23, B.V.Nagar, 11Th Street, Alandhur, Saidapet, Kanchipuram, Tamil Nadu	S2-145798361,S3-343321188		S2-145798361,S3-343321188
S1-855048531	US	Porter's Horizon Financial	3700 5th Street, Unit APT D5, Rock Island, IL	S2-44495120,S2-985581200,S3-590076149	S2-985581200	S2-44495120,S3-590076149
S1-85509142	US	Little Short Corp	1330 Waukegan Road, Bldg ROMANCHEK D, Lake Forest, IL	S2-995884816,S3-890729390	S2-995884816	S3-890729390
S1-85590955	US	Direct Innovative Alphabet	21307 Prestwick Court, Crest Hill, IL	S2-79629689,S3-162210456,S3-855456156	S2-79629689	S3-162210456,S3-855456156
S1-856683566	India	Vijay Agro Private Limited	2-Floorvaishnodevitrinity, 12 Cross Rd, Kenchenahali, Bangalore South, Bangalore, Karnataka	S2-131748411,S2-43991195,S2-701892329,S2-891426326,S3-183757457,S3-400355973		S2-131748411,S2-43991195,S2-701892329,S2-891426326,S3-400355973
S1-856751965	India	Shanti Estate Limited	Shead No 7Sidco Industrial Estate Mulumitchampatty Po, Coimbatore, Tamil Nadu	S2-36198927,S3-67916983,S3-793616297,S3-899561221	S3-67916983,S3-793616297,S3-899561221	S2-36198927
S1-856845753	India	Jay Constructions Private Limited	House No-117, Block-C, Double Storey, Ramesh Nagar, Delhi, New Delhi, Delhi	S2-227147996,S2-388589472,S2-660785897,S3-347966178,S3-393995965	S2-388589472	S2-227147996,S2-660785897,S3-347966178,S3-393995965
S1-856976813	India	Whispering Industries Limited	Plot No-225, Flat No. 501, Siddharth Green Apartment, Varanasi, Uttar Pradesh	S2-610997892,S2-655306846,S3-398400385,S3-742322056,S3-920801736	S3-398400385,S3-742322056	S2-610997892,S2-655306846,S3-920801736
S1-858201117	India	JX International Limited	E-54, Sector-3, Noida, Gautam Buddha Nagar, Uttar Pradesh	S2-514636647,S2-897842807,S3-235393993		S2-514636647,S2-897842807,S3-235393993
S1-859810152	India	Shiv Power Private Limited	C/O Mohammad Faisal Shaikh Mehmood, Near Nice Baikery, Firdos Colony, Akola, Maharashtra	S2-362039416,S2-602168976,S3-150884301,S3-400712418,S3-77124465	S2-362039416,S3-150884301,S3-77124465	S2-602168976,S3-400712418
S1-860170444	US	Ramos Interstate Indigo	955 Pittview Avenue, Fl 1, Central Point, OR	S2-61739177,S3-583827291,S3-758433271,S3-785497825,S3-864585243	S2-61739177	S3-583827291,S3-758433271,S3-864585243
S1-860315197	India	Modern Super Energy	6Thflr, Plt Noc18/19/20/21, Lotus Neel Kamal Business Park, Dalia, Andheri W, Mumbai, Mumbai City, Maharashtra	S2-415763758,S2-742498920,S2-983313639,S3-300668661		S2-415763758,S2-742498920,S2-983313639,S3-300668661
S1-860385420	India	Green Hospitality Private Limited	No.1, Ganga Nivas, Vallalar Nagar Vadavalli, Coimbatore, Tamil Nadu	S2-416023483,S3-674571415		S2-416023483,S3-674571415
S1-860416602	India	Sarthak Services	Plot No. 275A, Flat No.4, Mla Colony Road No.12, Banjara Hills, Hyderabad, Telangana	S3-120295464,S3-995110683	S3-995110683	
S1-860815483	US	Bryant Municipals LLC	302 College Street, Decherd, TN	S2-921384880,S3-140987,S3-28805874,S3-968814237	S2-921384880	S3-140987,S3-968814237
S1-860889297	US	Laverne Becker Regional Era LLC	1739 Belt Street, Baltimore, MD	S2-552615127,S3-242556835,S3-963016115	S2-552615127,S3-242556835	S3-963016115
S1-861079548	US	National Cascade Mustang	2534 Heritage Drive, Helena, MT	S2-207527470,S2-939941909,S2-966824222,S3-401458481,S3-435731840		S2-207527470,S2-939941909,S2-966824222,S3-401458481,S3-435731840
S1-861352758	US	Happy Deli	2617 Oak Hill Drive, Missouri City, TX	S2-351460417,S3-92447612	S2-351460417,S2-967957954,S3-684322055,S3-92447612	
S1-861514709	US	Chavez Blueport LLC	200 Vista Lake Drive, Unit 203, Candler, NC	S2-173880508,S2-76800209,S3-101987261,S3-26669179,S3-453950170	S2-173880508	S2-76800209,S3-101987261,S3-26669179,S3-453950170
S1-862132974	India	Bio Clinic Ltd	Sno 3/2/29 Pno 2 Samarth Apts Malegaon, Malegaon, Nashik, Maharashtra	S2-773993339,S2-809932536,S3-718075629		S2-773993339,S2-809932536,S3-718075629
S1-862581228	US	Genevra's Liberty Bakery Inc	VA, 527 Virginia Avenue, Elkton Town	S2-31571304,S3-248712488,S3-758890647	S3-248712488	S2-31571304,S3-758890647
S1-863015939	US	AQ Interactive PLLC	99 Ascension Drive, Unit F114, Asheville, NC	S2-221535571,S2-406455407,S2-829064003	S2-221535571,S2-829064003	S2-406455407
S1-863481736	India	Emerald Resource Private Limited	29/3 B T Road, Kolkata, Howrah, West Bengal	S2-579754932,S3-197040183,S3-260752768,S3-603992739	S3-260752768	S2-579754932,S3-603992739
S1-863907992	US	Sequoia Electronics	9107 Kevin Kraig Road, Fairfax County, VA	S2-304629868,S2-654926426,S2-935802703,S3-103681153,S3-475902058	S3-475902058	S2-304629868,S2-654926426,S2-935802703,S3-103681153
S1-86432139	India	Ranga Reddy District Chits Corp	Pno: 169/Sp Silicon Hills Township Kondapur Village, Ranga Reddy District, Ghatkesar Mandal, Telangana, Rangareddy	S2-106981230,S2-164893154,S3-484537439,S3-640216398	S3-640216398	S2-106981230,S2-164893154,S3-484537439
S1-864342250	India	Naugarh Marine Private Limited	Agrawal Hospital Uska Road, Naugarh, Siddharth Nagar, Uttar Pradesh	S2-898672352,S3-749493253		S2-898672352,S3-749493253
S1-865155648	India	Global Finance Limited	6, Mallikarjun Temple, Yankanchi, Gulbarga, Karnataka	S2-243509495,S2-54281386,S3-186287024		S2-243509495,S2-54281386,S3-186287024
S1-866477962	India	Riddhi (india) Limited	A/37 Bank Colony Krishna Nagar Gole Ka Mandir, Gwalior, Madhya Pradesh	S2-628177939,S3-506431325,S3-56531412,S3-674845203,S3-676705959	S3-676705959	S2-628177939,S3-506431325,S3-56531412,S3-674845203
S1-866579602	US	Womens Health Partners Inc	115 Skyview Terrace, Leander, TX	S2-693436123,S3-818392723,S3-96737642,S3-97789287	S3-818392723	S2-693436123,S3-96737642,S3-97789287
S1-867371874	India	Shivam Business Pvt Ltd	Old No.71 New No.12Iii Main Road Kasturba Nagar, Adyar Chennai-20, Chennai, Tamil Nadu	S2-26271138,S2-361110772,S3-182063999,S3-354598377		S2-26271138,S2-361110772,S3-182063999,S3-354598377
S1-867545267	US	710 Sixth Ave Apartments	20619 Atlanta Road, Bridgeville, DE	S2-637564157,S2-839379533,S3-31884383,S3-362191772,S3-50597942,S3-686480112,S3-716266196	S3-31884383,S3-716266196	S2-637564157,S2-839379533,S3-362191772,S3-50597942,S3-686480112
S1-867669231	US	Cooperative Design Ventures Clinic	48347 Fairpoint-maynard Road, Saint Clairsville, OH	S2-735186682,S3-397054938,S3-480825866,S3-570754265,S3-908540444	S2-735186682	S3-397054938,S3-480825866,S3-570754265,S3-908540444
S1-868686602	India	High Supreme International Limited	Ag-1 89A Dda Flatsvikas Purui, New Delhi, West Delhi, Delhi	S2-640444086,S3-21053945,S3-452500599,S3-578917426		S3-21053945,S3-452500599,S3-578917426
S1-869578050	US	Allied Data	400 Congress Street, Unit UNIT 7763, Portland, ME	S2-545508748,S2-555725963,S2-868175324	S2-545508748	S2-555725963,S2-868175324
S1-870041797	India	Vinayak Hotels Pvt Ltd	C-56A First Floor Kalkaji, Near Aggarwal Sweet, New Delhi, South Delhi, Delhi	S2-698850882,S3-40782240		S2-698850882,S3-40782240
S1-870556032	US	Ede Costa Trusted Tidewater LLC	15459 Ellie Court, Unit A, Yelm, WA	S2-608317309,S3-910648464		S2-608317309,S3-910648464
S1-870591939	India	Star Global Producer Private Limited	P No.128, Shiv Nagar, Pandesara, Surat City, Surat, Gujarat	S3-183182720,S3-506858566,S3-787047587		S3-183182720,S3-506858566,S3-787047587
S1-872287262	US	Peak Oak LLC	2713 Patrick Avenue, Maryville, TN	S2-13705703,S2-990589580,S3-66503505	S2-13705703	S2-990589580,S3-66503505
S1-872311447	US	Tuthill Management, LLC	Unit UNIT 49, TX, San Benito, 2800 Turner Street	S2-102670318,S2-697414125,S3-735710524	S2-102670318	S2-697414125,S3-735710524
S1-87250758	US	Chiquia Vera Star Farmers	9955 Cypress Way, Laurel, MD	S2-142977480,S2-638273810,S2-657674845,S2-957410742,S3-677437604,S3-681308034,S3-993925580	S2-142977480,S2-638273810,S2-657674845,S2-957410742,S3-681308034	S3-677437604,S3-993925580
S1-873097708	US	Global Realty Consultants, Inc	5344 Christian Drive, Wilmington, NC	S2-312489794,S2-558073126,S3-214118603	S3-214118603	S2-312489794,S2-558073126
S1-873101742	US	Velva Capital LLC	730 Charles Street, Baltimore, MD	S2-353482921,S2-490462121,S2-916589960,S3-17273591	S3-17273591	S2-353482921
S1-873450343	US	Chiropractic Clinic	770 Weppler Road, Lowell, OH	S2-749995531,S3-25814025,S3-44313448,S3-629342639		S2-749995531,S3-25814025,S3-44313448,S3-629342639
S1-87416997	US	Continental International Inc	Rushville, IN, 616 Arthur Street	S2-617809285,S2-694227882	S2-694227882	S2-617809285
S1-875078784	US	Querida's Pharmaceuticals	3021 Roberts Drive, Moab, UT	S2-906054602,S3-114104430	S2-906054602	S3-114104430
S1-876189803	US	Wildlife Fellowship	1602 Cimarron Drive, Peoria, IL	S2-178962556,S2-440204674,S2-95819177,S2-964924633,S3-853362621	S2-440204674,S2-95819177,S2-964924633,S3-799084647	S2-178962556,S3-853362621
S1-877151605	India	HS Perfume Limited	No. 8/327Q, Niramarathur Po, Tirur, Malappuram, Malapuram, Kerala	S2-959686309,S3-146419308,S3-727307345,S3-951631342	S3-951631342	S3-146419308,S3-727307345
S1-878028213	India	Royal Estate LLP	No.21, Old No.406, 41 St Cross Road 5Th Block, Jayanagar, Bangalore, Karnataka	S2-715658887,S3-418563669,S3-614192373,S3-91454364		S2-715658887,S3-418563669,S3-91454364
S1-878212686	US	Veterans Council	5 A Amato Drive, South Windsor, CT	S2-258998537,S2-263252351,S2-352839034,S3-841159509	S2-263252351,S2-352839034,S3-841159509	S2-258998537
S1-878338340	US	Ace Transit Union Inc	775 Grove Street, Sheldon, IL	S2-243577934,S2-885865429,S2-982215204,S3-171234750,S3-31084190,S3-478102699	S2-982215204	S2-243577934,S2-885865429,S3-171234750,S3-478102699
S1-878489591	US	National Defense Global Inc	1730 Adams Avenue, Ogden City, UT	S2-440660062,S2-586201036,S3-553899832		S2-440660062,S2-586201036,S3-553899832
S1-878601213	US	Arts League LLC	7038 Keeler Avenue, IL, Lincolnwood	S2-101143949,S2-175637864,S2-326087951,S3-423504911	S2-101143949,S3-423504911	S2-175637864,S2-326087951
S1-879179859	India	Royal Enterprises Private Limited	#16/5, 2Nd Main, Lakshman Nagar, Near Mariya Sadan School, Hegganhalli, Vishwaneedam Post, Bangalore, Karnataka	S2-129316866,S2-408324240,S2-877500725,S3-798675852,S3-897550319		S2-129316866,S2-408324240,S2-877500725,S3-897550319
S1-879378587	India	Aethon Welfare Society	262 My Nestwadala, Maharashtra, Mumbai	S2-49694290,S2-73350675		S2-49694290,S2-73350675
S1-88048595	US	Pahl Dynamix Inc.	2909 40th Street, Tacoma, WA	S2-595125596,S3-161900537,S3-48383024,S3-876945258	S3-876945258	S2-595125596,S3-161900537,S3-48383024
S1-880848988	US	Dobrowolski Apex Diagnostics	1228 Madeira Street, Indianapolis, IN	S2-766290873,S3-68699691		S2-766290873,S3-68699691
S1-882497613	US	Ridgeline Generation Inc	509 Sandtrap Circle, Painesville Township, OH	S2-463998318,S3-207916417,S3-446761398,S3-795399469	S3-446761398	S3-207916417,S3-795399469
S1-882603025	US	Birge Rogers Partners	1159 Beason Road, Byrdstown, TN	S2-780969069,S2-887098827,S3-13005893		S2-780969069,S2-887098827,S3-13005893
S1-88308944	US	ANQ Logistics Inc	714 1st Street, Devils Lake, ND	S2-474702559,S3-32813385,S3-470892388,S3-962906852	S3-32813385	S2-474702559,S3-470892388,S3-962906852
S1-883180140	US	United Seneca	5722 Old Orchard Point, NY, Livonia	S2-195406534,S2-402612853,S3-815216706,S3-823265275,S3-91719642	S3-815216706	S2-195406534,S2-402612853,S3-823265275,S3-91719642
S1-883453658	US	Lor Lease	1617 40th Street, Sacramento, CA	S2-136431626,S2-449956648,S2-742212508,S2-776699402,S3-476238684,S3-671872646,S3-968510106	S3-476238684,S3-968510106	S2-449956648,S2-742212508,S2-776699402,S3-671872646
S1-883496752	US	Continental Capital End	1752 Endurance Road, Marshall, AR	S2-957937103,S3-330579424,S3-407243674		S2-957937103,S3-330579424,S3-407243674
S1-884725538	US	Operating Engineers Union Local No 679	120 Sherwood Drive, San Marcos, TX	S2-743662650		S2-743662650
S1-88523803	India	Dynamic Business Private Limited	P.N. - 118, Hari Marg, Civil Lines, Jaipur, Rajasthan	S2-937596442,S3-452549946,S3-715576100,S3-728028707	S3-464543214	S2-937596442,S3-452549946,S3-715576100,S3-728028707
S1-885287542	US	Harrington Preferred Citigroup Center	15 Fair Street, Wellsville, NY	S2-252488990,S2-47863238,S2-643274052,S3-210453322,S3-805242611	S2-252488990,S2-47863238,S2-643274052	S3-210453322,S3-805242611
S1-885835848	India	Trv Marketing Pvt Ltd	30, Basement, National Park, New Delhi, South Delhi, Delhi	S2-158121674,S2-645971074		S2-158121674,S2-645971074
S1-886398733	India	Kingston Trading LLP	Bunglow No 3 Sagar Park, Lane 3 Hotel Vadgaonsheri, Pune City, Pune, Maharashtra	S2-485087456,S2-495839426,S3-184657631,S3-825251068		S2-485087456,S2-495839426,S3-184657631,S3-825251068
S1-886691490	US	Corner Grill! Inc	1017 12th Street, Huntington, WV	S3-194077858	S3-961753327	S3-194077858
S1-887329419	US	V & T Resorts, LLC	5605 Southlea Street, Houston, TX	S2-908017293,S3-883811227,S3-940845830	S3-940845830	S2-908017293,S3-883811227
S1-887764272	India	Jeenmata Chemicals (India) Private Limited	No.667-1 2849-1 1229-1, 1St Floor, Azad Road, Tirthahalli, Shimoga, Karnataka	S2-183029053,S2-318299194,S2-413355862,S2-914653351,S3-747810636		S2-183029053,S2-318299194,S2-413355862,S2-914653351,S3-747810636
S1-887896210	US	White Silverbox	4317 Canal Road, Otis Orchards, WA	S2-429520255,S2-745342403,S2-905910668	S2-429520255	S2-745342403,S2-905910668
S1-888193307	India	Kirti Polytechnic	Tadepalli, D.No: 12-455/3/1A, Andhra Pradesh, Ground Floor Opp: Aravinda School, Krishna Nagar, Guntur	S2-853415116,S2-94656669,S3-242606358,S3-31491374		S2-853415116,S2-94656669,S3-242606358,S3-31491374
S1-888214734	India	AZN Management Private Limited	Kharwal Colony Basii, Jaipur, Rajasthan	S2-733538355,S3-138179961,S3-586559990,S3-677131991,S3-914556090	S2-733538355,S3-677131991	S3-138179961,S3-586559990,S3-914556090
S1-888388636	India	Golden Dream Industries LLP	501 Building A Gulmohor Apartments, Gawand Baug, Village Majiwade, Pokhran Road 2, Thane(W), Mumbai, Mumbai City, Maharashtra	S3-53720659,S3-953665823		S3-53720659,S3-953665823
S1-889319729	US	Emiline Padilla, D.D.S., P.C.	4112 Alpine Clover Drive, Wake Forest, NC	S2-167110371,S3-556334401,S3-672910109,S3-851337126	S3-851337126	S2-167110371,S3-556334401,S3-672910109
S1-889675096	US	Peon LLC	Franklin, 4815 Old Murphy Road, NC	S2-520992100		
S1-890038541	India	Sterling Holdings Ltd	Ff-17/18, Shyamal Arcade, Nr. Bright School, Vasna Bhayli Road, Vadodara, Gujarat	S2-1836216,S2-77673029,S3-415549640,S3-765409476	S3-415549640	S2-1836216,S2-77673029,S3-765409476
S1-891146463	US	Chiropractic Partners	81-04 151 Avenue, Howard Beach, NY	S2-31150152,S2-423419419,S2-71044183,S2-766178452,S3-642916817,S3-695172862	S2-150737726,S2-234973334,S2-31150152,S2-423419419,S2-456507420,S2-71044183,S3-642916817,S3-695172862	S2-766178452
S1-89130562	US	First Best	7437 Summit Street, Kansas City, MO	S3-159785959,S3-177075335		S3-159785959,S3-177075335
S1-891933413	US	Cesaus Jones	41 Midway Drive, Unit 104, Sugar Grove, WV	S2-149603495,S2-970045892,S2-99699695,S3-658463643,S3-734619279	S2-970045892	S2-149603495,S3-658463643,S3-734619279
S1-892351178	US	38/91 Wen	1814 Clemson Drive, Richardson, TX	S2-601058841,S2-690741361,S2-941769699,S3-724029334,S3-810958860	S2-601058841,S2-690741361,S3-810958860	S2-941769699
S1-893769226	US	Conely Custom Smith LLC	12128 20th Street, Town Of Howard, WI	S2-52157085,S2-830227730,S2-854034668,S3-220997660,S3-724837731,S3-893492019,S3-908870007,S3-933396644	S3-908870007	S2-52157085,S2-830227730,S3-220997660,S3-893492019,S3-933396644
S1-8944250	US	Leman, Devine and Hill Storage Inc	373 Olive Street, Newport, OR	S2-640681756,S2-732062978,S3-129758827	S2-640681756,S2-732062978	S3-129758827
S1-894657840	US	Optex Innovative Mercury	1144 Sidney Creek Drive, Zebulon, NC	S2-258631511,S2-631350345,S2-649638986,S2-772275019,S3-356972722,S3-575615054,S3-596197249	S2-631350345	S2-258631511,S2-649638986,S2-772275019,S3-356972722,S3-575615054,S3-596197249
S1-894711465	US	Interstate Trust	1183 Hancock Street, Unit 2, Quincy, MA	S3-763346050,S3-777450612		S3-763346050,S3-777450612
S1-894749727	US	Prairie Cambridge Inc.	Bridgeport, 303 Pembroke Street, CT	S2-396262351,S2-762706418,S3-354612144,S3-716440569	S2-762706418	S2-396262351,S3-354612144,S3-716440569
S1-894782158	India	Royal Agri Private Limited	1789 Ground Floor Aravali, Sector-49 Faridabad, Faridabad, Haryana	S3-812142908,S3-95305883		S3-812142908,S3-95305883
S1-896386438	India	Delhi India LLP	E45 2Nd Floor, Masjid Moth, Greater Kailash 3, Delhi, New Delhi, Delhi	S2-801024689,S3-429165571	S2-745010862	S2-801024689,S3-429165571
S1-896884154	US	Twisted Yoga LLC	4502 Cypress Park Drive, AL, Mobile	S2-851634495,S3-572960678,S3-980586329	S3-572960678	S2-851634495,S3-980586329
S1-897096061	India	Simple Experiences Pvt Ltd	203, Raikar Bhavan, Sector 17, Vashi, Vashi, Mumbai City, Maharashtra	S2-917158305,S3-729213257		S2-917158305,S3-729213257
S1-897375937	India	HUR Agro Pvt. Ltd.	Molanachak, Sherghati, Amas, Gaya, Gaya, Bihar	S2-32999464,S2-567589911,S3-293429675,S3-630793095,S3-894831302	S3-630793095	S2-32999464,S2-567589911,S3-293429675
S1-898098559	India	Solutions Indo Consultants Pvt Ltd	156/1-A, B.T. Road, 4Th Floor, Kolkata, Howrah, West Bengal	S2-102282191,S2-142841445,S3-359389427,S3-522948265		S2-102282191,S2-142841445,S3-359389427,S3-522948265
S1-898635936	India	Vijay Public School	No.48/13, 3Rd Floor.40Th Cross, 3Rd Main Road, 8Th Block, Bangalore South, Bangalore, Karnataka	S2-682998055,S3-721506873		S2-682998055,S3-721506873
S1-898952125	India	Bluebell International School	Suite 531, Ernakulam, Kochi, Second Floor, No 4/461 Valamkottil Towers, Judgemukku, Kakkanad, Kerala	S2-708514878,S2-914033138,S2-973742518,S3-287585129,S3-94562107	S2-708514878	S2-914033138,S2-973742518,S3-287585129,S3-94562107
S1-8996828	US	Supreme Keystone Hennessy L.L.C.	10313 Shale Avenue, Cleveland, OH	S2-616570479,S2-797693112,S2-933456853,S3-761136282,S3-894230378	S2-797693112,S2-933456853,S3-761136282	S2-616570479,S3-894230378
S1-900248879	US	Juarez Etf	121 Karen Lane, Moreau, NY	S2-212241237,S2-224254504,S3-146819958	S2-212241237,S2-224254504	S3-146819958
S1-90040130	US	City Of Muskego Community Select Federation	City Of Muskego, WI, W136S6928 Hale Park Drive	S2-798735483,S3-41043121,S3-463959849,S3-787346993		S2-798735483,S3-41043121,S3-463959849,S3-787346993
S1-900795319	US	Juhl Oxford Corp	1 Meadow Lane, North Andover, MA	S2-704208691,S3-42576265		S2-704208691,S3-42576265
S1-90154619	US	Breen's Federal Partners	2134 Tr 122, Millersburg, OH	S2-889974725,S3-369712272,S3-415697500,S3-573583968	S2-889974725,S3-573583968	S3-369712272,S3-415697500
S1-901744062	India	Jai Swastik Builders LLP	Office No. 317, 3Rd Floor, Raheja Chamber, Free Press Journal Marg, Narima, N Point, Mumbai, Maharashtra	S2-313275670,S2-769969672,S3-392618617,S3-702876209,S3-984849443		S2-313275670,S2-769969672,S3-702876209
S1-90190306	India	Ace Bharat Exports	H No 543 544 Wanigalli Yawal ., Yawal, Jalgaon, Maharashtra	S2-965594435,S3-579990563,S3-948306007,S3-970104047		S2-965594435,S3-579990563,S3-948306007,S3-970104047
S1-902313297	US	Merry's Select Marketing	98 Eastbourne Court, Brookhaven, NY	S2-418256734		S2-418256734
S1-902822216	India	Haripriya Land LLP	G 11, Nandpuri, Swej Farm, Jaipur, Rajasthan	S2-617927298,S2-702627574,S2-870471473,S2-926631606,S3-119426588,S3-209681779,S3-292807415	S2-702627574,S2-870471473,S2-926631606	S2-617927298,S3-119426588,S3-209681779,S3-292807415
S1-903086308	US	Studio 34 Seafood	265 Gilbert Road, Unit 2071, Mesa, AZ	S2-218733724,S2-400151978,S2-779282716,S2-868607901,S3-142935819,S3-501832129,S3-759063526,S3-854828108		S2-218733724,S2-400151978,S2-779282716,S2-868607901,S3-142935819,S3-501832129,S3-759063526,S3-854828108
S1-903350699	US	Sterling Patriot Tinto	122 Broadway, Esopus, NY	S2-812311593,S2-892534455,S3-243088961,S3-39144252,S3-974978483		S2-812311593,S2-892534455,S3-243088961,S3-39144252,S3-974978483
S1-903455372	US	Ziis Interests	1055 High Street, Unit Apartment 403, Eugene, OR	S2-139095929,S2-413666610,S2-546328932,S3-309448185,S3-321315059,S3-483041836		S2-139095929,S2-413666610,S2-546328932,S3-309448185,S3-321315059,S3-483041836
S1-904006471	India	Ss Industries Private Limited	Hosakote, Bangalore Rural, Slv Central Park Apartment, Behind Safal Market, Banapura Main Road, Bidare Agrahara, Flat No B-201, Karnataka	S2-107553221,S2-783935322,S3-113346412		S2-783935322,S3-113346412
S1-905792485	US	Cornerstone Centurion Company	16 Ridon Drive, Hockessin, DE	S2-162161336,S2-975175675,S3-125636243	S2-975175675	S2-162161336,S3-125636243
S1-906177086	US	4332 Fourth Ave Apartments LLC	IN, 11989 Princewood Drive, Fishers	S2-250304589,S3-130613424,S3-421316093	S3-130613424	S2-250304589,S3-421316093
S1-906273951	US	Gisele Mcshane Renaissancere LP	3054 Budde Road, Franklinville, NY	S3-479167320		S3-479167320
S1-906489675	US	Colonial League Inc	2541 Mechanicsville Turnpike, Henrico County, VA	S2-575883479,S3-726247540		S2-575883479,S3-726247540
S1-90685997	US	Happy Book Store	551 Eisenhower Street, City Of Mondovi, WI	S2-28678003,S2-333762092,S2-602638205,S3-723101119	S2-28678003,S2-333762092,S2-602638205,S3-494471335	S3-723101119
S1-906900017	India	White Food Private Limited	B-72-73 First Floor Vishwakarma Colony, New Delhi, South Delhi, Delhi	S2-217527483,S2-598835740,S2-825904485,S3-912544670		S2-217527483,S2-825904485,S3-912544670
S1-909518556	India	Highline & Co	Jaseela Manzil Thekkilferry, Chengala, Kasaragod, Kasargod, Kerala	S2-446149031,S3-268590155,S3-278518762,S3-341979576,S3-74335933		S2-446149031,S3-268590155,S3-278518762,S3-341979576,S3-74335933
S1-91001440	US	Value Republic LLC	19 Hudson Avenue, Stony Point, NY	S2-571418349,S3-809456213		S2-571418349
S1-91004990	US	Clyent Bain, Inc.	321 Horton Parkway, Chapel Hill, TN	S3-63644382		S3-63644382
S1-910537322	India	Swarnalaxmi Trading Partners	Flat No-112 Rajbagh Colony, Sahibabad, Ghaziabad, Uttar Pradesh	S2-200872831,S2-984194791,S3-553296724		S2-200872831,S2-984194791,S3-553296724
S1-911041828	US	Buchanan Diamond Myers	6391 Paddock Road, Cincinnati, OH	S2-597909321,S2-761344616,S2-835838959,S3-213799585,S3-813264974	S2-835838959	S2-597909321,S2-761344616,S3-213799585,S3-813264974
S1-911133716	US	Candace's Bakery	AL, Fairhope, 16168 Laurelbrooke Loop	S2-478683013,S2-834530743,S3-979222630	S2-478683013,S2-834530743	S3-979222630
S1-911703102	India	Mist Laboratories Ltd	Wa-50 Sec-135, Noida, Gautam Buddha Nagar, Uttar Pradesh	S2-103081109,S3-203216304,S3-451689711		S2-103081109,S3-203216304,S3-451689711
S1-912563198	US	Highland Foundation IV Inc	500 Chestnut Street, Unit B, Jeffersonville, IN	S2-115396501,S2-632770616,S3-83528924	S2-115396501,S3-83528924	S2-632770616
S1-912889371	US	Environmental Committee	2535 Greenleaf Avenue, Wilmette, IL	S2-225523139		S2-225523139
S1-913446825	India	Supreme Marketing Limited	Shop No. 32, 2Nd Floor, City Mall, Near Adarsh Collage, Hansi Gate, Bhiwani, Haryana	S2-813257021		S2-813257021
S1-913565635	India	Green Ventures Private Limited	Sehi Kalan Teh.Khetri, Surajgarh Bypass, Chirawa, Jhujhunu, Rajasthan	S2-116791062,S2-420794364,S2-713191968,S3-547319288	S2-420794364	S2-116791062,S2-713191968,S3-547319288
S1-913582839	US	Speakman's Trading PLLC	Brooklyn, NY, 61 A Summit Street	S2-648402843,S3-294933737,S3-939539356		S2-648402843,S3-294933737,S3-939539356
S1-915712650	US	Auryn Catalyst LLC	929 Sprague Avenue, Spokane, WA	S2-23044141,S2-614844843,S3-888261755,S3-974751179		S2-23044141,S2-614844843,S3-888261755,S3-974751179
S1-916009685	US	Salyer Trusted Retail LLC	88 171st Avenue, Fl 1, Beaverton, OR	S2-259129385,S3-349730620		S2-259129385,S3-349730620
S1-916509907	US	U/F Acres LLC	North Little Rock, AR, Unit Apt G206, 2600 John Ashley Drive	S2-716458355,S2-763843931,S3-147722949,S3-398187016,S3-815596634,S3-86505847		S2-716458355,S2-763843931,S3-147722949,S3-398187016,S3-815596634,S3-86505847
S1-91728150	US	Bordeaux & Charles LLC	AZ, 5935 Crestwood Way, Glendale	S2-26035275,S3-987334733		S2-26035275,S3-987334733
S1-91758266	US	Heart Fellowship LLC	2851 Capistrano Road, Tucson, AZ	S2-121985920,S2-160831785,S3-863515378,S3-87327856	S2-121985920,S3-87327856	S2-160831785,S3-863515378
S1-91787942	US	Dooley & Harris Inc.	12728 Ocean Gateway, Unit 110, Ocean City, MD	S2-651553097,S2-977431242,S3-10755956,S3-184045380,S3-264299137,S3-970272419	S2-651553097	S2-977431242,S3-10755956,S3-184045380,S3-264299137,S3-970272419
S1-917993810	India	Amenity Services Private Limited	Plot No. 27, No.6D, Mahalakshmi Nagar, 2Nd Main Road, Adambakkam, Saidapet, Kanchipuram, Tamil Nadu	S2-218083809,S2-267025025,S3-277102383		S2-218083809,S2-267025025,S3-277102383
S1-919021088	US	Davis and Mcanulty Street	111 York Street, South Houston, TX	S2-871421372,S3-56960945	S3-56960945	S2-871421372
S1-919695992	India	Vadodara Investments Private Limited	B-12 Pushpak Society Gidc Kalali Road, Vadsar, Vadodara, Gujarat	S2-570452060,S2-84651473,S3-146644468,S3-824935960	S2-570452060,S2-84651473,S2-907236318,S3-824935960	S3-146644468
S1-92009037	US	ZK Value Flex, Inc	TX, 12208 Montana Springs Drive, Marble Falls	S2-171989368,S2-606676512,S2-711995161,S3-53829668		S2-171989368,S2-606676512,S2-711995161,S3-53829668
S1-920286083	India	Jai Food Private Limited	Gf-001, Mauryansh Elanza, Shyamal Cross Rd, Nr. Parekh Hospital, Satelite, Ahmadabad City, Ahmedabad, Gujarat	S3-713928820,S3-910962376		S3-713928820,S3-910962376
S1-920666578	India	Winning & Sons Private Limited	Building No.29/2418, C, C1, C2, C.K Tower, Kavu Stop, Thondayad Bye Pass, Chevayur Vi, Llage, Kozhikode, Kerala	S2-958734605,S3-443888677,S3-490320542	S2-958734605,S3-490320542	S3-443888677
S1-921009693	India	RUS India Ltd	A-2 304 Gangotribangur Nagar Goregaon West, Mumbai, Maharashtra	S2-887973972,S3-815533558	S2-887973972	S3-815533558
S1-92110305	India	Sky Dream Consultancy Private Limited	16A, Sri Venkatachalapathy, Dharkast, Thirumudivakkam, Kanchipuram, Tamil Nadu	S2-124883267,S3-19846759,S3-882207823	S3-19846759	S2-124883267,S3-882207823
S1-921215695	US	Urgent Care Unified Health LLC	2300 Kestrel Lane, City Of Waukesha, WI	S2-110855953,S2-33711455,S2-443924959,S3-348942177,S3-735287360		S2-110855953,S2-33711455,S2-443924959,S3-735287360
S1-921352468	US	Tiphanie Hill, D.C., PC	743 Maple Avenue, Abington Township, PA	S2-286603362,S2-401359951,S3-563477535,S3-666035654		S2-286603362,S2-401359951,S3-563477535,S3-666035654
S1-922958141	India	Bharat Marketing Pvt Ltd	Maharashtra, Pune City, Pune, Sno72/2A/1, Handewadi Road, Runwal Seagull	S2-606141225,S2-894859035,S3-869831739		S2-606141225,S2-894859035,S3-869831739
S1-923441898	US	Arias Third of Laurel Springs LLC	4961 Big Peak Creek Road, Laurel Springs, NC	S3-119535628,S3-779693693,S3-794700912		S3-119535628,S3-779693693,S3-794700912
S1-925529994	US	Curran School of Medicine	Houston, TX, 8530 Morley Street	S2-120242596,S3-139052627,S3-69788677,S3-707113130		S2-120242596,S3-139052627,S3-69788677,S3-707113130
S1-92554529	India	Shah Agroscience Private Limited	Malapuram, Ymc Building, Tanalur K.Puram-Po, Malappuram, Malappuram, Kerala, No.13/877	S2-606178941,S3-194701008,S3-246844607		S2-606178941,S3-194701008
S1-925613822	US	Desert Fellowship VI LLC	2306 Staples Road, Mobile, AL	S2-595947616,S2-681990678,S2-859529669,S2-989340028,S3-38419409,S3-64970603	S2-595947616,S2-681990678,S2-859529669,S2-989340028	S3-38419409,S3-64970603
S1-925959155	US	Housing League Care	814 Grace Drive, Los Banos, CA	S2-782754228,S2-799032816,S3-549908971,S3-865780953	S3-549908971	S2-782754228,S2-799032816,S3-865780953
S1-926161293	US	Robenia Cowling Neighborhood LLC	8500 Southern Avenue, Unit 557, Mesa, AZ	S2-222954109,S3-324813542,S3-503028631,S3-769211390	S2-222954109,S3-324813542	S3-503028631,S3-769211390
S1-926186217	US	Cultural League	575 Natchez Drive, Raeford, NC	S3-15313460,S3-381658539	S2-668641757,S2-83725552,S3-41809729,S3-429405728	S3-15313460,S3-381658539
S1-927066513	India	IZ Solutions Private Limited	55, Third Floor Western, Marg Lane-2, Saidulajab, New Delhi, South West Delhi, Delhi	S2-596110281,S2-868691514,S3-1642061,S3-464802815,S3-964895710	S2-596110281,S3-464802815	S2-868691514,S3-1642061,S3-964895710
S1-927180470	US	Denise Obrien Signature Hancock, LLC	108 Seth Lane, WV, Barboursville	S2-621528267,S2-876663079,S3-108181975,S3-169403998	S3-108181975	S2-621528267,S2-876663079,S3-169403998
S1-92759811	US	Mayen and Ambrose	104 Main Street, AR, Norman	S2-987972624,S3-384790726,S3-919599870	S3-384790726,S3-919599870	S2-987972624
S1-927942947	US	R/P Krakacquisition Inc	14 Kerwin Avenue, Mattapoisett, MA	S2-530134895,S3-226642273,S3-605922521,S3-995590983		S2-530134895,S3-226642273,S3-605922521,S3-995590983
S1-928077667	US	Everest Audio Installation	8178 Sweetwater Drive, Nineveh, IN	S2-980264535,S3-384799122	S2-980264535	S3-384799122
S1-930262238	US	Stratton, Holland and Price	2575 Peachtree Road, Unit 20C, Atlanta, GA	S2-364290413,S3-12758796,S3-851181184	S3-12758796	S2-364290413,S3-851181184
S1-931720255	US	Summit Estate, Inc	NC, Currituck, 263 Currituck Road	S2-857850101,S3-231825458,S3-494781263,S3-623072912		S2-857850101,S3-231825458,S3-494781263,S3-623072912
S1-931875585	India	Pls Computing Private Limited	C/O : Sri Pulak Jha, Ag-17 Salt Lake, Sector-Ii, Kolkata, Kolkata, Howrah, West Bengal	S2-42828312,S2-660143309,S3-557070598	S2-42828312	S2-660143309,S3-557070598
S1-931999653	US	Halcara Series LLC	6906 Waggoner Place, TX, Dallas	S2-873893565,S3-672905904	S2-873893565	S3-672905904
S1-932310953	India	Kritin Tulsi Pvt. Ltd.	C/O Gadiwan Tola Bharatganj Ward No 5, Prayagraj, Allahabad, Uttar Pradesh	S2-57508006,S2-91144584,S3-288773411,S3-845251461	S2-57508006,S2-91144584,S3-845251461	S3-288773411
S1-932354221	US	Foot & Ankle Clinic	Willowick, OH, 371 305 Street	S2-772284288,S2-781075980,S2-786468993,S3-110111040,S3-58091831,S3-606547012		S2-772284288,S2-781075980,S3-110111040,S3-58091831,S3-606547012
S1-932862236	US	Sullivan Battery LLC	4100 William Turner Parkway, Unit 3401, Nashville, TN	S2-814538704,S3-25421822,S3-669730220	S3-669730220	S2-814538704
S1-932988217	US	Ford, Neal & Smith Inc	1355 High Street, Unit 613, Columbus, OH	S2-118411303,S2-877789898,S3-147072122,S3-601292133,S3-667532751		S2-118411303,S2-877789898,S3-147072122,S3-601292133,S3-667532751
S1-933055300	US	WR Chiron LLC	88 Belmont Drive, Bristol, TN	S2-595659489,S2-8540686		S2-595659489,S2-8540686
S1-934004643	US	Prairie Fellowship	24821 Joseph Road, Hockley, TX	S2-421506298,S2-833301758,S2-95793711,S3-293513578,S3-378780643,S3-820452851,S3-870038868	S2-95793711,S3-293513578	S2-421506298,S2-833301758,S3-378780643,S3-820452851,S3-870038868
S1-934217334	India	Adiraj Educare LLP	10 No. Uttarpanchannogram P.O. Panchannogram, Word No. 108, Kolkata, Kolkata, Howrah, West Bengal	S2-987394169,S3-312950901		S2-987394169,S3-312950901
S1-935248492	US	Foot & Ankle Partners Inc.	1713 Florida Street, Baton Rouge City, LA	S2-83554928,S2-954191874,S3-195154977,S3-739531386	S2-715074798,S3-496935983,S3-739531386,S3-990293446	S2-83554928,S2-954191874,S3-195154977
S1-936292775	US	Patriot Veterinary Clinic	129 Walnut Hill Road, Orange, MA	S2-281598825,S2-580377314,S3-702486991,S3-75366540	S2-580377314,S3-75366540	S2-281598825,S3-702486991
S1-936492261	US	Rapid Payroll Advisors, LLC	1824 Patricia Lane, MT, Billings	S2-23195057,S3-315240460,S3-757690573,S3-856576801	S3-856576801	S2-23195057,S3-315240460,S3-757690573
S1-936640585	India	JJ Producer Private Limited	At Bhadli, Tq Ghansawangi, Maharashtra, 48, Ghansawangi, Jalna	S2-440679629,S2-897576749,S3-777205296,S3-812327068,S3-977839867		S2-440679629,S2-897576749,S3-777205296,S3-812327068,S3-977839867
S1-936701027	US	Tea	1420 Broad Street Road, Goochland County, VA	S2-173653355,S2-41455642,S2-785044002,S3-128432609,S3-690228335	S2-270851037,S2-41455642,S2-785044002,S3-128432609	S2-173653355,S3-690228335
S1-937141978	India	Jay Impex Pvt Ltd	H/Okiran Devi, W/O-Maharana Pratap Singh Shiv Panna Plaza, Kalyani Colony, Beur, Patna, Bihar	S2-509635053,S3-51024637	S3-51024637	S2-509635053
S1-937318856	India	Shakti Properties	38-A, Kh.No. 15/3(4-5) & 15/8 Pp-67 Qutub Vihar, Ph-I, B-Block, Najafgarh, New Delhi, South West Delhi, Delhi	S2-23342231,S2-847033327,S3-166407469,S3-807209528	S2-847033327	S2-23342231,S3-166407469,S3-807209528
S1-938055214	India	Trans Technologies Limited	Altitude The Business Park, 2 O.C. Ganguly Sarani 10Th And 11Th Floor P.O. L..R. Sarani P.S. Bhawanipore, Kolkata, Kolkata, Howrah, West Bengal	S2-340994643,S2-39833107,S2-420706725,S2-548351490,S2-819904532,S3-269605124,S3-771972266,S3-777294536	S2-340994643,S3-771972266	S2-39833107,S2-420706725,S2-548351490,S2-819904532,S3-269605124,S3-777294536
S1-938278515	India	Vision Builders Private Limited	Jaipur, C-Fourth-14, Jaipur, Rajasthan, R Tech Capital Galleria	S2-561446646,S3-549629809		S2-561446646,S3-549629809
S1-938348343	US	Orthopedic Beacon Center	1139 J E Gentry Road, Laurel Springs, NC	S2-187947061,S3-902233372		S2-187947061,S3-902233372
S1-93931613	US	Synsoft	168 Kanawha Avenue, Columbus, OH	S2-165071975,S2-32776206,S3-721779785,S3-999738678	S2-32776206,S3-999738678	S2-165071975,S3-721779785
S1-939374216	US	Modern Nippon LLC	4235 Maray Drive, Rockford, IL	S2-867504598,S2-954503953,S3-598132849,S3-902574552		S2-867504598,S2-954503953,S3-598132849,S3-902574552
S1-939426234	India	Maya Press Co	Gujarat, Ahmedabad, 2, Ahmadabad City, Mahalaxmi Intercity, Kathwada Road Nava Naroda	S2-315996812,S2-630717673,S3-535991745,S3-741396627		S2-315996812,S2-630717673,S3-535991745,S3-741396627
S1-939707036	India	Systems Ss Shares Pvt Ltd	C 603 Grand Omaxe Sector 93B, Noida, Gautam Buddha Nagar, Uttar Pradesh	S3-567089023,S3-633534901,S3-709065513	S3-633534901	S3-567089023,S3-709065513
S1-941434013	US	Ember PLLC	4864 Sunnyside Road, Salem, OR	S2-565064372,S2-743020817,S3-315203537,S3-511324256	S2-565064372	S2-743020817,S3-315203537,S3-511324256
S1-941734931	US	Henderson Premier Bleichroeder	28 Glenoe Road, Brookline, MA	S2-409133545,S2-89914409,S3-460736404,S3-676984780,S3-751583318,S3-999468742	S3-460736404	S2-409133545,S2-89914409,S3-676984780,S3-751583318,S3-999468742
S1-942814489	US	Sommerfeld, Mitchell and Mast Encore	228 Lightfoot Drive, Cherokee, AL	S2-130800319,S2-143840755,S2-873764397,S3-437737403,S3-689361459,S3-844386150	S2-130800319,S3-437737403	S2-873764397,S3-689361459,S3-844386150
S1-942858360	India	Sona Marketing (India) Private Limited	No. 151, 2Nd Cross, Gurupanapalya, Btm Layout 1St Phase, Bangalore, Karnataka	S2-246142915,S2-493544673,S2-660657356	S2-493544673,S2-660657356	S2-246142915
S1-942977882	US	Orthopedic Midwest Physicians, Inc	7333 Rustlers Drive, Kingman, AZ	S2-197419968,S3-215371370	S2-197419968	S3-215371370
S1-943143314	India	Future Tech Private Limited	H. No. 85, Tokare Village, Virar Patha, Virar, Thane, Maharashtra	S2-251759131,S2-644832722,S2-959091978,S3-599224059,S3-957976687	S2-959091978	S2-251759131,S2-644832722,S3-599224059,S3-957976687
S1-94325768	US	Liberty Research LLC	2649 Westinghouse Drive, Belleville, IL	S3-235854032,S3-56337291	S3-235854032	S3-56337291
S1-94340334	US	D/S Mercator of Acton	6426 Buena Vista Drive, Acton, TX	S2-435025764,S2-494442562,S2-840828856,S3-102248314	S2-435025764,S2-487110742	S2-494442562,S2-840828856,S3-102248314
S1-943923378	US	Lopez Charter School	9255 Grace Ridge Drive, Willis, TX	S2-113725868		S2-113725868
S1-944868719	US	Commission on Finance P.C.	79 Squire Lane, Halfmoon, NY	S2-580462999,S3-701621279	S2-580462999	S3-701621279
S1-945207965	US	Black & Pierson Hotel	2604 W Market St, Louisville, KY	S2-332280506,S2-820048628,S2-839752829,S3-241602472,S3-265768515,S3-382990727,S3-608505833	S2-332280506,S2-820048628,S3-241602472	S2-839752829,S3-265768515,S3-382990727,S3-608505833
S1-945274535	US	Manhattan Community Fellowship Associates	4440 Tuttle Creek Boulevard, Unit 220, Manhattan, KS	S2-332030225,S2-481175023,S2-639021203,S3-176577903,S3-339857837,S3-715333501	S2-332030225,S3-339857837	S2-481175023,S2-639021203,S3-176577903,S3-715333501
S1-945314948	India	Maa Anand Systems Private Limited	Survey No.142/1, Bavla-Sanand Road, At-Lodarial, Bavla, Ahmedabad, Gujarat	S2-369930498,S2-523706900,S2-704870765,S2-923811941,S3-194763202,S3-31439737,S3-588536849,S3-741592834,S3-864902564		S2-369930498,S2-523706900,S2-704870765,S3-194763202,S3-31439737,S3-588536849,S3-864902564
S1-945907101	India	Linkrose Energy Private Limited	G-10-D Laxmi Wollen Millcompound Shakti Mill Lane Opp Dr E Mose Road Mahalakshmi, Mumbai, Maharashtra	S2-142716157,S2-177274344		S2-142716157,S2-177274344
S1-945929172	India	Supreme It LLP	A-479 Pocket A, Sarita Vihar, New Delhi, South Delhi, Delhi	S2-263792017,S3-817407037		S2-263792017,S3-817407037
S1-947099616	India	Hotel Shree Exports Private Limited	7379, Sagtara, Northan Branch, Chunabhatti, Shrirampur, Shrirampur, Ahmednagar, Maharashtra	S2-13042093,S2-354605214,S2-53890623,S3-848796116		S2-13042093,S2-354605214,S2-53890623,S3-848796116
S1-94754888	US	Averil E. Golden, D.O.	1514 Church Street, Unit 102B, Charlotte, NC	S2-217767377,S2-604408318,S2-953323296,S2-962242589,S3-123008483,S3-57689342	S3-123008483	S2-604408318,S2-953323296,S2-962242589,S3-57689342
S1-947654031	US	National Property Innovations Inc.	200 Towsontown Court, Unit APARTMENT 509, Towson, MD	S2-408148126,S2-447784463,S2-525142076,S3-115231983,S3-530877069	S2-408148126,S3-115231983	S2-447784463,S2-525142076,S3-530877069
S1-947735294	US	Commission on Health	3981 County Road 22900, Paris, TX	S2-177091218,S2-396950785,S3-353856230	S2-177091218,S2-396950785	S3-353856230
S1-947864986	India	Active & Brothers Private Limited	Near Railway Crossing, Bihar, Darbhanga, C/O Parameshvar Yadav Allalpatti, Darbhanga	S2-387354188,S2-918323641,S3-53506833,S3-657613474		S2-387354188,S2-918323641,S3-53506833,S3-657613474
S1-947931211	India	New Delhi Kiosk Private Limited	B-13, Kiran Garden Matiala Road, Uttam Nagar, New Delhi, South West Delhi, Delhi	S2-517655265,S2-619698088,S3-421755361,S3-863363914		S2-517655265,S2-619698088,S3-421755361,S3-863363914
S1-948261976	US	Metropolitan Project	19691 Indian Hills Drive, Black Canyon City, AZ	S2-183848962,S2-481373495,S2-910875799,S3-947322558	S2-183848962,S3-498022423,S3-919526662,S3-947322558	S2-481373495,S2-910875799
S1-949468212	India	YRW Finance Private Limited	Telangana, Ameerpet, 2Flr, Chandrakala, B.S.P Cly, 13-1-231.Flat No 201, Hyderabad	S2-127669635		S2-127669635
S1-949580685	US	First Wholesale Laboratories Inc	3405 Woodland Avenue, Unit Unit 36, West Des Moines, IA	S3-621767172,S3-786715374,S3-989417794		S3-621767172,S3-786715374,S3-989417794
S1-94968413	US	Harbor Metal Works LLC	331 Stacy Drive, Charleston, WV	S2-454010511,S2-47430434,S3-305346457,S3-342913256,S3-906619768	S3-906619768	S2-454010511,S2-47430434,S3-305346457,S3-342913256
S1-950492082	India	Blue Consultancy Private Limited	Thane, Flt No 401, Maharashtra, Star Manor, Cabin Road, Narmada Comlex	S2-167866149,S2-320250189,S2-333868211,S3-682606218		S2-167866149,S2-320250189,S2-333868211
S1-950785629	US	Eye Gulf Partners	47 Lake Flats Drive, Champlain, NY	S2-169779015,S2-35981071,S2-378772209,S2-463698870,S3-499924815	S2-35981071	S2-169779015,S2-378772209,S2-463698870,S3-499924815
S1-952550097	US	Allied Auto Clinic	275 234 Street, Bronx, NY	S2-784278755,S3-585521870,S3-910731832		S2-784278755,S3-585521870,S3-910731832
S1-953399723	US	Cheslie Moguel Creative Robinhood P.C.	TN, 119 Fritts Lane, Harriman	S2-263608498,S2-315405589,S2-781688440,S3-119898623	S2-781688440	S2-263608498,S2-315405589,S3-119898623
S1-953551168	India	Shree Academy Pvt Ltd	S.No. 14/14, Sollanaa 16 No. Bus Stop, Thergaon, Pune, Maharashtra	S2-664244238,S2-784053566,S3-526567545,S3-693124653,S3-708478346	S2-664244238,S2-784053566,S3-526567545,S3-693124653	
S1-953570258	US	Cohen & Haddad Associates	10005 Isabelle Court, Saint Ann, MO	S2-977629929,S3-322994574,S3-775940163		S2-977629929,S3-322994574,S3-775940163
S1-953926727	US	YX Starling Inc	5439 126, Florence, OR	S2-110273819,S2-718614821,S3-107122163,S3-86716726	S2-110273819	S2-718614821,S3-107122163,S3-86716726
S1-953951659	India	Global Infrastructure Limited	Rajkot, Metoda, Gujarat, Plot No. 2832, Jyoti Cnc Opp, Taluka- Lodhika, District- Rajkot	S2-458095432,S2-745635228,S2-954888570,S3-92744039		S2-458095432,S2-745635228,S2-954888570,S3-92744039
S1-954021555	India	Amrit Pharma (India) Private Limited	186 M.N.Saha Road, Nr Sarma Hardware, Jamuria, Bardhaman, West Bengal	S2-581433231,S2-741828757,S3-520547837		S2-581433231,S2-741828757,S3-520547837
S1-955049239	US	Creative Solana LP	1439 101, Lincoln City, OR	S2-221306746,S3-745929754,S3-900992473	S2-221306746	S3-745929754,S3-900992473
S1-95519015	India	Sky Projects Private Limited	Maharashtra, Bhiwandi, Thane, 2173, Flat 101, 1St Floor, A Wing, Mishkat Apartment	S2-563025544		S2-563025544
S1-955422220	US	Gonzalez Royal Manufacturing LLC	1058 Sheldon Avenue, Staten Island, NY	S2-443413277,S2-605742961,S2-814177871,S3-111248920,S3-21627533,S3-510068722	S2-605742961	S2-443413277,S2-814177871,S3-111248920,S3-510068722
S1-956176130	India	Prime Investments Public Limited	Shop No C-8, Plot No 7&8 Block C, New Delhi, West Delhi, Delhi	S3-20515036,S3-426363173		S3-20515036,S3-426363173
S1-958078317	US	Eye Physicians LLC	8714 Laurel Road, London, KY	S2-496585046,S3-615313545	S2-847482918,S3-615313545	S2-496585046
S1-958187798	India	Balaji Estate LLP	Karnataka, Chinmaya Mission Hospital Indira Nagar, No.736, Bangalore	S2-907594697,S3-514459070		S2-907594697,S3-514459070
S1-958310085	US	V L Goldman Auto	4216 Bertha Street, Indianapolis, IN	S2-756803493,S3-716197571,S3-844036656,S3-978061087	S2-756803493,S3-716197571	S3-844036656,S3-978061087
S1-958791636	India	Urban Ventures Private Limited	401, Akruti Centre Point, 4Th Floor, Midc Central Road, Andheri (East), Mumbai, Mumbai City, Maharashtra	S2-539489947,S2-811771849,S3-248689374,S3-51560637		S2-539489947,S2-811771849,S3-248689374,S3-51560637
S1-959094971	US	Anissa Keeler Guaranty	Seattle, WA, 9039 49th Avenue	S2-225198857,S2-749688784,S3-395538117,S3-903732697		S2-225198857,S2-749688784,S3-395538117,S3-903732697
S1-959122499	US	Saunders's Bakery	5017 Platinum Drive, Clay, NY	S2-520619787,S2-849832756,S3-351757424,S3-925324306		S2-520619787,S2-849832756,S3-925324306
S1-959292376	US	Diamond Interstate Skin Care LLC	17401 El Tiro Road, Marana, AZ	S2-437315153,S2-835066135,S2-877070160,S3-712907616	S2-835066135,S2-877070160	S2-437315153,S3-712907616
S1-959329936	US	Choice Printing Advisors LLC	3 Oasis Drive, Edwardsville, IL	S2-173010937,S2-894998998,S3-412843863	S2-173010937	S2-894998998,S3-412843863
S1-959806696	US	Select Textile Enterprises LLC	619 Sixth Street, Eagle Lake, TX	S2-973025473,S3-679653348,S3-803837715	S3-803837715	S2-973025473,S3-679653348
S1-959980797	US	First Infrastructure Collective	483 St Jiles Drive, Clayton, NC	S2-251062706,S3-181800467,S3-481103123,S3-818157733	S3-481103123	S2-251062706,S3-181800467,S3-818157733
S1-960431506	US	Upper Education LLC	8415 Bellona Lane, Unit APARTMENT 410, MD, Towson	S2-153931198,S2-819606650,S3-506506735		S2-153931198,S2-819606650,S3-506506735
S1-960762207	US	Clear Pacific Focus, LLC	43 Freeland Street, Worcester, MA	S3-542530582		S3-542530582
S1-961393731	India	Gurugram Solution Private Limited	T 1216, 12Th Floor, Jmd Megapolis Sector 48, Sohna Road, Gurugram, Gurgaon, Haryana	S2-160517634,S3-219469650,S3-725046295,S3-990784736	S2-160517634	S3-219469650,S3-725046295
S1-961642114	US	Great Consultants	ME, Carthage, 108 Grover Bridge Road	S2-120074825,S2-557467281,S3-779207754,S3-910765753	S2-557467281	S2-120074825,S3-779207754,S3-910765753
S1-961856399	US	Dynamic Enclave Care	6039 Gelding Drive, Glendale, AZ	S2-259053059,S2-407877476,S2-71463591,S2-966683889,S3-127336745,S3-576379895	S2-966683889,S3-127336745,S3-576379895	S2-259053059,S2-407877476,S2-71463591
S1-961890574	India	Yan Wave Private Limited	Plot No. 4, Mullai Street, Kumaran Nagar, Padi, Chennai, Tamil Nadu	S2-437615402,S3-201709448,S3-815857766	S2-437615402	S3-201709448,S3-815857766
S1-962092244	India	Jay Properties Private Limited	H.No. 94, Jhateekra, Delhi, South West Delhi, Delhi	S2-199990082,S3-331720909,S3-999251022		S3-331720909,S3-999251022
S1-962279686	US	Maid Bakery	OH, Sylvania, 6960 Clare Court	S2-103419159,S2-417574023,S2-563393759,S3-136034312,S3-438431612	S2-103419159,S2-417574023,S2-563393759	S3-136034312,S3-438431612
S1-962527643	US	Citadel Cargo	221 Chestnut Street, Beloit, KS	S2-514406773,S2-884720796,S2-991292946,S3-140056162,S3-724136115,S3-770853690,S3-916147765	S2-514406773,S2-884720796,S2-991292946,S3-140056162,S3-724136115,S3-916147765	S3-770853690
S1-962625583	US	Caldeus Quasaredge Partners	803 County Line Road, Babylon, NY	S2-259345350,S2-282138517,S2-283176593,S3-869688451		S2-259345350,S2-282138517,S2-283176593,S3-869688451
S1-962678895	US	Bab Owens Runway PLLC	3427 Rainbow Parkway, Rainbow City, AL	S3-200066373,S3-216549301,S3-292413409		S3-200066373,S3-216549301,S3-292413409
S1-96279246	US	Digital Research Partners Group	610 2nd Street, Ida Grove, IA	S2-257647785,S2-78520242,S2-811637682,S3-54500125,S3-60624994,S3-938489222	S3-54500125,S3-938489222	S2-257647785,S2-78520242,S2-811637682,S3-60624994
S1-962829401	US	Pediatric Dentistry Associates of Copperas Cove	2102 Gadwall Drive, Copperas Cove, TX	S2-204562967,S2-643346783,S2-680027049,S2-916470350,S3-338921628,S3-967587849		S2-204562967,S2-643346783,S2-916470350,S3-338921628,S3-967587849
S1-962879624	India	Lotus Builders Private Limited	Plot No. 57 & 58, Delhi, Kh No.64/13/1 & 64/14 Mitraon Ext. G/F, Pole No.V999 Near Bharat Petrol Pump Delhi, New Delhi, South West Delhi	S2-328087610,S2-74728846		S2-328087610,S2-74728846
S1-963047037	India	Swastik Ventures	16, Ananda Colony, Near Velocity B/H Malviya Petrol Pump, Indore, Madhya Pradesh	S2-550538084,S2-878597853,S3-436517438,S3-437420594,S3-59964122	S2-550538084,S2-878597853	S3-437420594,S3-59964122
S1-963554860	US	Sterling Alternative	9701 Blansfield Way, Elk Grove, CA	S2-568902801,S2-922026586,S3-684617976	S2-568902801,S2-922026586	S3-684617976
S1-964712979	India	Mumbai Solutions Ltd	Indira Sahakar Nagar No 3, Behind Mamta Hotel Nahur Road, Mulund West, Mumbai, Mumbai City, Maharashtra	S2-816063025,S2-944647855,S3-27596885,S3-615127264	S2-816063025,S2-851460897,S2-944647855,S3-27596885,S3-444768424	S3-615127264
S1-965368374	US	Hernandez Cascade Wireless LLC	908 Lincoln Drive, Washington Court House, OH	S2-499839856,S2-512185685,S3-840723059,S3-849849901	S3-849849901	S2-499839856,S2-512185685,S3-840723059
S1-965554719	India	Ajitnath Advanced	Plot No.29-L-5Shivaji Nagar Govandi, Mumbai, Maharashtra	S2-514345060,S3-122409274,S3-192438801	S2-514345060,S3-122409274	S3-192438801
S1-965577089	India	Moat & Partners Pvt Ltd	Gx.14, Varun Nagar Kolar Road, Bhopal, Madhya Pradesh	S2-559892090,S2-997730209,S3-193329394,S3-853764023,S3-856141525	S2-559892090,S2-997730209,S3-193329394	S3-853764023,S3-856141525
S1-966020613	India	Lotus Industries Pvt Ltd	Sco 138 4Th Floor Feroze Gandhi Market, Ludhiana, Punjab	S2-548556837,S2-73481187,S2-79154840,S3-231245133,S3-343693993,S3-699944747		S2-548556837,S2-73481187,S2-79154840,S3-231245133,S3-343693993,S3-699944747
S1-966282150	India	Ram Properties Pvt Ltd	Kerala, Kannur, Room No 18/102/L, Ulikkal P O, Taliparamba	S2-433768535,S2-556934956,S3-6975963,S3-832191617		S2-433768535,S2-556934956,S3-6975963,S3-832191617
S1-966330835	US	114 First Drive Properties, LP	6995 490, French Lick, IN	S2-268988661,S2-583420535,S2-780713053,S3-136272653,S3-185975964,S3-220912868,S3-286984458	S2-583420535,S3-220912868	S2-268988661,S2-780713053,S3-136272653,S3-185975964,S3-286984458
S1-967096645	India	Chandrora Farmer Pvt. Ltd.	No.210/38Skanda, Karnataka, 3Rdfloor, 3Rdblockdrmallegowdaroad, 50Thcross, Rajajina, Gar, Bangalore	S3-319992207		S3-319992207
S1-967533345	US	Atlantic Beacon Wellness Group	2271 Magnolia Lane, Village Of Ashwaubenon, WI	S2-229788657,S2-262265080,S2-537590276,S2-660319209,S3-154198437,S3-521027113	S2-229788657,S2-262265080	S2-537590276,S2-660319209,S3-154198437,S3-521027113
S1-967759715	US	Economic Development Center	7230 Trask River Road, Tillamook, OR		S2-851610592,S3-554766931	
S1-967934840	US	Lynn Market of Ona	Ona, 208 Iroquois Trail, WV	S2-257560290,S2-318313630,S3-307160972,S3-386618163,S3-78252593	S3-386618163	S2-257560290,S2-318313630,S3-307160972,S3-78252593
S1-968214979	US	Carlynne Kim Frequency	18 Barber Avenue, Unit Apartment A, NY, Greenwich	S2-579942240,S3-231439614,S3-438398747,S3-909870090		S2-579942240,S3-231439614,S3-438398747,S3-909870090
S1-968610651	India	Sme & Sons Pvt Ltd	582/31 Satyalok Colony Badali Khera, Lucknow, Uttar Pradesh	S2-535116748,S2-857996100,S3-194168514,S3-247716387,S3-30398915		S2-535116748,S2-857996100,S3-194168514,S3-247716387,S3-30398915
S1-968781157	India	International Seema Constructions Private Limited	Pune City, Pune, S.No.21/25, Ganeesham-Ii, Flatg/603, Pimple Saudagar, Maharashtra	S2-279285267,S2-407978430,S3-811945924		S2-279285267,S2-407978430,S3-811945924
S1-968960314	India	North West Delhi Real Private Limited	B-55 3Rd Floor Antriksh, Apartment Rohini Sec-14, North West Delhi, Delhi	S2-586108666,S2-708931507,S3-215405623,S3-642864449,S3-670841228	S3-670841228	S2-586108666,S2-708931507,S3-215405623,S3-642864449
S1-969804967	US	Bush, Pippen & Rios LLC	3895 Verdemar, Tucson, AZ	S2-286929761,S2-975214834,S3-128601159,S3-388828379,S3-438450285,S3-953716582		S2-286929761,S2-975214834,S3-128601159,S3-388828379,S3-438450285,S3-953716582
S1-969888828	US	UY Generating LLC	4640 National Road, Springfield, OH	S3-480590532,S3-938106410	S3-938106410	S3-480590532
S1-970051809	India	Digital Baba Global Private Limited	A-25, Faridabad, Haryana, Dabua Colony, Nit Faridabad	S3-766374024,S3-839065075,S3-908162078,S3-972760486		S3-766374024,S3-839065075,S3-908162078,S3-972760486
S1-970079756	US	Quix Origin LLC	89 Home Avenue, Martinsville, IN	S2-595381965,S3-766587890	S3-766587890	S2-595381965
S1-97022461	India	Atam Refrigeration LLP	169, Sector-7, Imt Manesar, Gurgaon, Haryana	S2-342257735,S2-714699264,S3-296017214,S3-581115008,S3-792601992,S3-985644127	S3-792601992,S3-985644127	S2-342257735,S2-714699264,S3-296017214,S3-581115008
S1-970832887	US	Meyers Crane Co	629 Ruby Lane, Cleburne, TX	S2-594609408,S2-721101083,S2-747481248	S2-747481248	S2-594609408,S2-721101083
S1-971040	India	Bombay Power Private Limited	W/O Bala Krishna Padhy, Saliabandha Str Berhampur, Berhampur, Ganjam, Orissa	S2-364486171,S3-318729471,S3-392821528,S3-613835953,S3-764844570,S3-853549021	S3-764844570	S3-318729471,S3-392821528,S3-613835953
S1-971442811	India	Standard & Co Ltd	No.4, Industrial Area, Chamlapure, Nanjangod, Chamlapure, Nanjangod, Nanjangud, Mysore, Karnataka	S2-204876557,S3-450413698,S3-874691973		S2-204876557,S3-450413698,S3-874691973
S1-971527930	US	Lyron Nuclear LLC	404 Mckay Avenue, Alexandria, MN	S2-890358529,S3-301867984,S3-881751597,S3-977356817	S3-301867984,S3-881751597	S3-977356817
S1-971558273	US	Rea Caruso Hennessy	1017 Koehn Drive, Danville, IL	S2-177173249,S3-499469296,S3-534607887	S2-177173249	S3-499469296,S3-534607887
S1-97205290	US	Fionnula's Prairie Audio Installation LLC	62 Hannah Lane, Fallsburg, NY	S3-32016789,S3-404346576,S3-557705054,S3-581596554	S3-581596554	S3-32016789,S3-404346576,S3-557705054
S1-972689671	US	Kwok Innovative Old LLC	Eagan, MN, 924 Jefferson Lane	S2-118686505,S3-208214806,S3-218989564,S3-227131966,S3-536066670		S2-118686505,S3-208214806,S3-218989564,S3-227131966,S3-536066670
S1-97315681	India	Ea (India) Infrastructure Private Limited	No. 3239, 1St Floor, 12Th Main, Hal 2Nd Stage, Indiranagar, Bangalore, Bangalore, Karnataka	S2-326035899,S3-322171246,S3-327491330	S2-326035899	S3-322171246,S3-327491330
S1-973633369	India	Silver Logistics Limited	Awfis-Rcity-Building Adjoining R City Mall Building No 1 Wing B, R City Offices Unit 3, 4, 5, 6 10Th Floor Lbs Marg, Mumbai, Maharashtra	S2-220957306,S2-226986357,S2-595969593,S3-214306529,S3-653057340	S2-226986357	S2-220957306,S2-595969593,S3-214306529,S3-653057340
S1-973748076	US	Edge, Jackson and Tyson LP	7900 Cpt Woodrow Call Trail, Amarillo, TX	S2-482722305,S2-610919268,S2-728786851,S3-956988237	S2-728786851	S2-482722305,S2-610919268,S3-956988237
S1-973963362	US	Caswell Bay Teucrium	219 Chantry Avenue, Perkins, OK	S2-258960608,S3-585224079,S3-955928276	S2-258960608	S3-585224079,S3-955928276
S1-974534689	US	Gray, Morales & Roman	5308 Rosa Avenue, City Of El Paso, TX	S2-345785767,S3-600307915,S3-806594602,S3-812693655	S3-600307915,S3-812693655	S2-345785767,S3-806594602
S1-974867605	US	Collins Global Tech Inc	4194 Evans Chapel Road, Unit 2, Sevierville, TN	S2-94829241,S3-194088138	S2-94829241	S3-194088138
S1-975492270	India	Shridhar Builders Ltd	42-777/1/5-204 Moula Ali, Hyderabad, Medak, Telangana	S2-149332544,S3-521846498,S3-535818233	S2-149332544,S3-521846498	S3-535818233
S1-976443003	US	Hebert Amplify P.C.	18 Rodriguez Avenue, Charlotte, TX	S2-173886582,S2-517740090	S2-517740090	S2-173886582
S1-977246589	US	YL Source LLC	450 Harrison Avenue, Unit 410B, Boston, MA	S2-195215349,S2-324803656,S2-522751371,S2-684340165,S3-21796132,S3-225500856,S3-619592436,S3-752219839,S3-935816101	S2-324803656,S3-225500856,S3-619592436,S3-752219839	S2-195215349,S2-522751371,S2-684340165,S3-21796132,S3-935816101
S1-978102452	US	Crystal Bay Vernal Inc	426 3457, Hawkins, TX	S2-224394915,S2-55650893,S2-686134157,S3-272395615,S3-631416115	S2-224394915,S2-686134157,S3-272395615	S2-55650893,S3-631416115
S1-978134782	US	Miles Unified Invest Inc	10 Eton Drive, Bethlehem, NY	S2-486700385,S2-624976757,S2-882378012,S3-650158785		S2-486700385,S2-624976757,S2-882378012,S3-650158785
S1-978439072	US	Physical Therapy Safe Specialists LLC	3941 County Road 360, Eucha, OK	S2-593263065,S2-812350913,S3-806722996		S2-593263065,S2-812350913,S3-806722996
S1-978903040	US	South Coastal Asset LLC	1009 Blandina Street, Utica, NY	S2-153260778,S2-331332285,S2-525951115,S3-112305184,S3-116164255	S2-525951115,S2-54216837	S2-153260778,S2-331332285,S3-112305184,S3-116164255
S1-97893895	US	General Genomic Solutions LLC	1914 Farnsworth Lane, Unit # 205, Northbrook, IL	S2-110575891,S2-289744135,S2-516232367,S3-536711480		S2-289744135,S2-516232367,S3-536711480
S1-978958397	US	Woodall Vaneck Clinic	Unit APT 203, Chesterfield County, VA, 4901 Valley Crest Drive	S2-10287937,S2-339855818,S3-205815552		S2-10287937,S2-339855818,S3-205815552
S1-979230705	US	Diaz & Swan LLC	6502 Idlewild Road, Unit A, Charlotte, NC	S2-392895848,S2-638747038,S2-719769009	S2-638747038	S2-392895848,S2-719769009
S1-979810064	India	Urban Foods Private Limited	112/A, Mangalwar Peth, Tilakwadi, Belgaum, Belgaum, Karnataka	S2-512202063,S3-647799892		S2-512202063,S3-647799892
S1-980466873	India	Priceless Pigments Pvt Ltd	U.No. 105-106 P No 2 1St, Flr Blk-A-1 Shakti Nagar, Delhi, North West Delhi, Delhi	S3-320351369,S3-598906746		S3-320351369,S3-598906746
S1-981040085	India	Global Recruitment Private Limited	Office No.4, Floor-3, Plot-353/355, Mani Mahal, Mumbai, Maharashtra	S2-556509482,S3-116129818,S3-377965518,S3-515418997	S2-556509482	S3-116129818,S3-377965518,S3-515418997
S1-982454771	US	Hinkle, Rodgers and Villagomez LLC	3219 20th Road, Arlington County, VA	S2-215447120,S2-524842405	S2-524842405	S2-215447120
S1-982608965	US	Urias Chase Inc	139 Robin Hood Lane, Aberdeen, NC	S2-759482374,S2-971214784,S3-233692119,S3-913054084	S2-759482374	S2-971214784,S3-233692119
S1-982640287	US	Gerry Rockhill Foods	PA, 401 Washington Street, East Greenville Borough	S2-601571728,S3-322776559		S2-601571728,S3-322776559
S1-983034695	India	Sree Properties Private Limited	Bldg No. T9 Fl No 203, Raheja Vistas Ph Iv, Pune City, Pune, Maharashtra	S2-129698667,S2-957329309,S3-104630737,S3-209252946,S3-526949028,S3-819175628		S2-129698667,S2-957329309,S3-104630737,S3-209252946,S3-526949028,S3-819175628
S1-983265756	India	Avish Ispat Private Limited	B1/11, B1 Block Sector 57, Sushant Lok -3, Gurugram, Gurgaon, Haryana	S2-99620450,S3-479124940,S3-579029144		S3-479124940,S3-579029144
S1-983830903	US	Davis, Mchenry and Ortiz LLC	188 Foy Lockamy Road, Jacksonville, NC	S2-292820315,S2-533275275,S2-802644775,S3-11278924,S3-452284800	S2-292820315,S2-533275275	S2-802644775,S3-11278924,S3-452284800
S1-983934792	US	Keystone All, LLC	127 A State Road 110, El Rito, NM	S2-147702489,S2-177903520,S2-443095066,S3-667409047	S2-147702489,S2-177903520,S2-443095066	S3-667409047
S1-984291951	US	Alyce Wilcox, D.O.	90 White Oak Run, Westport, MA	S2-32059704,S3-519374467,S3-619467265,S3-806578469	S2-32059704	S3-519374467,S3-619467265,S3-806578469
S1-985225203	US	Temple Methodist Church P.C.	121 Twin Street, West Jefferson, OH	S2-793414529,S3-863199587	S2-793414529	S3-863199587
S1-985949991	India	Anilva Ready Private Limited	302, City Centre M.G.Road, Indore, Madhya Pradesh	S2-554749211,S2-891502421,S3-313068615,S3-462326607	S2-891502421	S2-554749211,S3-313068615,S3-462326607
S1-986793619	US	# 1 AN Renatus	739 8th Street, Washington, DC	S2-32224714,S2-568063288,S2-860764537,S2-998675915,S3-235024144	S2-860764537	S2-32224714,S2-998675915,S3-235024144
S1-987134582	US	Happy Bakery	6080 Hornbeck Lane, Anderson, CA	S2-167193088,S2-402306962,S2-875475881,S2-982489555,S3-90432118	S2-106999181,S2-402306962,S2-875475881	S2-982489555,S3-90432118
S1-987201979	US	Ek Ngl LLC	2610 Fatemeh Circle, Anchorage, AK	S2-874993271,S2-965468783,S3-689570017,S3-727646323	S3-689570017	S2-965468783,S3-727646323
S1-988009897	US	Chiropractic Health Holdings	4855 Vista Ridge Drive, Dublin, OH	S2-506925952,S3-540189103,S3-938281492	S2-506925952	S3-540189103,S3-938281492
S1-988053514	India	Perfect Technologies Pvt Ltd	Property No. 58-61, First Floor Vashisht Park, Pankha Road, Sagar Pur, New Delhi, West Delhi, Delhi	S3-575169211,S3-93000441,S3-972347675		S3-575169211,S3-93000441,S3-972347675
S1-988130874	India	Finance Dga Analytics Pvt Ltd	610/611, Shivai Plaza Premises Co Op Soc Ltd Marol Industrial Estate, Marol, Andheri, (E), Mumbai City, Maharashtra, Mumbai	S3-513342525,S3-888314961		S3-513342525,S3-888314961
S1-988277961	US	Bais	5192 Chapin Street, Dayton, OH	S2-27638462,S2-700333068	S2-141857131,S2-27638462,S2-700333068,S2-846014030	
S1-988578594	India	Perfect Investment LLP	Kanchipuram, Sf No: 333/3A, Madurantakam, Tamil Nadu, Gst Road, Ozhupakkam Village	S2-401658311,S2-73498672,S2-745396915,S3-69236307		S2-401658311,S2-73498672,S2-745396915,S3-69236307
S1-988877411	India	Indo Lakshmi Hospitality	No.4, Amruthavarshini, 8Thcross, I'A'Main, Iiiblock, Iiiphase, Bskiii, Bangalore, Karnataka	S2-260568813,S3-43548955,S3-814463823		S2-260568813,S3-43548955,S3-814463823
S1-989337293	India	Gold Management Private Limited	Gala Nos. 1-7, Gr. Floor, Sarita 'B', Prabhat Industrial Estate, W. E. Highway, Dahisa, R(E), Mumbai, Maharashtra	S2-423180835,S2-457150579,S3-526616965,S3-88620335	S3-88620335	S2-423180835,S2-457150579,S3-526616965
S1-99026330	India	Sree Promoters Private Limited	Barouni Refinery, Opp Ioc Lube Oil Depot, Harpur, Begusarai, Bihar	S2-360498855,S2-420380237,S2-48147599,S3-144541508,S3-241852338		S2-360498855,S2-420380237,S2-48147599,S3-144541508,S3-241852338
S1-990553788	US	Evangelina Collins Unified Chesapeake, LLC	6606 Fairbrook Park Lane, Spring, TX	S2-190239328,S2-312398519		S2-190239328,S2-312398519
S1-991713556	US	Vision Care Associates LP	1004 12th Avenue, Duluth, MN	S2-824395799,S3-45891213		S2-824395799,S3-45891213
S1-992556643	India	My Power Private Limited	A-98/3, Ground Floor, Okhla Indus. Area, Ph-Ii, New Delhi, South Delhi, Delhi	S2-32475957,S2-38168367,S3-181405909,S3-404800959,S3-530205473,S3-845122642	S3-404800959	S2-38168367,S3-181405909,S3-530205473,S3-845122642
S1-993007044	India	Delight Consulting Ltd	Plot No-393, Kh-226, Pandiapada, Reteng, Plot No-395/596, Bhubaneswar, Khordha, Orissa	S2-71806922,S2-842532969,S3-56297716,S3-780740598		S2-71806922,S2-842532969,S3-56297716,S3-780740598
S1-99319463	India	One Services Private Limited	Flat No. 203, S. No. 22/2, Sai Tej Apartment, Dhanori, Pune, Maharashtra	S2-905148879,S3-152734731,S3-327371398,S3-553294589		S3-152734731,S3-553294589
S1-993500953	India	Life Management Private Limited	Uttar Pradesh, Kanpur Nagar, H No H-1 2Nd Floor Hig Vivekanand Vihar Barra, Bara Chauraha	S2-603105623,S3-512339989		S2-603105623,S3-512339989
S1-993859	US	KS Apex Green	920 Tunnel Hill Road, Rogersville, TN	S2-152341423,S3-466817222		S2-152341423,S3-466817222
S1-993882676	India	Skylink Makers Pvt Ltd	Hyderabad, Kukatpally, Telangana, H No-5-3-29, Hyderabad	S2-90397728		S2-90397728
S1-994440609	India	Healthcare Reksha Energy Private Limited	16, Mumbai, Maharashtra, Floor 2Nd, Kanchwala Building, Dhanji Street, Zaveri Marg, Mumbadevi, Mandvi, Mumbai	S2-334998770,S2-570992253,S2-993590688,S3-726893735	S2-334998770	S2-570992253,S2-993590688,S3-726893735
S1-994828302	US	Anchor Media Collective LLC	505 Olive Street, Winston-salem, NC	S2-210659765,S2-722866767,S2-906376437	S2-385377992,S2-785165216	S2-210659765,S2-722866767,S2-906376437
S1-997007754	US	Cultural Guild	E11617 Pen-marc Court, WI, Town Of Baraboo	S2-671980098,S3-386447415,S3-671691149	S2-671980098,S3-671691149	S3-386447415
S1-997422203	India	Curious Technologies Pvt. Ltd.	A11 3Rd Fl Shreepal, Complex A M D Road, Thane, Maharashtra	S2-463040256,S2-54081956,S2-850510337,S3-452516762	S2-463040256,S2-54081956,S3-452516762	S2-850510337
S1-99762065	US	Summit Lab, Inc	Rotterdam, 1804 Wagner Street, NY	S2-54226351,S3-775989795,S3-875019293		S2-54226351,S3-775989795,S3-875019293
S1-997768295	India	Gujarat United Estate Private Limited	3 Shambhu Chatterjee Street1St Floor, Calcutta, Kolkata, West Bengal	S2-8231282,S2-988362321,S3-408290690,S3-677220638,S3-762563891	S2-988362321	S3-408290690,S3-677220638,S3-762563891
S1-99794798	US	Vision Group	2 Treadwell Circle, Poughkeepsie, NY	S2-277096578,S2-422147812,S3-178253970,S3-817034008		S2-277096578,S2-422147812,S3-178253970,S3-817034008
S1-998806805	US	Certified Chemical Concepts LLC	10018 Brandywood Circle, Tomball, TX	S2-419011677,S3-305476454,S3-376611561	S3-376611561	S2-419011677,S3-305476454
S1-999342779	US	Fina's Strategic Massage PLLC	MD, Abingdon, Unit B, 105 Waldon Road	S2-752286908,S3-487388068,S3-647293334		S2-752286908,S3-487388068,S3-647293334
